  0
SECTION
  2
HEADER
  9
$ANGBASE
  50
0.0
  9
$ANGDIR
  70
1
  9
$MEASUREMENT
  70
1
  0
ENDSEC
  0
SECTION
  2
TABLES
  0
TABLE
  2
LTYPE
  70
4
  0
LTYPE
  5
40F
  2
CONTINUOUS
  70
0
  3
Solid line
  72
65
  73
0
  40
0.0
  0
LTYPE
  5
410
  2
DASHDOT
 70
0
  3
Dash Dot ____ _ ____ _
 72
65
 73
4
 40
2.0
 49
1.25
 49
-0.25
 49
0.25
 49
-0.25
  0
LTYPE
  5
411
  2
DASHED
 70
0
  3
Dashed __ __ __ __ __
 72
65
 73
2
 40
0.75
 49
0.5
 49
-0.25
  0
LTYPE
  5
43B
  2
DOTTED
 70
0
  3
Dotted .  .  .  .
 72
65
 73
2
 40
0.2
 49
0.0
 49
-0.2
  0
ENDTAB
  0
TABLE
  2
STYLE
  70
4
  0
STYLE
  2
KICAD
  70
0
  40
0
  41
1
  42
1
  50
0
  71
0
  3
isocp.shx
  0
STYLE
  2
KICADB
  70
0
  40
0
  41
1
  42
1
  50
0
  71
0
  3
isocp.shx
  0
STYLE
  2
KICADI
  70
0
  40
0
  41
1
  42
1
  50
15
  71
0
  3
isocp.shx
  0
STYLE
  2
KICADBI
  70
0
  40
0
  41
1
  42
1
  50
15
  71
0
  3
isocp.shx
  0
ENDTAB
  0
TABLE
  2
LAYER
  70
1
  0
LAYER
  2
BLACK
  70
0
  62
7
  6
CONTINUOUS
  0
ENDTAB
  0
ENDSEC
  0
SECTION
  2
ENTITIES
0
LINE
8
BLACK
6
CONTINUOUS
10
49.3545879999999997
20
-183.5382559999999899
11
49.2117429999999985
21
-183.8445889999999849
0
LINE
8
BLACK
6
CONTINUOUS
10
49.2117429999999985
20
-183.8445889999999849
11
48.9054099999999963
21
-183.7017439999999908
0
LINE
8
BLACK
6
CONTINUOUS
10
48.9054099999999963
20
-183.7017439999999908
11
49.0482549999999975
21
-183.3954109999999957
0
LINE
8
BLACK
6
CONTINUOUS
10
49.0482549999999975
20
-183.3954109999999957
11
49.3545879999999997
21
-183.5382559999999899
0
LINE
8
BLACK
6
CONTINUOUS
10
80.0045879999999983
20
-183.5653969999999902
11
79.6982550000000032
21
-183.7082419999999843
0
LINE
8
BLACK
6
CONTINUOUS
10
79.6982550000000032
20
-183.7082419999999843
11
79.5554099999999949
21
-183.4019089999999892
0
LINE
8
BLACK
6
CONTINUOUS
10
79.5554099999999949
20
-183.4019089999999892
11
79.8617429999999899
21
-183.2590639999999951
0
LINE
8
BLACK
6
CONTINUOUS
10
79.8617429999999899
20
-183.2590639999999951
11
80.0045879999999983
21
-183.5653969999999902
0
LINE
8
BLACK
6
CONTINUOUS
10
48.5932899999999961
20
-183.1832560000000001
11
48.4504449999999949
21
-183.4895889999999952
0
LINE
8
BLACK
6
CONTINUOUS
10
48.4504449999999949
20
-183.4895889999999952
11
48.1441119999999998
21
-183.3467440000000011
0
LINE
8
BLACK
6
CONTINUOUS
10
48.1441119999999998
20
-183.3467440000000011
11
48.286957000000001
21
-183.0404109999999775
0
LINE
8
BLACK
6
CONTINUOUS
10
48.286957000000001
20
-183.0404109999999775
11
48.5932899999999961
21
-183.1832560000000001
0
LINE
8
BLACK
6
CONTINUOUS
10
80.7658869999999922
20
-183.2103979999999979
11
80.4595539999999971
21
-183.353242999999992
0
LINE
8
BLACK
6
CONTINUOUS
10
80.4595539999999971
20
-183.353242999999992
11
80.316709000000003
21
-183.0469099999999969
0
LINE
8
BLACK
6
CONTINUOUS
10
80.316709000000003
20
-183.0469099999999969
11
80.6230419999999981
21
-182.9040650000000028
0
LINE
8
BLACK
6
CONTINUOUS
10
80.6230419999999981
20
-182.9040650000000028
11
80.7658869999999922
21
-183.2103979999999979
0
LINE
8
BLACK
6
CONTINUOUS
10
49.7095879999999966
20
-182.7769579999999792
11
49.5667429999999953
21
-183.0832910000000027
0
LINE
8
BLACK
6
CONTINUOUS
10
49.5667429999999953
20
-183.0832910000000027
11
49.2604100000000003
21
-182.9404459999999801
0
LINE
8
BLACK
6
CONTINUOUS
10
49.2604100000000003
20
-182.9404459999999801
11
49.4032549999999944
21
-182.634112999999985
0
LINE
8
BLACK
6
CONTINUOUS
10
49.4032549999999944
20
-182.634112999999985
11
49.7095879999999966
21
-182.7769579999999792
0
LINE
8
BLACK
6
CONTINUOUS
10
79.6495889999999918
20
-182.804097999999982
11
79.3432559999999967
21
-182.9469430000000045
0
LINE
8
BLACK
6
CONTINUOUS
10
79.3432559999999967
20
-182.9469430000000045
11
79.2004110000000026
21
-182.640609999999981
0
LINE
8
BLACK
6
CONTINUOUS
10
79.2004110000000026
20
-182.640609999999981
11
79.5067439999999976
21
-182.4977649999999869
0
LINE
8
BLACK
6
CONTINUOUS
10
79.5067439999999976
20
-182.4977649999999869
11
79.6495889999999918
21
-182.804097999999982
0
LINE
8
BLACK
6
CONTINUOUS
10
48.9482900000000001
20
-182.4219579999999894
11
48.8054449999999989
21
-182.7282909999999845
0
LINE
8
BLACK
6
CONTINUOUS
10
48.8054449999999989
20
-182.7282909999999845
11
48.4991119999999967
21
-182.5854459999999904
0
LINE
8
BLACK
6
CONTINUOUS
10
48.4991119999999967
20
-182.5854459999999904
11
48.6419569999999979
21
-182.2791129999999953
0
LINE
8
BLACK
6
CONTINUOUS
10
48.6419569999999979
20
-182.2791129999999953
11
48.9482900000000001
21
-182.4219579999999894
0
LINE
8
BLACK
6
CONTINUOUS
10
80.4108879999999999
20
-182.4490989999999897
11
80.1045549999999906
21
-182.5919439999999838
0
LINE
8
BLACK
6
CONTINUOUS
10
80.1045549999999906
20
-182.5919439999999838
11
79.9617099999999965
21
-182.2856109999999887
0
LINE
8
BLACK
6
CONTINUOUS
10
79.9617099999999965
20
-182.2856109999999887
11
80.2680429999999916
21
-182.1427659999999946
0
LINE
8
BLACK
6
CONTINUOUS
10
80.2680429999999916
20
-182.1427659999999946
11
80.4108879999999999
21
-182.4490989999999897
0
LINE
8
BLACK
6
CONTINUOUS
10
46.6545899999999989
20
-181.4017439999999795
11
46.3482569999999967
21
-181.544589000000002
0
LINE
8
BLACK
6
CONTINUOUS
10
46.3482569999999967
20
-181.544589000000002
11
46.2054119999999955
21
-181.2382559999999785
0
LINE
8
BLACK
6
CONTINUOUS
10
46.2054119999999955
20
-181.2382559999999785
11
46.5117449999999977
21
-181.0954109999999844
0
LINE
8
BLACK
6
CONTINUOUS
10
46.5117449999999977
20
-181.0954109999999844
11
46.6545899999999989
21
-181.4017439999999795
0
LINE
8
BLACK
6
CONTINUOUS
10
82.7808879999999903
20
-181.2282069999999976
11
82.6380429999999961
21
-181.5345399999999927
0
LINE
8
BLACK
6
CONTINUOUS
10
82.6380429999999961
20
-181.5345399999999927
11
82.3317100000000011
21
-181.3916949999999986
0
LINE
8
BLACK
6
CONTINUOUS
10
82.3317100000000011
20
-181.3916949999999986
11
82.4745549999999952
21
-181.0853620000000035
0
LINE
8
BLACK
6
CONTINUOUS
10
82.4745549999999952
20
-181.0853620000000035
11
82.7808879999999903
21
-181.2282069999999976
0
LINE
8
BLACK
6
CONTINUOUS
10
47.4158879999999954
20
-181.0467439999999897
11
47.1095550000000003
21
-181.1895889999999838
0
LINE
8
BLACK
6
CONTINUOUS
10
47.1095550000000003
20
-181.1895889999999838
11
46.9667099999999991
21
-180.8832559999999887
0
LINE
8
BLACK
6
CONTINUOUS
10
46.9667099999999991
20
-180.8832559999999887
11
47.2730430000000013
21
-180.7404109999999946
0
LINE
8
BLACK
6
CONTINUOUS
10
47.2730430000000013
20
-180.7404109999999946
11
47.4158879999999954
21
-181.0467439999999897
0
LINE
8
BLACK
6
CONTINUOUS
10
82.0195889999999963
20
-180.8732080000000053
11
81.8767440000000022
21
-181.1795410000000004
0
LINE
8
BLACK
6
CONTINUOUS
10
81.8767440000000022
20
-181.1795410000000004
11
81.5704109999999929
21
-181.0366959999999779
0
LINE
8
BLACK
6
CONTINUOUS
10
81.5704109999999929
20
-181.0366959999999779
11
81.7132560000000012
21
-180.7303629999999828
0
LINE
8
BLACK
6
CONTINUOUS
10
81.7132560000000012
20
-180.7303629999999828
11
82.0195889999999963
21
-180.8732080000000053
0
LINE
8
BLACK
6
CONTINUOUS
10
46.2995899999999949
20
-180.6404459999999972
11
45.9932569999999998
21
-180.7832909999999913
0
LINE
8
BLACK
6
CONTINUOUS
10
45.9932569999999998
20
-180.7832909999999913
11
45.8504119999999986
21
-180.4769579999999962
0
LINE
8
BLACK
6
CONTINUOUS
10
45.8504119999999986
20
-180.4769579999999962
11
46.1567450000000008
21
-180.3341130000000021
0
LINE
8
BLACK
6
CONTINUOUS
10
46.1567450000000008
20
-180.3341130000000021
11
46.2995899999999949
21
-180.6404459999999972
0
LINE
8
BLACK
6
CONTINUOUS
10
83.1358869999999968
20
-180.4669079999999894
11
82.9930420000000026
21
-180.7732409999999845
0
LINE
8
BLACK
6
CONTINUOUS
10
82.9930420000000026
20
-180.7732409999999845
11
82.6867089999999934
21
-180.6303959999999904
0
LINE
8
BLACK
6
CONTINUOUS
10
82.6867089999999934
20
-180.6303959999999904
11
82.8295540000000017
21
-180.3240629999999953
0
LINE
8
BLACK
6
CONTINUOUS
10
82.8295540000000017
20
-180.3240629999999953
11
83.1358869999999968
21
-180.4669079999999894
0
LINE
8
BLACK
6
CONTINUOUS
10
47.0608879999999985
20
-180.285445999999979
11
46.7545549999999963
21
-180.4282910000000015
0
LINE
8
BLACK
6
CONTINUOUS
10
46.7545549999999963
20
-180.4282910000000015
11
46.6117099999999951
21
-180.121957999999978
0
LINE
8
BLACK
6
CONTINUOUS
10
46.6117099999999951
20
-180.121957999999978
11
46.9180429999999973
21
-179.9791129999999839
0
LINE
8
BLACK
6
CONTINUOUS
10
46.9180429999999973
20
-179.9791129999999839
11
47.0608879999999985
21
-180.285445999999979
0
LINE
8
BLACK
6
CONTINUOUS
10
82.3745880000000028
20
-180.1119089999999971
11
82.2317429999999945
21
-180.4182419999999922
0
LINE
8
BLACK
6
CONTINUOUS
10
82.2317429999999945
20
-180.4182419999999922
11
81.9254099999999994
21
-180.2753969999999981
0
LINE
8
BLACK
6
CONTINUOUS
10
81.9254099999999994
20
-180.2753969999999981
11
82.0682549999999935
21
-179.969064000000003
0
LINE
8
BLACK
6
CONTINUOUS
10
82.0682549999999935
20
-179.969064000000003
11
82.3745880000000028
21
-180.1119089999999971
0
LINE
8
BLACK
6
CONTINUOUS
10
80.2545130000000029
20
-177.409766999999988
11
80.292940999999999
21
-177.4266749999999888
0
LINE
8
BLACK
6
CONTINUOUS
10
80.292940999999999
20
-177.4266749999999888
11
80.4692229999999995
21
-177.550108999999992
0
LINE
8
BLACK
6
CONTINUOUS
10
80.4692229999999995
20
-177.550108999999992
11
80.4982550000000003
21
-177.5804369999999892
0
LINE
8
BLACK
6
CONTINUOUS
10
80.4982550000000003
20
-177.5804369999999892
11
80.5134709999999956
21
-177.6195649999999944
0
LINE
8
BLACK
6
CONTINUOUS
10
80.5134709999999956
20
-177.6195649999999944
11
80.5125549999999919
21
-177.6615379999999789
0
LINE
8
BLACK
6
CONTINUOUS
10
80.5125549999999919
20
-177.6615379999999789
11
80.4956459999999936
21
-177.6999659999999892
0
LINE
8
BLACK
6
CONTINUOUS
10
80.4956459999999936
20
-177.6999659999999892
11
80.3433050000000009
21
-177.9175329999999917
0
LINE
8
BLACK
6
CONTINUOUS
10
80.3433050000000009
20
-177.9175329999999917
11
80.3129769999999894
21
-177.9465649999999926
0
LINE
8
BLACK
6
CONTINUOUS
10
80.3129769999999894
20
-177.9465649999999926
11
80.273848000000001
21
-177.9617819999999995
0
LINE
8
BLACK
6
CONTINUOUS
10
80.273848000000001
20
-177.9617819999999995
11
80.2318750000000023
21
-177.9608649999999841
0
LINE
8
BLACK
6
CONTINUOUS
10
80.2318750000000023
20
-177.9608649999999841
11
80.1934469999999919
21
-177.9439569999999833
0
LINE
8
BLACK
6
CONTINUOUS
10
80.1934469999999919
20
-177.9439569999999833
11
80.0171649999999914
21
-177.8205229999999801
0
LINE
8
BLACK
6
CONTINUOUS
10
80.0171649999999914
20
-177.8205229999999801
11
79.9881329999999906
21
-177.7901949999999829
0
LINE
8
BLACK
6
CONTINUOUS
10
79.9881329999999906
20
-177.7901949999999829
11
79.9729169999999954
21
-177.7510670000000061
0
LINE
8
BLACK
6
CONTINUOUS
10
79.9729169999999954
20
-177.7510670000000061
11
79.9738329999999991
21
-177.7090939999999932
0
LINE
8
BLACK
6
CONTINUOUS
10
79.9738329999999991
20
-177.7090939999999932
11
79.9907419999999973
21
-177.6706659999999829
0
LINE
8
BLACK
6
CONTINUOUS
10
79.9907419999999973
20
-177.6706659999999829
11
80.1430829999999901
21
-177.4530989999999804
0
LINE
8
BLACK
6
CONTINUOUS
10
80.1430829999999901
20
-177.4530989999999804
11
80.1734110000000015
21
-177.4240669999999795
0
LINE
8
BLACK
6
CONTINUOUS
10
80.1734110000000015
20
-177.4240669999999795
11
80.21253999999999
21
-177.408850000000001
0
LINE
8
BLACK
6
CONTINUOUS
10
80.21253999999999
20
-177.408850000000001
11
80.2545130000000029
21
-177.409766999999988
0
LINE
8
BLACK
6
CONTINUOUS
10
79.4681250000000006
20
-176.8591349999999807
11
79.5065529999999967
21
-176.8760429999999815
0
LINE
8
BLACK
6
CONTINUOUS
10
79.5065529999999967
20
-176.8760429999999815
11
79.6828349999999972
21
-176.9994769999999846
0
LINE
8
BLACK
6
CONTINUOUS
10
79.6828349999999972
20
-176.9994769999999846
11
79.711866999999998
21
-177.0298049999999819
0
LINE
8
BLACK
6
CONTINUOUS
10
79.711866999999998
20
-177.0298049999999819
11
79.7270829999999933
21
-177.068932999999987
0
LINE
8
BLACK
6
CONTINUOUS
10
79.7270829999999933
20
-177.068932999999987
11
79.7261669999999896
21
-177.1109059999999999
0
LINE
8
BLACK
6
CONTINUOUS
10
79.7261669999999896
20
-177.1109059999999999
11
79.7092579999999913
21
-177.1493339999999819
0
LINE
8
BLACK
6
CONTINUOUS
10
79.7092579999999913
20
-177.1493339999999819
11
79.5569169999999986
21
-177.3669009999999844
0
LINE
8
BLACK
6
CONTINUOUS
10
79.5569169999999986
20
-177.3669009999999844
11
79.5265890000000013
21
-177.3959329999999852
0
LINE
8
BLACK
6
CONTINUOUS
10
79.5265890000000013
20
-177.3959329999999852
11
79.4874599999999987
21
-177.4111499999999921
0
LINE
8
BLACK
6
CONTINUOUS
10
79.4874599999999987
20
-177.4111499999999921
11
79.445487
21
-177.4102330000000052
0
LINE
8
BLACK
6
CONTINUOUS
10
79.445487
20
-177.4102330000000052
11
79.4070589999999896
21
-177.3933250000000044
0
LINE
8
BLACK
6
CONTINUOUS
10
79.4070589999999896
20
-177.3933250000000044
11
79.2307770000000033
21
-177.2698910000000012
0
LINE
8
BLACK
6
CONTINUOUS
10
79.2307770000000033
20
-177.2698910000000012
11
79.2017450000000025
21
-177.239563000000004
0
LINE
8
BLACK
6
CONTINUOUS
10
79.2017450000000025
20
-177.239563000000004
11
79.1865289999999931
21
-177.2004349999999988
0
LINE
8
BLACK
6
CONTINUOUS
10
79.1865289999999931
20
-177.2004349999999988
11
79.1874449999999968
21
-177.1584619999999859
0
LINE
8
BLACK
6
CONTINUOUS
10
79.1874449999999968
20
-177.1584619999999859
11
79.204353999999995
21
-177.120034000000004
0
LINE
8
BLACK
6
CONTINUOUS
10
79.204353999999995
20
-177.120034000000004
11
79.356695000000002
21
-176.9024670000000015
0
LINE
8
BLACK
6
CONTINUOUS
10
79.356695000000002
20
-176.9024670000000015
11
79.3870229999999992
21
-176.8734350000000006
0
LINE
8
BLACK
6
CONTINUOUS
10
79.3870229999999992
20
-176.8734350000000006
11
79.4261520000000019
21
-176.8582179999999937
0
LINE
8
BLACK
6
CONTINUOUS
10
79.4261520000000019
20
-176.8582179999999937
11
79.4681250000000006
21
-176.8591349999999807
0
LINE
8
BLACK
6
CONTINUOUS
10
60.1727409999999949
20
-176.1142260000000022
11
60.2291099999999986
21
-176.1518899999999803
0
LINE
8
BLACK
6
CONTINUOUS
10
60.2291099999999986
20
-176.1518899999999803
11
60.2667739999999981
21
-176.2082589999999982
0
LINE
8
BLACK
6
CONTINUOUS
10
60.2667739999999981
20
-176.2082589999999982
11
60.279999999999994
21
-176.2747499999999832
0
LINE
8
BLACK
6
CONTINUOUS
10
60.279999999999994
20
-176.2747499999999832
11
60.279999999999994
21
-176.6852499999999964
0
LINE
8
BLACK
6
CONTINUOUS
10
60.279999999999994
20
-176.6852499999999964
11
60.2667739999999981
21
-176.7517409999999813
0
LINE
8
BLACK
6
CONTINUOUS
10
60.2667739999999981
20
-176.7517409999999813
11
60.2291099999999986
21
-176.8081099999999992
0
LINE
8
BLACK
6
CONTINUOUS
10
60.2291099999999986
20
-176.8081099999999992
11
60.1727409999999949
21
-176.8457740000000058
0
LINE
8
BLACK
6
CONTINUOUS
10
60.1727409999999949
20
-176.8457740000000058
11
60.1062499999999957
21
-176.8589999999999804
0
LINE
8
BLACK
6
CONTINUOUS
10
60.1062499999999957
20
-176.8589999999999804
11
59.7587499999999991
21
-176.8589999999999804
0
LINE
8
BLACK
6
CONTINUOUS
10
59.7587499999999991
20
-176.8589999999999804
11
59.692259
21
-176.8457740000000058
0
LINE
8
BLACK
6
CONTINUOUS
10
59.692259
20
-176.8457740000000058
11
59.6358899999999963
21
-176.8081099999999992
0
LINE
8
BLACK
6
CONTINUOUS
10
59.6358899999999963
20
-176.8081099999999992
11
59.5982259999999968
21
-176.7517409999999813
0
LINE
8
BLACK
6
CONTINUOUS
10
59.5982259999999968
20
-176.7517409999999813
11
59.5850000000000009
21
-176.6852499999999964
0
LINE
8
BLACK
6
CONTINUOUS
10
59.5850000000000009
20
-176.6852499999999964
11
59.5850000000000009
21
-176.2747499999999832
0
LINE
8
BLACK
6
CONTINUOUS
10
59.5850000000000009
20
-176.2747499999999832
11
59.5982259999999968
21
-176.2082589999999982
0
LINE
8
BLACK
6
CONTINUOUS
10
59.5982259999999968
20
-176.2082589999999982
11
59.6358899999999963
21
-176.1518899999999803
0
LINE
8
BLACK
6
CONTINUOUS
10
59.6358899999999963
20
-176.1518899999999803
11
59.692259
21
-176.1142260000000022
0
LINE
8
BLACK
6
CONTINUOUS
10
59.692259
20
-176.1142260000000022
11
59.7587499999999991
21
-176.1009999999999991
0
LINE
8
BLACK
6
CONTINUOUS
10
59.7587499999999991
20
-176.1009999999999991
11
60.1062499999999957
21
-176.1009999999999991
0
LINE
8
BLACK
6
CONTINUOUS
10
60.1062499999999957
20
-176.1009999999999991
11
60.1727409999999949
21
-176.1142260000000022
0
LINE
8
BLACK
6
CONTINUOUS
10
61.7477409999999978
20
-176.1142260000000022
11
61.8041099999999943
21
-176.1518899999999803
0
LINE
8
BLACK
6
CONTINUOUS
10
61.8041099999999943
20
-176.1518899999999803
11
61.8417739999999938
21
-176.2082589999999982
0
LINE
8
BLACK
6
CONTINUOUS
10
61.8417739999999938
20
-176.2082589999999982
11
61.8549999999999969
21
-176.2747499999999832
0
LINE
8
BLACK
6
CONTINUOUS
10
61.8549999999999969
20
-176.2747499999999832
11
61.8549999999999969
21
-176.6852499999999964
0
LINE
8
BLACK
6
CONTINUOUS
10
61.8549999999999969
20
-176.6852499999999964
11
61.8417739999999938
21
-176.7517409999999813
0
LINE
8
BLACK
6
CONTINUOUS
10
61.8417739999999938
20
-176.7517409999999813
11
61.8041099999999943
21
-176.8081099999999992
0
LINE
8
BLACK
6
CONTINUOUS
10
61.8041099999999943
20
-176.8081099999999992
11
61.7477409999999978
21
-176.8457740000000058
0
LINE
8
BLACK
6
CONTINUOUS
10
61.7477409999999978
20
-176.8457740000000058
11
61.6812499999999986
21
-176.8589999999999804
0
LINE
8
BLACK
6
CONTINUOUS
10
61.6812499999999986
20
-176.8589999999999804
11
61.3337499999999949
21
-176.8589999999999804
0
LINE
8
BLACK
6
CONTINUOUS
10
61.3337499999999949
20
-176.8589999999999804
11
61.2672589999999957
21
-176.8457740000000058
0
LINE
8
BLACK
6
CONTINUOUS
10
61.2672589999999957
20
-176.8457740000000058
11
61.2108899999999991
21
-176.8081099999999992
0
LINE
8
BLACK
6
CONTINUOUS
10
61.2108899999999991
20
-176.8081099999999992
11
61.1732259999999997
21
-176.7517409999999813
0
LINE
8
BLACK
6
CONTINUOUS
10
61.1732259999999997
20
-176.7517409999999813
11
61.1599999999999966
21
-176.6852499999999964
0
LINE
8
BLACK
6
CONTINUOUS
10
61.1599999999999966
20
-176.6852499999999964
11
61.1599999999999966
21
-176.2747499999999832
0
LINE
8
BLACK
6
CONTINUOUS
10
61.1599999999999966
20
-176.2747499999999832
11
61.1732259999999997
21
-176.2082589999999982
0
LINE
8
BLACK
6
CONTINUOUS
10
61.1732259999999997
20
-176.2082589999999982
11
61.2108899999999991
21
-176.1518899999999803
0
LINE
8
BLACK
6
CONTINUOUS
10
61.2108899999999991
20
-176.1518899999999803
11
61.2672589999999957
21
-176.1142260000000022
0
LINE
8
BLACK
6
CONTINUOUS
10
61.2672589999999957
20
-176.1142260000000022
11
61.3337499999999949
21
-176.1009999999999991
0
LINE
8
BLACK
6
CONTINUOUS
10
61.3337499999999949
20
-176.1009999999999991
11
61.6812499999999986
21
-176.1009999999999991
0
LINE
8
BLACK
6
CONTINUOUS
10
61.6812499999999986
20
-176.1009999999999991
11
61.7477409999999978
21
-176.1142260000000022
0
LINE
8
BLACK
6
CONTINUOUS
10
57.212968999999994
20
-175.4190710000000024
11
57.2465149999999952
21
-175.4414850000000001
0
LINE
8
BLACK
6
CONTINUOUS
10
57.2465149999999952
20
-175.4414850000000001
11
57.268929
21
-175.4750310000000013
0
LINE
8
BLACK
6
CONTINUOUS
10
57.268929
20
-175.4750310000000013
11
57.2767999999999944
21
-175.5146000000000015
0
LINE
8
BLACK
6
CONTINUOUS
10
57.2767999999999944
20
-175.5146000000000015
11
57.2767999999999944
21
-175.8053999999999917
0
LINE
8
BLACK
6
CONTINUOUS
10
57.2767999999999944
20
-175.8053999999999917
11
57.268929
21
-175.8449689999999919
0
LINE
8
BLACK
6
CONTINUOUS
10
57.268929
20
-175.8449689999999919
11
57.2465149999999952
21
-175.8785149999999931
0
LINE
8
BLACK
6
CONTINUOUS
10
57.2465149999999952
20
-175.8785149999999931
11
57.212968999999994
21
-175.9009289999999908
0
LINE
8
BLACK
6
CONTINUOUS
10
57.212968999999994
20
-175.9009289999999908
11
57.1734000000000009
21
-175.9087999999999852
0
LINE
8
BLACK
6
CONTINUOUS
10
57.1734000000000009
20
-175.9087999999999852
11
56.9665999999999997
21
-175.9087999999999852
0
LINE
8
BLACK
6
CONTINUOUS
10
56.9665999999999997
20
-175.9087999999999852
11
56.9270309999999995
21
-175.9009289999999908
0
LINE
8
BLACK
6
CONTINUOUS
10
56.9270309999999995
20
-175.9009289999999908
11
56.8934849999999983
21
-175.8785149999999931
0
LINE
8
BLACK
6
CONTINUOUS
10
56.8934849999999983
20
-175.8785149999999931
11
56.8710710000000006
21
-175.8449689999999919
0
LINE
8
BLACK
6
CONTINUOUS
10
56.8710710000000006
20
-175.8449689999999919
11
56.8631999999999991
21
-175.8053999999999917
0
LINE
8
BLACK
6
CONTINUOUS
10
56.8631999999999991
20
-175.8053999999999917
11
56.8631999999999991
21
-175.5146000000000015
0
LINE
8
BLACK
6
CONTINUOUS
10
56.8631999999999991
20
-175.5146000000000015
11
56.8710710000000006
21
-175.4750310000000013
0
LINE
8
BLACK
6
CONTINUOUS
10
56.8710710000000006
20
-175.4750310000000013
11
56.8934849999999983
21
-175.4414850000000001
0
LINE
8
BLACK
6
CONTINUOUS
10
56.8934849999999983
20
-175.4414850000000001
11
56.9270309999999995
21
-175.4190710000000024
0
LINE
8
BLACK
6
CONTINUOUS
10
56.9270309999999995
20
-175.4190710000000024
11
56.9665999999999997
21
-175.4111999999999796
0
LINE
8
BLACK
6
CONTINUOUS
10
56.9665999999999997
20
-175.4111999999999796
11
57.1734000000000009
21
-175.4111999999999796
0
LINE
8
BLACK
6
CONTINUOUS
10
57.1734000000000009
20
-175.4111999999999796
11
57.212968999999994
21
-175.4190710000000024
0
LINE
8
BLACK
6
CONTINUOUS
10
58.2329689999999971
20
-175.4190710000000024
11
58.2665149999999983
21
-175.4414850000000001
0
LINE
8
BLACK
6
CONTINUOUS
10
58.2665149999999983
20
-175.4414850000000001
11
58.288928999999996
21
-175.4750310000000013
0
LINE
8
BLACK
6
CONTINUOUS
10
58.288928999999996
20
-175.4750310000000013
11
58.2967999999999975
21
-175.5146000000000015
0
LINE
8
BLACK
6
CONTINUOUS
10
58.2967999999999975
20
-175.5146000000000015
11
58.2967999999999975
21
-175.8053999999999917
0
LINE
8
BLACK
6
CONTINUOUS
10
58.2967999999999975
20
-175.8053999999999917
11
58.288928999999996
21
-175.8449689999999919
0
LINE
8
BLACK
6
CONTINUOUS
10
58.288928999999996
20
-175.8449689999999919
11
58.2665149999999983
21
-175.8785149999999931
0
LINE
8
BLACK
6
CONTINUOUS
10
58.2665149999999983
20
-175.8785149999999931
11
58.2329689999999971
21
-175.9009289999999908
0
LINE
8
BLACK
6
CONTINUOUS
10
58.2329689999999971
20
-175.9009289999999908
11
58.1933999999999969
21
-175.9087999999999852
0
LINE
8
BLACK
6
CONTINUOUS
10
58.1933999999999969
20
-175.9087999999999852
11
57.9865999999999957
21
-175.9087999999999852
0
LINE
8
BLACK
6
CONTINUOUS
10
57.9865999999999957
20
-175.9087999999999852
11
57.9470309999999955
21
-175.9009289999999908
0
LINE
8
BLACK
6
CONTINUOUS
10
57.9470309999999955
20
-175.9009289999999908
11
57.9134849999999943
21
-175.8785149999999931
0
LINE
8
BLACK
6
CONTINUOUS
10
57.9134849999999943
20
-175.8785149999999931
11
57.8910709999999966
21
-175.8449689999999919
0
LINE
8
BLACK
6
CONTINUOUS
10
57.8910709999999966
20
-175.8449689999999919
11
57.8831999999999951
21
-175.8053999999999917
0
LINE
8
BLACK
6
CONTINUOUS
10
57.8831999999999951
20
-175.8053999999999917
11
57.8831999999999951
21
-175.5146000000000015
0
LINE
8
BLACK
6
CONTINUOUS
10
57.8831999999999951
20
-175.5146000000000015
11
57.8910709999999966
21
-175.4750310000000013
0
LINE
8
BLACK
6
CONTINUOUS
10
57.8910709999999966
20
-175.4750310000000013
11
57.9134849999999943
21
-175.4414850000000001
0
LINE
8
BLACK
6
CONTINUOUS
10
57.9134849999999943
20
-175.4414850000000001
11
57.9470309999999955
21
-175.4190710000000024
0
LINE
8
BLACK
6
CONTINUOUS
10
57.9470309999999955
20
-175.4190710000000024
11
57.9865999999999957
21
-175.4111999999999796
0
LINE
8
BLACK
6
CONTINUOUS
10
57.9865999999999957
20
-175.4111999999999796
11
58.1933999999999969
21
-175.4111999999999796
0
LINE
8
BLACK
6
CONTINUOUS
10
58.1933999999999969
20
-175.4111999999999796
11
58.2329689999999971
21
-175.4190710000000024
0
LINE
8
BLACK
6
CONTINUOUS
10
56.5120000000000005
20
-175.8369999999999891
11
56.0479999999999947
21
-175.8369999999999891
0
LINE
8
BLACK
6
CONTINUOUS
10
56.0479999999999947
20
-175.8369999999999891
11
56.0479999999999947
21
-175.5829999999999984
0
LINE
8
BLACK
6
CONTINUOUS
10
56.0479999999999947
20
-175.5829999999999984
11
56.5120000000000005
21
-175.5829999999999984
0
LINE
8
BLACK
6
CONTINUOUS
10
56.5120000000000005
20
-175.5829999999999984
11
56.5120000000000005
21
-175.8369999999999891
0
LINE
8
BLACK
6
CONTINUOUS
10
62.2149689999999964
20
-175.3810709999999915
11
62.2485149999999976
21
-175.4034849999999892
0
LINE
8
BLACK
6
CONTINUOUS
10
62.2485149999999976
20
-175.4034849999999892
11
62.2709289999999953
21
-175.4370309999999904
0
LINE
8
BLACK
6
CONTINUOUS
10
62.2709289999999953
20
-175.4370309999999904
11
62.2787999999999968
21
-175.4765999999999906
0
LINE
8
BLACK
6
CONTINUOUS
10
62.2787999999999968
20
-175.4765999999999906
11
62.2787999999999968
21
-175.683400000000006
0
LINE
8
BLACK
6
CONTINUOUS
10
62.2787999999999968
20
-175.683400000000006
11
62.2709289999999953
21
-175.7229690000000062
0
LINE
8
BLACK
6
CONTINUOUS
10
62.2709289999999953
20
-175.7229690000000062
11
62.2485149999999976
21
-175.756514999999979
0
LINE
8
BLACK
6
CONTINUOUS
10
62.2485149999999976
20
-175.756514999999979
11
62.2149689999999964
21
-175.7789290000000051
0
LINE
8
BLACK
6
CONTINUOUS
10
62.2149689999999964
20
-175.7789290000000051
11
62.1753999999999962
21
-175.7867999999999995
0
LINE
8
BLACK
6
CONTINUOUS
10
62.1753999999999962
20
-175.7867999999999995
11
61.8845999999999989
21
-175.7867999999999995
0
LINE
8
BLACK
6
CONTINUOUS
10
61.8845999999999989
20
-175.7867999999999995
11
61.8450309999999988
21
-175.7789290000000051
0
LINE
8
BLACK
6
CONTINUOUS
10
61.8450309999999988
20
-175.7789290000000051
11
61.8114849999999976
21
-175.756514999999979
0
LINE
8
BLACK
6
CONTINUOUS
10
61.8114849999999976
20
-175.756514999999979
11
61.7890709999999999
21
-175.7229690000000062
0
LINE
8
BLACK
6
CONTINUOUS
10
61.7890709999999999
20
-175.7229690000000062
11
61.7811999999999983
21
-175.683400000000006
0
LINE
8
BLACK
6
CONTINUOUS
10
61.7811999999999983
20
-175.683400000000006
11
61.7811999999999983
21
-175.4765999999999906
0
LINE
8
BLACK
6
CONTINUOUS
10
61.7811999999999983
20
-175.4765999999999906
11
61.7890709999999999
21
-175.4370309999999904
0
LINE
8
BLACK
6
CONTINUOUS
10
61.7890709999999999
20
-175.4370309999999904
11
61.8114849999999976
21
-175.4034849999999892
0
LINE
8
BLACK
6
CONTINUOUS
10
61.8114849999999976
20
-175.4034849999999892
11
61.8450309999999988
21
-175.3810709999999915
0
LINE
8
BLACK
6
CONTINUOUS
10
61.8450309999999988
20
-175.3810709999999915
11
61.8845999999999989
21
-175.3731999999999971
0
LINE
8
BLACK
6
CONTINUOUS
10
61.8845999999999989
20
-175.3731999999999971
11
62.1753999999999962
21
-175.3731999999999971
0
LINE
8
BLACK
6
CONTINUOUS
10
62.1753999999999962
20
-175.3731999999999971
11
62.2149689999999964
21
-175.3810709999999915
0
LINE
8
BLACK
6
CONTINUOUS
10
60.1749689999999973
20
-175.3710710000000006
11
60.2085149999999985
21
-175.3934849999999983
0
LINE
8
BLACK
6
CONTINUOUS
10
60.2085149999999985
20
-175.3934849999999983
11
60.2309289999999962
21
-175.4270309999999995
0
LINE
8
BLACK
6
CONTINUOUS
10
60.2309289999999962
20
-175.4270309999999995
11
60.2387999999999977
21
-175.4665999999999997
0
LINE
8
BLACK
6
CONTINUOUS
10
60.2387999999999977
20
-175.4665999999999997
11
60.2387999999999977
21
-175.6733999999999867
0
LINE
8
BLACK
6
CONTINUOUS
10
60.2387999999999977
20
-175.6733999999999867
11
60.2309289999999962
21
-175.7129689999999869
0
LINE
8
BLACK
6
CONTINUOUS
10
60.2309289999999962
20
-175.7129689999999869
11
60.2085149999999985
21
-175.746514999999988
0
LINE
8
BLACK
6
CONTINUOUS
10
60.2085149999999985
20
-175.746514999999988
11
60.1749689999999973
21
-175.7689289999999858
0
LINE
8
BLACK
6
CONTINUOUS
10
60.1749689999999973
20
-175.7689289999999858
11
60.1353999999999971
21
-175.7767999999999802
0
LINE
8
BLACK
6
CONTINUOUS
10
60.1353999999999971
20
-175.7767999999999802
11
59.8445999999999998
21
-175.7767999999999802
0
LINE
8
BLACK
6
CONTINUOUS
10
59.8445999999999998
20
-175.7767999999999802
11
59.8050309999999996
21
-175.7689289999999858
0
LINE
8
BLACK
6
CONTINUOUS
10
59.8050309999999996
20
-175.7689289999999858
11
59.7714849999999984
21
-175.746514999999988
0
LINE
8
BLACK
6
CONTINUOUS
10
59.7714849999999984
20
-175.746514999999988
11
59.7490710000000007
21
-175.7129689999999869
0
LINE
8
BLACK
6
CONTINUOUS
10
59.7490710000000007
20
-175.7129689999999869
11
59.7411999999999992
21
-175.6733999999999867
0
LINE
8
BLACK
6
CONTINUOUS
10
59.7411999999999992
20
-175.6733999999999867
11
59.7411999999999992
21
-175.4665999999999997
0
LINE
8
BLACK
6
CONTINUOUS
10
59.7411999999999992
20
-175.4665999999999997
11
59.7490710000000007
21
-175.4270309999999995
0
LINE
8
BLACK
6
CONTINUOUS
10
59.7490710000000007
20
-175.4270309999999995
11
59.7714849999999984
21
-175.3934849999999983
0
LINE
8
BLACK
6
CONTINUOUS
10
59.7714849999999984
20
-175.3934849999999983
11
59.8050309999999996
21
-175.3710710000000006
0
LINE
8
BLACK
6
CONTINUOUS
10
59.8050309999999996
20
-175.3710710000000006
11
59.8445999999999998
21
-175.3632000000000062
0
LINE
8
BLACK
6
CONTINUOUS
10
59.8445999999999998
20
-175.3632000000000062
11
60.1353999999999971
21
-175.3632000000000062
0
LINE
8
BLACK
6
CONTINUOUS
10
60.1353999999999971
20
-175.3632000000000062
11
60.1749689999999973
21
-175.3710710000000006
0
LINE
8
BLACK
6
CONTINUOUS
10
61.2419999999999973
20
-175.6069999999999993
11
60.7779999999999987
21
-175.6069999999999993
0
LINE
8
BLACK
6
CONTINUOUS
10
60.7779999999999987
20
-175.6069999999999993
11
60.7779999999999987
21
-175.3529999999999802
0
LINE
8
BLACK
6
CONTINUOUS
10
60.7779999999999987
20
-175.3529999999999802
11
61.2419999999999973
21
-175.3529999999999802
0
LINE
8
BLACK
6
CONTINUOUS
10
61.2419999999999973
20
-175.3529999999999802
11
61.2419999999999973
21
-175.6069999999999993
0
LINE
8
BLACK
6
CONTINUOUS
10
56.144999999999996
20
-175.1569999999999823
11
55.9749999999999943
21
-175.1569999999999823
0
LINE
8
BLACK
6
CONTINUOUS
10
55.9749999999999943
20
-175.1569999999999823
11
55.9749999999999943
21
-174.9029999999999916
0
LINE
8
BLACK
6
CONTINUOUS
10
55.9749999999999943
20
-174.9029999999999916
11
56.144999999999996
21
-174.9029999999999916
0
LINE
8
BLACK
6
CONTINUOUS
10
56.144999999999996
20
-174.9029999999999916
11
56.144999999999996
21
-175.1569999999999823
0
LINE
8
BLACK
6
CONTINUOUS
10
56.5850000000000009
20
-175.1569999999999823
11
56.4149999999999991
21
-175.1569999999999823
0
LINE
8
BLACK
6
CONTINUOUS
10
56.4149999999999991
20
-175.1569999999999823
11
56.4149999999999991
21
-174.9029999999999916
0
LINE
8
BLACK
6
CONTINUOUS
10
56.4149999999999991
20
-174.9029999999999916
11
56.5850000000000009
21
-174.9029999999999916
0
LINE
8
BLACK
6
CONTINUOUS
10
56.5850000000000009
20
-174.9029999999999916
11
56.5850000000000009
21
-175.1569999999999823
0
LINE
8
BLACK
6
CONTINUOUS
10
57.212968999999994
20
-174.619070999999991
11
57.2465149999999952
21
-174.6414849999999888
0
LINE
8
BLACK
6
CONTINUOUS
10
57.2465149999999952
20
-174.6414849999999888
11
57.268929
21
-174.6750309999999899
0
LINE
8
BLACK
6
CONTINUOUS
10
57.268929
20
-174.6750309999999899
11
57.2767999999999944
21
-174.7145999999999901
0
LINE
8
BLACK
6
CONTINUOUS
10
57.2767999999999944
20
-174.7145999999999901
11
57.2767999999999944
21
-175.0053999999999803
0
LINE
8
BLACK
6
CONTINUOUS
10
57.2767999999999944
20
-175.0053999999999803
11
57.268929
21
-175.0449689999999805
0
LINE
8
BLACK
6
CONTINUOUS
10
57.268929
20
-175.0449689999999805
11
57.2465149999999952
21
-175.0785149999999817
0
LINE
8
BLACK
6
CONTINUOUS
10
57.2465149999999952
20
-175.0785149999999817
11
57.212968999999994
21
-175.1009289999999794
0
LINE
8
BLACK
6
CONTINUOUS
10
57.212968999999994
20
-175.1009289999999794
11
57.1734000000000009
21
-175.1088000000000022
0
LINE
8
BLACK
6
CONTINUOUS
10
57.1734000000000009
20
-175.1088000000000022
11
56.9665999999999997
21
-175.1088000000000022
0
LINE
8
BLACK
6
CONTINUOUS
10
56.9665999999999997
20
-175.1088000000000022
11
56.9270309999999995
21
-175.1009289999999794
0
LINE
8
BLACK
6
CONTINUOUS
10
56.9270309999999995
20
-175.1009289999999794
11
56.8934849999999983
21
-175.0785149999999817
0
LINE
8
BLACK
6
CONTINUOUS
10
56.8934849999999983
20
-175.0785149999999817
11
56.8710710000000006
21
-175.0449689999999805
0
LINE
8
BLACK
6
CONTINUOUS
10
56.8710710000000006
20
-175.0449689999999805
11
56.8631999999999991
21
-175.0053999999999803
0
LINE
8
BLACK
6
CONTINUOUS
10
56.8631999999999991
20
-175.0053999999999803
11
56.8631999999999991
21
-174.7145999999999901
0
LINE
8
BLACK
6
CONTINUOUS
10
56.8631999999999991
20
-174.7145999999999901
11
56.8710710000000006
21
-174.6750309999999899
0
LINE
8
BLACK
6
CONTINUOUS
10
56.8710710000000006
20
-174.6750309999999899
11
56.8934849999999983
21
-174.6414849999999888
0
LINE
8
BLACK
6
CONTINUOUS
10
56.8934849999999983
20
-174.6414849999999888
11
56.9270309999999995
21
-174.619070999999991
0
LINE
8
BLACK
6
CONTINUOUS
10
56.9270309999999995
20
-174.619070999999991
11
56.9665999999999997
21
-174.6111999999999966
0
LINE
8
BLACK
6
CONTINUOUS
10
56.9665999999999997
20
-174.6111999999999966
11
57.1734000000000009
21
-174.6111999999999966
0
LINE
8
BLACK
6
CONTINUOUS
10
57.1734000000000009
20
-174.6111999999999966
11
57.212968999999994
21
-174.619070999999991
0
LINE
8
BLACK
6
CONTINUOUS
10
58.2329689999999971
20
-174.619070999999991
11
58.2665149999999983
21
-174.6414849999999888
0
LINE
8
BLACK
6
CONTINUOUS
10
58.2665149999999983
20
-174.6414849999999888
11
58.288928999999996
21
-174.6750309999999899
0
LINE
8
BLACK
6
CONTINUOUS
10
58.288928999999996
20
-174.6750309999999899
11
58.2967999999999975
21
-174.7145999999999901
0
LINE
8
BLACK
6
CONTINUOUS
10
58.2967999999999975
20
-174.7145999999999901
11
58.2967999999999975
21
-175.0053999999999803
0
LINE
8
BLACK
6
CONTINUOUS
10
58.2967999999999975
20
-175.0053999999999803
11
58.288928999999996
21
-175.0449689999999805
0
LINE
8
BLACK
6
CONTINUOUS
10
58.288928999999996
20
-175.0449689999999805
11
58.2665149999999983
21
-175.0785149999999817
0
LINE
8
BLACK
6
CONTINUOUS
10
58.2665149999999983
20
-175.0785149999999817
11
58.2329689999999971
21
-175.1009289999999794
0
LINE
8
BLACK
6
CONTINUOUS
10
58.2329689999999971
20
-175.1009289999999794
11
58.1933999999999969
21
-175.1088000000000022
0
LINE
8
BLACK
6
CONTINUOUS
10
58.1933999999999969
20
-175.1088000000000022
11
57.9865999999999957
21
-175.1088000000000022
0
LINE
8
BLACK
6
CONTINUOUS
10
57.9865999999999957
20
-175.1088000000000022
11
57.9470309999999955
21
-175.1009289999999794
0
LINE
8
BLACK
6
CONTINUOUS
10
57.9470309999999955
20
-175.1009289999999794
11
57.9134849999999943
21
-175.0785149999999817
0
LINE
8
BLACK
6
CONTINUOUS
10
57.9134849999999943
20
-175.0785149999999817
11
57.8910709999999966
21
-175.0449689999999805
0
LINE
8
BLACK
6
CONTINUOUS
10
57.8910709999999966
20
-175.0449689999999805
11
57.8831999999999951
21
-175.0053999999999803
0
LINE
8
BLACK
6
CONTINUOUS
10
57.8831999999999951
20
-175.0053999999999803
11
57.8831999999999951
21
-174.7145999999999901
0
LINE
8
BLACK
6
CONTINUOUS
10
57.8831999999999951
20
-174.7145999999999901
11
57.8910709999999966
21
-174.6750309999999899
0
LINE
8
BLACK
6
CONTINUOUS
10
57.8910709999999966
20
-174.6750309999999899
11
57.9134849999999943
21
-174.6414849999999888
0
LINE
8
BLACK
6
CONTINUOUS
10
57.9134849999999943
20
-174.6414849999999888
11
57.9470309999999955
21
-174.619070999999991
0
LINE
8
BLACK
6
CONTINUOUS
10
57.9470309999999955
20
-174.619070999999991
11
57.9865999999999957
21
-174.6111999999999966
0
LINE
8
BLACK
6
CONTINUOUS
10
57.9865999999999957
20
-174.6111999999999966
11
58.1933999999999969
21
-174.6111999999999966
0
LINE
8
BLACK
6
CONTINUOUS
10
58.1933999999999969
20
-174.6111999999999966
11
58.2329689999999971
21
-174.619070999999991
0
LINE
8
BLACK
6
CONTINUOUS
10
60.875
20
-174.9269999999999925
11
60.7049999999999983
21
-174.9269999999999925
0
LINE
8
BLACK
6
CONTINUOUS
10
60.7049999999999983
20
-174.9269999999999925
11
60.7049999999999983
21
-174.6730000000000018
0
LINE
8
BLACK
6
CONTINUOUS
10
60.7049999999999983
20
-174.6730000000000018
11
60.875
21
-174.6730000000000018
0
LINE
8
BLACK
6
CONTINUOUS
10
60.875
20
-174.6730000000000018
11
60.875
21
-174.9269999999999925
0
LINE
8
BLACK
6
CONTINUOUS
10
61.3149999999999977
20
-174.9269999999999925
11
61.144999999999996
21
-174.9269999999999925
0
LINE
8
BLACK
6
CONTINUOUS
10
61.144999999999996
20
-174.9269999999999925
11
61.144999999999996
21
-174.6730000000000018
0
LINE
8
BLACK
6
CONTINUOUS
10
61.144999999999996
20
-174.6730000000000018
11
61.3149999999999977
21
-174.6730000000000018
0
LINE
8
BLACK
6
CONTINUOUS
10
61.3149999999999977
20
-174.6730000000000018
11
61.3149999999999977
21
-174.9269999999999925
0
LINE
8
BLACK
6
CONTINUOUS
10
62.2149689999999964
20
-174.3610709999999813
11
62.2485149999999976
21
-174.383484999999979
0
LINE
8
BLACK
6
CONTINUOUS
10
62.2485149999999976
20
-174.383484999999979
11
62.2709289999999953
21
-174.4170309999999802
0
LINE
8
BLACK
6
CONTINUOUS
10
62.2709289999999953
20
-174.4170309999999802
11
62.2787999999999968
21
-174.4565999999999804
0
LINE
8
BLACK
6
CONTINUOUS
10
62.2787999999999968
20
-174.4565999999999804
11
62.2787999999999968
21
-174.6633999999999958
0
LINE
8
BLACK
6
CONTINUOUS
10
62.2787999999999968
20
-174.6633999999999958
11
62.2709289999999953
21
-174.702968999999996
0
LINE
8
BLACK
6
CONTINUOUS
10
62.2709289999999953
20
-174.702968999999996
11
62.2485149999999976
21
-174.7365149999999971
0
LINE
8
BLACK
6
CONTINUOUS
10
62.2485149999999976
20
-174.7365149999999971
11
62.2149689999999964
21
-174.7589289999999949
0
LINE
8
BLACK
6
CONTINUOUS
10
62.2149689999999964
20
-174.7589289999999949
11
62.1753999999999962
21
-174.7667999999999893
0
LINE
8
BLACK
6
CONTINUOUS
10
62.1753999999999962
20
-174.7667999999999893
11
61.8845999999999989
21
-174.7667999999999893
0
LINE
8
BLACK
6
CONTINUOUS
10
61.8845999999999989
20
-174.7667999999999893
11
61.8450309999999988
21
-174.7589289999999949
0
LINE
8
BLACK
6
CONTINUOUS
10
61.8450309999999988
20
-174.7589289999999949
11
61.8114849999999976
21
-174.7365149999999971
0
LINE
8
BLACK
6
CONTINUOUS
10
61.8114849999999976
20
-174.7365149999999971
11
61.7890709999999999
21
-174.702968999999996
0
LINE
8
BLACK
6
CONTINUOUS
10
61.7890709999999999
20
-174.702968999999996
11
61.7811999999999983
21
-174.6633999999999958
0
LINE
8
BLACK
6
CONTINUOUS
10
61.7811999999999983
20
-174.6633999999999958
11
61.7811999999999983
21
-174.4565999999999804
0
LINE
8
BLACK
6
CONTINUOUS
10
61.7811999999999983
20
-174.4565999999999804
11
61.7890709999999999
21
-174.4170309999999802
0
LINE
8
BLACK
6
CONTINUOUS
10
61.7890709999999999
20
-174.4170309999999802
11
61.8114849999999976
21
-174.383484999999979
0
LINE
8
BLACK
6
CONTINUOUS
10
61.8114849999999976
20
-174.383484999999979
11
61.8450309999999988
21
-174.3610709999999813
0
LINE
8
BLACK
6
CONTINUOUS
10
61.8450309999999988
20
-174.3610709999999813
11
61.8845999999999989
21
-174.3531999999999869
0
LINE
8
BLACK
6
CONTINUOUS
10
61.8845999999999989
20
-174.3531999999999869
11
62.1753999999999962
21
-174.3531999999999869
0
LINE
8
BLACK
6
CONTINUOUS
10
62.1753999999999962
20
-174.3531999999999869
11
62.2149689999999964
21
-174.3610709999999813
0
LINE
8
BLACK
6
CONTINUOUS
10
60.1749689999999973
20
-174.3510709999999904
11
60.2085149999999985
21
-174.3734849999999881
0
LINE
8
BLACK
6
CONTINUOUS
10
60.2085149999999985
20
-174.3734849999999881
11
60.2309289999999962
21
-174.4070309999999893
0
LINE
8
BLACK
6
CONTINUOUS
10
60.2309289999999962
20
-174.4070309999999893
11
60.2387999999999977
21
-174.4465999999999894
0
LINE
8
BLACK
6
CONTINUOUS
10
60.2387999999999977
20
-174.4465999999999894
11
60.2387999999999977
21
-174.6534000000000049
0
LINE
8
BLACK
6
CONTINUOUS
10
60.2387999999999977
20
-174.6534000000000049
11
60.2309289999999962
21
-174.6929690000000051
0
LINE
8
BLACK
6
CONTINUOUS
10
60.2309289999999962
20
-174.6929690000000051
11
60.2085149999999985
21
-174.7265150000000062
0
LINE
8
BLACK
6
CONTINUOUS
10
60.2085149999999985
20
-174.7265150000000062
11
60.1749689999999973
21
-174.748929000000004
0
LINE
8
BLACK
6
CONTINUOUS
10
60.1749689999999973
20
-174.748929000000004
11
60.1353999999999971
21
-174.7567999999999984
0
LINE
8
BLACK
6
CONTINUOUS
10
60.1353999999999971
20
-174.7567999999999984
11
59.8445999999999998
21
-174.7567999999999984
0
LINE
8
BLACK
6
CONTINUOUS
10
59.8445999999999998
20
-174.7567999999999984
11
59.8050309999999996
21
-174.748929000000004
0
LINE
8
BLACK
6
CONTINUOUS
10
59.8050309999999996
20
-174.748929000000004
11
59.7714849999999984
21
-174.7265150000000062
0
LINE
8
BLACK
6
CONTINUOUS
10
59.7714849999999984
20
-174.7265150000000062
11
59.7490710000000007
21
-174.6929690000000051
0
LINE
8
BLACK
6
CONTINUOUS
10
59.7490710000000007
20
-174.6929690000000051
11
59.7411999999999992
21
-174.6534000000000049
0
LINE
8
BLACK
6
CONTINUOUS
10
59.7411999999999992
20
-174.6534000000000049
11
59.7411999999999992
21
-174.4465999999999894
0
LINE
8
BLACK
6
CONTINUOUS
10
59.7411999999999992
20
-174.4465999999999894
11
59.7490710000000007
21
-174.4070309999999893
0
LINE
8
BLACK
6
CONTINUOUS
10
59.7490710000000007
20
-174.4070309999999893
11
59.7714849999999984
21
-174.3734849999999881
0
LINE
8
BLACK
6
CONTINUOUS
10
59.7714849999999984
20
-174.3734849999999881
11
59.8050309999999996
21
-174.3510709999999904
0
LINE
8
BLACK
6
CONTINUOUS
10
59.8050309999999996
20
-174.3510709999999904
11
59.8445999999999998
21
-174.343199999999996
0
LINE
8
BLACK
6
CONTINUOUS
10
59.8445999999999998
20
-174.343199999999996
11
60.1353999999999971
21
-174.343199999999996
0
LINE
8
BLACK
6
CONTINUOUS
10
60.1353999999999971
20
-174.343199999999996
11
60.1749689999999973
21
-174.3510709999999904
0
LINE
8
BLACK
6
CONTINUOUS
10
68.6937769999999972
20
-172.4352309999999875
11
68.7286849999999987
21
-172.4585549999999898
0
LINE
8
BLACK
6
CONTINUOUS
10
68.7286849999999987
20
-172.4585549999999898
11
68.752009000000001
21
-172.4934629999999913
0
LINE
8
BLACK
6
CONTINUOUS
10
68.752009000000001
20
-172.4934629999999913
11
68.7601999999999975
21
-172.534639999999996
0
LINE
8
BLACK
6
CONTINUOUS
10
68.7601999999999975
20
-172.534639999999996
11
68.7601999999999975
21
-172.8002400000000023
0
LINE
8
BLACK
6
CONTINUOUS
10
68.7601999999999975
20
-172.8002400000000023
11
68.752009000000001
21
-172.8414169999999785
0
LINE
8
BLACK
6
CONTINUOUS
10
68.752009000000001
20
-172.8414169999999785
11
68.7286849999999987
21
-172.87632499999998
0
LINE
8
BLACK
6
CONTINUOUS
10
68.7286849999999987
20
-172.87632499999998
11
68.6937769999999972
21
-172.8996489999999824
0
LINE
8
BLACK
6
CONTINUOUS
10
68.6937769999999972
20
-172.8996489999999824
11
68.6525999999999925
21
-172.9078399999999931
0
LINE
8
BLACK
6
CONTINUOUS
10
68.6525999999999925
20
-172.9078399999999931
11
68.4373999999999967
21
-172.9078399999999931
0
LINE
8
BLACK
6
CONTINUOUS
10
68.4373999999999967
20
-172.9078399999999931
11
68.396222999999992
21
-172.8996489999999824
0
LINE
8
BLACK
6
CONTINUOUS
10
68.396222999999992
20
-172.8996489999999824
11
68.3613149999999905
21
-172.87632499999998
0
LINE
8
BLACK
6
CONTINUOUS
10
68.3613149999999905
20
-172.87632499999998
11
68.3379910000000024
21
-172.8414169999999785
0
LINE
8
BLACK
6
CONTINUOUS
10
68.3379910000000024
20
-172.8414169999999785
11
68.3297999999999917
21
-172.8002400000000023
0
LINE
8
BLACK
6
CONTINUOUS
10
68.3297999999999917
20
-172.8002400000000023
11
68.3297999999999917
21
-172.534639999999996
0
LINE
8
BLACK
6
CONTINUOUS
10
68.3297999999999917
20
-172.534639999999996
11
68.3379910000000024
21
-172.4934629999999913
0
LINE
8
BLACK
6
CONTINUOUS
10
68.3379910000000024
20
-172.4934629999999913
11
68.3613149999999905
21
-172.4585549999999898
0
LINE
8
BLACK
6
CONTINUOUS
10
68.3613149999999905
20
-172.4585549999999898
11
68.396222999999992
21
-172.4352309999999875
0
LINE
8
BLACK
6
CONTINUOUS
10
68.396222999999992
20
-172.4352309999999875
11
68.4373999999999967
21
-172.4270400000000052
0
LINE
8
BLACK
6
CONTINUOUS
10
68.4373999999999967
20
-172.4270400000000052
11
68.6525999999999925
21
-172.4270400000000052
0
LINE
8
BLACK
6
CONTINUOUS
10
68.6525999999999925
20
-172.4270400000000052
11
68.6937769999999972
21
-172.4352309999999875
0
LINE
8
BLACK
6
CONTINUOUS
10
69.6537769999999909
20
-172.4352309999999875
11
69.6886849999999924
21
-172.4585549999999898
0
LINE
8
BLACK
6
CONTINUOUS
10
69.6886849999999924
20
-172.4585549999999898
11
69.7120089999999948
21
-172.4934629999999913
0
LINE
8
BLACK
6
CONTINUOUS
10
69.7120089999999948
20
-172.4934629999999913
11
69.7201999999999913
21
-172.534639999999996
0
LINE
8
BLACK
6
CONTINUOUS
10
69.7201999999999913
20
-172.534639999999996
11
69.7201999999999913
21
-172.8002400000000023
0
LINE
8
BLACK
6
CONTINUOUS
10
69.7201999999999913
20
-172.8002400000000023
11
69.7120089999999948
21
-172.8414169999999785
0
LINE
8
BLACK
6
CONTINUOUS
10
69.7120089999999948
20
-172.8414169999999785
11
69.6886849999999924
21
-172.87632499999998
0
LINE
8
BLACK
6
CONTINUOUS
10
69.6886849999999924
20
-172.87632499999998
11
69.6537769999999909
21
-172.8996489999999824
0
LINE
8
BLACK
6
CONTINUOUS
10
69.6537769999999909
20
-172.8996489999999824
11
69.6126000000000005
21
-172.9078399999999931
0
LINE
8
BLACK
6
CONTINUOUS
10
69.6126000000000005
20
-172.9078399999999931
11
69.3973999999999904
21
-172.9078399999999931
0
LINE
8
BLACK
6
CONTINUOUS
10
69.3973999999999904
20
-172.9078399999999931
11
69.356223
21
-172.8996489999999824
0
LINE
8
BLACK
6
CONTINUOUS
10
69.356223
20
-172.8996489999999824
11
69.3213149999999985
21
-172.87632499999998
0
LINE
8
BLACK
6
CONTINUOUS
10
69.3213149999999985
20
-172.87632499999998
11
69.2979909999999961
21
-172.8414169999999785
0
LINE
8
BLACK
6
CONTINUOUS
10
69.2979909999999961
20
-172.8414169999999785
11
69.2897999999999996
21
-172.8002400000000023
0
LINE
8
BLACK
6
CONTINUOUS
10
69.2897999999999996
20
-172.8002400000000023
11
69.2897999999999996
21
-172.534639999999996
0
LINE
8
BLACK
6
CONTINUOUS
10
69.2897999999999996
20
-172.534639999999996
11
69.2979909999999961
21
-172.4934629999999913
0
LINE
8
BLACK
6
CONTINUOUS
10
69.2979909999999961
20
-172.4934629999999913
11
69.3213149999999985
21
-172.4585549999999898
0
LINE
8
BLACK
6
CONTINUOUS
10
69.3213149999999985
20
-172.4585549999999898
11
69.356223
21
-172.4352309999999875
0
LINE
8
BLACK
6
CONTINUOUS
10
69.356223
20
-172.4352309999999875
11
69.3973999999999904
21
-172.4270400000000052
0
LINE
8
BLACK
6
CONTINUOUS
10
69.3973999999999904
20
-172.4270400000000052
11
69.6126000000000005
21
-172.4270400000000052
0
LINE
8
BLACK
6
CONTINUOUS
10
69.6126000000000005
20
-172.4270400000000052
11
69.6537769999999909
21
-172.4352309999999875
0
LINE
8
BLACK
6
CONTINUOUS
10
66.3077409999999929
20
-171.9516659999999888
11
66.3641099999999966
21
-171.9893299999999954
0
LINE
8
BLACK
6
CONTINUOUS
10
66.3641099999999966
20
-171.9893299999999954
11
66.4017740000000032
21
-172.0456989999999848
0
LINE
8
BLACK
6
CONTINUOUS
10
66.4017740000000032
20
-172.0456989999999848
11
66.414999999999992
21
-172.1121899999999982
0
LINE
8
BLACK
6
CONTINUOUS
10
66.414999999999992
20
-172.1121899999999982
11
66.414999999999992
21
-172.522689999999983
0
LINE
8
BLACK
6
CONTINUOUS
10
66.414999999999992
20
-172.522689999999983
11
66.4017740000000032
21
-172.5891809999999964
0
LINE
8
BLACK
6
CONTINUOUS
10
66.4017740000000032
20
-172.5891809999999964
11
66.3641099999999966
21
-172.6455499999999859
0
LINE
8
BLACK
6
CONTINUOUS
10
66.3641099999999966
20
-172.6455499999999859
11
66.3077409999999929
21
-172.6832139999999924
0
LINE
8
BLACK
6
CONTINUOUS
10
66.3077409999999929
20
-172.6832139999999924
11
66.2412499999999937
21
-172.6964399999999955
0
LINE
8
BLACK
6
CONTINUOUS
10
66.2412499999999937
20
-172.6964399999999955
11
65.8937499999999972
21
-172.6964399999999955
0
LINE
8
BLACK
6
CONTINUOUS
10
65.8937499999999972
20
-172.6964399999999955
11
65.827258999999998
21
-172.6832139999999924
0
LINE
8
BLACK
6
CONTINUOUS
10
65.827258999999998
20
-172.6832139999999924
11
65.7708899999999943
21
-172.6455499999999859
0
LINE
8
BLACK
6
CONTINUOUS
10
65.7708899999999943
20
-172.6455499999999859
11
65.7332260000000019
21
-172.5891809999999964
0
LINE
8
BLACK
6
CONTINUOUS
10
65.7332260000000019
20
-172.5891809999999964
11
65.7199999999999989
21
-172.522689999999983
0
LINE
8
BLACK
6
CONTINUOUS
10
65.7199999999999989
20
-172.522689999999983
11
65.7199999999999989
21
-172.1121899999999982
0
LINE
8
BLACK
6
CONTINUOUS
10
65.7199999999999989
20
-172.1121899999999982
11
65.7332260000000019
21
-172.0456989999999848
0
LINE
8
BLACK
6
CONTINUOUS
10
65.7332260000000019
20
-172.0456989999999848
11
65.7708899999999943
21
-171.9893299999999954
0
LINE
8
BLACK
6
CONTINUOUS
10
65.7708899999999943
20
-171.9893299999999954
11
65.827258999999998
21
-171.9516659999999888
0
LINE
8
BLACK
6
CONTINUOUS
10
65.827258999999998
20
-171.9516659999999888
11
65.8937499999999972
21
-171.9384399999999857
0
LINE
8
BLACK
6
CONTINUOUS
10
65.8937499999999972
20
-171.9384399999999857
11
66.2412499999999937
21
-171.9384399999999857
0
LINE
8
BLACK
6
CONTINUOUS
10
66.2412499999999937
20
-171.9384399999999857
11
66.3077409999999929
21
-171.9516659999999888
0
LINE
8
BLACK
6
CONTINUOUS
10
67.8827409999999958
20
-171.9516659999999888
11
67.9391099999999994
21
-171.9893299999999954
0
LINE
8
BLACK
6
CONTINUOUS
10
67.9391099999999994
20
-171.9893299999999954
11
67.9767739999999918
21
-172.0456989999999848
0
LINE
8
BLACK
6
CONTINUOUS
10
67.9767739999999918
20
-172.0456989999999848
11
67.9899999999999949
21
-172.1121899999999982
0
LINE
8
BLACK
6
CONTINUOUS
10
67.9899999999999949
20
-172.1121899999999982
11
67.9899999999999949
21
-172.522689999999983
0
LINE
8
BLACK
6
CONTINUOUS
10
67.9899999999999949
20
-172.522689999999983
11
67.9767739999999918
21
-172.5891809999999964
0
LINE
8
BLACK
6
CONTINUOUS
10
67.9767739999999918
20
-172.5891809999999964
11
67.9391099999999994
21
-172.6455499999999859
0
LINE
8
BLACK
6
CONTINUOUS
10
67.9391099999999994
20
-172.6455499999999859
11
67.8827409999999958
21
-172.6832139999999924
0
LINE
8
BLACK
6
CONTINUOUS
10
67.8827409999999958
20
-172.6832139999999924
11
67.8162499999999966
21
-172.6964399999999955
0
LINE
8
BLACK
6
CONTINUOUS
10
67.8162499999999966
20
-172.6964399999999955
11
67.46875
21
-172.6964399999999955
0
LINE
8
BLACK
6
CONTINUOUS
10
67.46875
20
-172.6964399999999955
11
67.4022590000000008
21
-172.6832139999999924
0
LINE
8
BLACK
6
CONTINUOUS
10
67.4022590000000008
20
-172.6832139999999924
11
67.3458899999999971
21
-172.6455499999999859
0
LINE
8
BLACK
6
CONTINUOUS
10
67.3458899999999971
20
-172.6455499999999859
11
67.3082259999999906
21
-172.5891809999999964
0
LINE
8
BLACK
6
CONTINUOUS
10
67.3082259999999906
20
-172.5891809999999964
11
67.2950000000000017
21
-172.522689999999983
0
LINE
8
BLACK
6
CONTINUOUS
10
67.2950000000000017
20
-172.522689999999983
11
67.2950000000000017
21
-172.1121899999999982
0
LINE
8
BLACK
6
CONTINUOUS
10
67.2950000000000017
20
-172.1121899999999982
11
67.3082259999999906
21
-172.0456989999999848
0
LINE
8
BLACK
6
CONTINUOUS
10
67.3082259999999906
20
-172.0456989999999848
11
67.3458899999999971
21
-171.9893299999999954
0
LINE
8
BLACK
6
CONTINUOUS
10
67.3458899999999971
20
-171.9893299999999954
11
67.4022590000000008
21
-171.9516659999999888
0
LINE
8
BLACK
6
CONTINUOUS
10
67.4022590000000008
20
-171.9516659999999888
11
67.46875
21
-171.9384399999999857
0
LINE
8
BLACK
6
CONTINUOUS
10
67.46875
20
-171.9384399999999857
11
67.8162499999999966
21
-171.9384399999999857
0
LINE
8
BLACK
6
CONTINUOUS
10
67.8162499999999966
20
-171.9384399999999857
11
67.8827409999999958
21
-171.9516659999999888
0
LINE
8
BLACK
6
CONTINUOUS
10
64.2379689999999925
20
-172.0765109999999822
11
64.2715149999999937
21
-172.0989249999999799
0
LINE
8
BLACK
6
CONTINUOUS
10
64.2715149999999937
20
-172.0989249999999799
11
64.2939289999999914
21
-172.1324709999999811
0
LINE
8
BLACK
6
CONTINUOUS
10
64.2939289999999914
20
-172.1324709999999811
11
64.3018000000000001
21
-172.1720399999999813
0
LINE
8
BLACK
6
CONTINUOUS
10
64.3018000000000001
20
-172.1720399999999813
11
64.3018000000000001
21
-172.4628399999999999
0
LINE
8
BLACK
6
CONTINUOUS
10
64.3018000000000001
20
-172.4628399999999999
11
64.2939289999999914
21
-172.5024090000000001
0
LINE
8
BLACK
6
CONTINUOUS
10
64.2939289999999914
20
-172.5024090000000001
11
64.2715149999999937
21
-172.5359550000000013
0
LINE
8
BLACK
6
CONTINUOUS
10
64.2715149999999937
20
-172.5359550000000013
11
64.2379689999999925
21
-172.558368999999999
0
LINE
8
BLACK
6
CONTINUOUS
10
64.2379689999999925
20
-172.558368999999999
11
64.1983999999999924
21
-172.5662399999999934
0
LINE
8
BLACK
6
CONTINUOUS
10
64.1983999999999924
20
-172.5662399999999934
11
63.9915999999999983
21
-172.5662399999999934
0
LINE
8
BLACK
6
CONTINUOUS
10
63.9915999999999983
20
-172.5662399999999934
11
63.9520309999999981
21
-172.558368999999999
0
LINE
8
BLACK
6
CONTINUOUS
10
63.9520309999999981
20
-172.558368999999999
11
63.9184849999999969
21
-172.5359550000000013
0
LINE
8
BLACK
6
CONTINUOUS
10
63.9184849999999969
20
-172.5359550000000013
11
63.8960709999999992
21
-172.5024090000000001
0
LINE
8
BLACK
6
CONTINUOUS
10
63.8960709999999992
20
-172.5024090000000001
11
63.8881999999999977
21
-172.4628399999999999
0
LINE
8
BLACK
6
CONTINUOUS
10
63.8881999999999977
20
-172.4628399999999999
11
63.8881999999999977
21
-172.1720399999999813
0
LINE
8
BLACK
6
CONTINUOUS
10
63.8881999999999977
20
-172.1720399999999813
11
63.8960709999999992
21
-172.1324709999999811
0
LINE
8
BLACK
6
CONTINUOUS
10
63.8960709999999992
20
-172.1324709999999811
11
63.9184849999999969
21
-172.0989249999999799
0
LINE
8
BLACK
6
CONTINUOUS
10
63.9184849999999969
20
-172.0989249999999799
11
63.9520309999999981
21
-172.0765109999999822
0
LINE
8
BLACK
6
CONTINUOUS
10
63.9520309999999981
20
-172.0765109999999822
11
63.9915999999999983
21
-172.0686399999999878
0
LINE
8
BLACK
6
CONTINUOUS
10
63.9915999999999983
20
-172.0686399999999878
11
64.1983999999999924
21
-172.0686399999999878
0
LINE
8
BLACK
6
CONTINUOUS
10
64.1983999999999924
20
-172.0686399999999878
11
64.2379689999999925
21
-172.0765109999999822
0
LINE
8
BLACK
6
CONTINUOUS
10
65.2579690000000028
20
-172.0765109999999822
11
65.291515000000004
21
-172.0989249999999799
0
LINE
8
BLACK
6
CONTINUOUS
10
65.291515000000004
20
-172.0989249999999799
11
65.3139290000000017
21
-172.1324709999999811
0
LINE
8
BLACK
6
CONTINUOUS
10
65.3139290000000017
20
-172.1324709999999811
11
65.3217999999999961
21
-172.1720399999999813
0
LINE
8
BLACK
6
CONTINUOUS
10
65.3217999999999961
20
-172.1720399999999813
11
65.3217999999999961
21
-172.4628399999999999
0
LINE
8
BLACK
6
CONTINUOUS
10
65.3217999999999961
20
-172.4628399999999999
11
65.3139290000000017
21
-172.5024090000000001
0
LINE
8
BLACK
6
CONTINUOUS
10
65.3139290000000017
20
-172.5024090000000001
11
65.291515000000004
21
-172.5359550000000013
0
LINE
8
BLACK
6
CONTINUOUS
10
65.291515000000004
20
-172.5359550000000013
11
65.2579690000000028
21
-172.558368999999999
0
LINE
8
BLACK
6
CONTINUOUS
10
65.2579690000000028
20
-172.558368999999999
11
65.2184000000000026
21
-172.5662399999999934
0
LINE
8
BLACK
6
CONTINUOUS
10
65.2184000000000026
20
-172.5662399999999934
11
65.0116000000000014
21
-172.5662399999999934
0
LINE
8
BLACK
6
CONTINUOUS
10
65.0116000000000014
20
-172.5662399999999934
11
64.9720310000000012
21
-172.558368999999999
0
LINE
8
BLACK
6
CONTINUOUS
10
64.9720310000000012
20
-172.558368999999999
11
64.938485
21
-172.5359550000000013
0
LINE
8
BLACK
6
CONTINUOUS
10
64.938485
20
-172.5359550000000013
11
64.9160710000000023
21
-172.5024090000000001
0
LINE
8
BLACK
6
CONTINUOUS
10
64.9160710000000023
20
-172.5024090000000001
11
64.9081999999999937
21
-172.4628399999999999
0
LINE
8
BLACK
6
CONTINUOUS
10
64.9081999999999937
20
-172.4628399999999999
11
64.9081999999999937
21
-172.1720399999999813
0
LINE
8
BLACK
6
CONTINUOUS
10
64.9081999999999937
20
-172.1720399999999813
11
64.9160710000000023
21
-172.1324709999999811
0
LINE
8
BLACK
6
CONTINUOUS
10
64.9160710000000023
20
-172.1324709999999811
11
64.938485
21
-172.0989249999999799
0
LINE
8
BLACK
6
CONTINUOUS
10
64.938485
20
-172.0989249999999799
11
64.9720310000000012
21
-172.0765109999999822
0
LINE
8
BLACK
6
CONTINUOUS
10
64.9720310000000012
20
-172.0765109999999822
11
65.0116000000000014
21
-172.0686399999999878
0
LINE
8
BLACK
6
CONTINUOUS
10
65.0116000000000014
20
-172.0686399999999878
11
65.2184000000000026
21
-172.0686399999999878
0
LINE
8
BLACK
6
CONTINUOUS
10
65.2184000000000026
20
-172.0686399999999878
11
65.2579690000000028
21
-172.0765109999999822
0
LINE
8
BLACK
6
CONTINUOUS
10
68.6319999999999908
20
-172.0794400000000053
11
68.3780000000000001
21
-172.0794400000000053
0
LINE
8
BLACK
6
CONTINUOUS
10
68.3780000000000001
20
-172.0794400000000053
11
68.3780000000000001
21
-171.4054399999999987
0
LINE
8
BLACK
6
CONTINUOUS
10
68.3780000000000001
20
-171.4054399999999987
11
68.6319999999999908
21
-171.4054399999999987
0
LINE
8
BLACK
6
CONTINUOUS
10
68.6319999999999908
20
-171.4054399999999987
11
68.6319999999999908
21
-172.0794400000000053
0
LINE
8
BLACK
6
CONTINUOUS
10
69.2819999999999965
20
-172.0794400000000053
11
69.0279999999999916
21
-172.0794400000000053
0
LINE
8
BLACK
6
CONTINUOUS
10
69.0279999999999916
20
-172.0794400000000053
11
69.0279999999999916
21
-171.4054399999999987
0
LINE
8
BLACK
6
CONTINUOUS
10
69.0279999999999916
20
-171.4054399999999987
11
69.2819999999999965
21
-171.4054399999999987
0
LINE
8
BLACK
6
CONTINUOUS
10
69.2819999999999965
20
-171.4054399999999987
11
69.2819999999999965
21
-172.0794400000000053
0
LINE
8
BLACK
6
CONTINUOUS
10
69.9320000000000022
20
-172.0794400000000053
11
69.6779999999999973
21
-172.0794400000000053
0
LINE
8
BLACK
6
CONTINUOUS
10
69.6779999999999973
20
-172.0794400000000053
11
69.6779999999999973
21
-171.4054399999999987
0
LINE
8
BLACK
6
CONTINUOUS
10
69.6779999999999973
20
-171.4054399999999987
11
69.9320000000000022
21
-171.4054399999999987
0
LINE
8
BLACK
6
CONTINUOUS
10
69.9320000000000022
20
-171.4054399999999987
11
69.9320000000000022
21
-172.0794400000000053
0
LINE
8
BLACK
6
CONTINUOUS
10
49.8950999999999993
20
-171.959399999999988
11
49.4898999999999987
21
-171.959399999999988
0
LINE
8
BLACK
6
CONTINUOUS
10
49.4898999999999987
20
-171.959399999999988
11
49.4898999999999987
21
-171.1005999999999858
0
LINE
8
BLACK
6
CONTINUOUS
10
49.4898999999999987
20
-171.1005999999999858
11
49.8950999999999993
21
-171.1005999999999858
0
LINE
8
BLACK
6
CONTINUOUS
10
49.8950999999999993
20
-171.1005999999999858
11
49.8950999999999993
21
-171.959399999999988
0
LINE
8
BLACK
6
CONTINUOUS
10
50.8450999999999951
20
-171.959399999999988
11
50.4398999999999944
21
-171.959399999999988
0
LINE
8
BLACK
6
CONTINUOUS
10
50.4398999999999944
20
-171.959399999999988
11
50.4398999999999944
21
-171.1005999999999858
0
LINE
8
BLACK
6
CONTINUOUS
10
50.4398999999999944
20
-171.1005999999999858
11
50.8450999999999951
21
-171.1005999999999858
0
LINE
8
BLACK
6
CONTINUOUS
10
50.8450999999999951
20
-171.1005999999999858
11
50.8450999999999951
21
-171.959399999999988
0
LINE
8
BLACK
6
CONTINUOUS
10
51.7950999999999979
20
-171.959399999999988
11
51.3898999999999972
21
-171.959399999999988
0
LINE
8
BLACK
6
CONTINUOUS
10
51.3898999999999972
20
-171.959399999999988
11
51.3898999999999972
21
-171.1005999999999858
0
LINE
8
BLACK
6
CONTINUOUS
10
51.3898999999999972
20
-171.1005999999999858
11
51.7950999999999979
21
-171.1005999999999858
0
LINE
8
BLACK
6
CONTINUOUS
10
51.7950999999999979
20
-171.1005999999999858
11
51.7950999999999979
21
-171.959399999999988
0
LINE
8
BLACK
6
CONTINUOUS
10
58.5799689999999984
20
-171.4785109999999975
11
58.6135149999999996
21
-171.5009249999999952
0
LINE
8
BLACK
6
CONTINUOUS
10
58.6135149999999996
20
-171.5009249999999952
11
58.6359289999999973
21
-171.5344709999999964
0
LINE
8
BLACK
6
CONTINUOUS
10
58.6359289999999973
20
-171.5344709999999964
11
58.6437999999999988
21
-171.5740399999999966
0
LINE
8
BLACK
6
CONTINUOUS
10
58.6437999999999988
20
-171.5740399999999966
11
58.6437999999999988
21
-171.7808399999999835
0
LINE
8
BLACK
6
CONTINUOUS
10
58.6437999999999988
20
-171.7808399999999835
11
58.6359289999999973
21
-171.8204089999999837
0
LINE
8
BLACK
6
CONTINUOUS
10
58.6359289999999973
20
-171.8204089999999837
11
58.6135149999999996
21
-171.8539549999999849
0
LINE
8
BLACK
6
CONTINUOUS
10
58.6135149999999996
20
-171.8539549999999849
11
58.5799689999999984
21
-171.8763689999999826
0
LINE
8
BLACK
6
CONTINUOUS
10
58.5799689999999984
20
-171.8763689999999826
11
58.5403999999999982
21
-171.8842400000000055
0
LINE
8
BLACK
6
CONTINUOUS
10
58.5403999999999982
20
-171.8842400000000055
11
58.2495999999999938
21
-171.8842400000000055
0
LINE
8
BLACK
6
CONTINUOUS
10
58.2495999999999938
20
-171.8842400000000055
11
58.2100310000000007
21
-171.8763689999999826
0
LINE
8
BLACK
6
CONTINUOUS
10
58.2100310000000007
20
-171.8763689999999826
11
58.1764849999999996
21
-171.8539549999999849
0
LINE
8
BLACK
6
CONTINUOUS
10
58.1764849999999996
20
-171.8539549999999849
11
58.1540709999999947
21
-171.8204089999999837
0
LINE
8
BLACK
6
CONTINUOUS
10
58.1540709999999947
20
-171.8204089999999837
11
58.1462000000000003
21
-171.7808399999999835
0
LINE
8
BLACK
6
CONTINUOUS
10
58.1462000000000003
20
-171.7808399999999835
11
58.1462000000000003
21
-171.5740399999999966
0
LINE
8
BLACK
6
CONTINUOUS
10
58.1462000000000003
20
-171.5740399999999966
11
58.1540709999999947
21
-171.5344709999999964
0
LINE
8
BLACK
6
CONTINUOUS
10
58.1540709999999947
20
-171.5344709999999964
11
58.1764849999999996
21
-171.5009249999999952
0
LINE
8
BLACK
6
CONTINUOUS
10
58.1764849999999996
20
-171.5009249999999952
11
58.2100310000000007
21
-171.4785109999999975
0
LINE
8
BLACK
6
CONTINUOUS
10
58.2100310000000007
20
-171.4785109999999975
11
58.2495999999999938
21
-171.4706400000000031
0
LINE
8
BLACK
6
CONTINUOUS
10
58.2495999999999938
20
-171.4706400000000031
11
58.5403999999999982
21
-171.4706400000000031
0
LINE
8
BLACK
6
CONTINUOUS
10
58.5403999999999982
20
-171.4706400000000031
11
58.5799689999999984
21
-171.4785109999999975
0
LINE
8
BLACK
6
CONTINUOUS
10
57.7499690000000001
20
-171.473511000000002
11
57.7835149999999942
21
-171.4959249999999997
0
LINE
8
BLACK
6
CONTINUOUS
10
57.7835149999999942
20
-171.4959249999999997
11
57.805928999999999
21
-171.5294710000000009
0
LINE
8
BLACK
6
CONTINUOUS
10
57.805928999999999
20
-171.5294710000000009
11
57.8138000000000005
21
-171.5690400000000011
0
LINE
8
BLACK
6
CONTINUOUS
10
57.8138000000000005
20
-171.5690400000000011
11
57.8138000000000005
21
-171.7758399999999881
0
LINE
8
BLACK
6
CONTINUOUS
10
57.8138000000000005
20
-171.7758399999999881
11
57.805928999999999
21
-171.8154089999999883
0
LINE
8
BLACK
6
CONTINUOUS
10
57.805928999999999
20
-171.8154089999999883
11
57.7835149999999942
21
-171.8489549999999895
0
LINE
8
BLACK
6
CONTINUOUS
10
57.7835149999999942
20
-171.8489549999999895
11
57.7499690000000001
21
-171.8713689999999872
0
LINE
8
BLACK
6
CONTINUOUS
10
57.7499690000000001
20
-171.8713689999999872
11
57.7103999999999999
21
-171.8792399999999816
0
LINE
8
BLACK
6
CONTINUOUS
10
57.7103999999999999
20
-171.8792399999999816
11
57.4195999999999955
21
-171.8792399999999816
0
LINE
8
BLACK
6
CONTINUOUS
10
57.4195999999999955
20
-171.8792399999999816
11
57.3800309999999953
21
-171.8713689999999872
0
LINE
8
BLACK
6
CONTINUOUS
10
57.3800309999999953
20
-171.8713689999999872
11
57.3464849999999942
21
-171.8489549999999895
0
LINE
8
BLACK
6
CONTINUOUS
10
57.3464849999999942
20
-171.8489549999999895
11
57.3240709999999964
21
-171.8154089999999883
0
LINE
8
BLACK
6
CONTINUOUS
10
57.3240709999999964
20
-171.8154089999999883
11
57.3161999999999949
21
-171.7758399999999881
0
LINE
8
BLACK
6
CONTINUOUS
10
57.3161999999999949
20
-171.7758399999999881
11
57.3161999999999949
21
-171.5690400000000011
0
LINE
8
BLACK
6
CONTINUOUS
10
57.3161999999999949
20
-171.5690400000000011
11
57.3240709999999964
21
-171.5294710000000009
0
LINE
8
BLACK
6
CONTINUOUS
10
57.3240709999999964
20
-171.5294710000000009
11
57.3464849999999942
21
-171.4959249999999997
0
LINE
8
BLACK
6
CONTINUOUS
10
57.3464849999999942
20
-171.4959249999999997
11
57.3800309999999953
21
-171.473511000000002
0
LINE
8
BLACK
6
CONTINUOUS
10
57.3800309999999953
20
-171.473511000000002
11
57.4195999999999955
21
-171.4656399999999792
0
LINE
8
BLACK
6
CONTINUOUS
10
57.4195999999999955
20
-171.4656399999999792
11
57.7103999999999999
21
-171.4656399999999792
0
LINE
8
BLACK
6
CONTINUOUS
10
57.7103999999999999
20
-171.4656399999999792
11
57.7499690000000001
21
-171.473511000000002
0
LINE
8
BLACK
6
CONTINUOUS
10
65.5749689999999958
20
-171.1685109999999952
11
65.608514999999997
21
-171.1909249999999929
0
LINE
8
BLACK
6
CONTINUOUS
10
65.608514999999997
20
-171.1909249999999929
11
65.6309289999999947
21
-171.2244709999999941
0
LINE
8
BLACK
6
CONTINUOUS
10
65.6309289999999947
20
-171.2244709999999941
11
65.6388000000000034
21
-171.2640399999999943
0
LINE
8
BLACK
6
CONTINUOUS
10
65.6388000000000034
20
-171.2640399999999943
11
65.6388000000000034
21
-171.4708399999999813
0
LINE
8
BLACK
6
CONTINUOUS
10
65.6388000000000034
20
-171.4708399999999813
11
65.6309289999999947
21
-171.5104089999999815
0
LINE
8
BLACK
6
CONTINUOUS
10
65.6309289999999947
20
-171.5104089999999815
11
65.608514999999997
21
-171.5439549999999826
0
LINE
8
BLACK
6
CONTINUOUS
10
65.608514999999997
20
-171.5439549999999826
11
65.5749689999999958
21
-171.5663689999999804
0
LINE
8
BLACK
6
CONTINUOUS
10
65.5749689999999958
20
-171.5663689999999804
11
65.5353999999999957
21
-171.5742400000000032
0
LINE
8
BLACK
6
CONTINUOUS
10
65.5353999999999957
20
-171.5742400000000032
11
65.2445999999999913
21
-171.5742400000000032
0
LINE
8
BLACK
6
CONTINUOUS
10
65.2445999999999913
20
-171.5742400000000032
11
65.2050309999999911
21
-171.5663689999999804
0
LINE
8
BLACK
6
CONTINUOUS
10
65.2050309999999911
20
-171.5663689999999804
11
65.1714850000000041
21
-171.5439549999999826
0
LINE
8
BLACK
6
CONTINUOUS
10
65.1714850000000041
20
-171.5439549999999826
11
65.1490709999999922
21
-171.5104089999999815
0
LINE
8
BLACK
6
CONTINUOUS
10
65.1490709999999922
20
-171.5104089999999815
11
65.1411999999999978
21
-171.4708399999999813
0
LINE
8
BLACK
6
CONTINUOUS
10
65.1411999999999978
20
-171.4708399999999813
11
65.1411999999999978
21
-171.2640399999999943
0
LINE
8
BLACK
6
CONTINUOUS
10
65.1411999999999978
20
-171.2640399999999943
11
65.1490709999999922
21
-171.2244709999999941
0
LINE
8
BLACK
6
CONTINUOUS
10
65.1490709999999922
20
-171.2244709999999941
11
65.1714850000000041
21
-171.1909249999999929
0
LINE
8
BLACK
6
CONTINUOUS
10
65.1714850000000041
20
-171.1909249999999929
11
65.2050309999999911
21
-171.1685109999999952
0
LINE
8
BLACK
6
CONTINUOUS
10
65.2050309999999911
20
-171.1685109999999952
11
65.2445999999999913
21
-171.1606400000000008
0
LINE
8
BLACK
6
CONTINUOUS
10
65.2445999999999913
20
-171.1606400000000008
11
65.5353999999999957
21
-171.1606400000000008
0
LINE
8
BLACK
6
CONTINUOUS
10
65.5353999999999957
20
-171.1606400000000008
11
65.5749689999999958
21
-171.1685109999999952
0
LINE
8
BLACK
6
CONTINUOUS
10
66.3999689999999987
20
-171.1685109999999952
11
66.4335149999999999
21
-171.1909249999999929
0
LINE
8
BLACK
6
CONTINUOUS
10
66.4335149999999999
20
-171.1909249999999929
11
66.4559289999999976
21
-171.2244709999999941
0
LINE
8
BLACK
6
CONTINUOUS
10
66.4559289999999976
20
-171.2244709999999941
11
66.463799999999992
21
-171.2640399999999943
0
LINE
8
BLACK
6
CONTINUOUS
10
66.463799999999992
20
-171.2640399999999943
11
66.463799999999992
21
-171.4708399999999813
0
LINE
8
BLACK
6
CONTINUOUS
10
66.463799999999992
20
-171.4708399999999813
11
66.4559289999999976
21
-171.5104089999999815
0
LINE
8
BLACK
6
CONTINUOUS
10
66.4559289999999976
20
-171.5104089999999815
11
66.4335149999999999
21
-171.5439549999999826
0
LINE
8
BLACK
6
CONTINUOUS
10
66.4335149999999999
20
-171.5439549999999826
11
66.3999689999999987
21
-171.5663689999999804
0
LINE
8
BLACK
6
CONTINUOUS
10
66.3999689999999987
20
-171.5663689999999804
11
66.3603999999999985
21
-171.5742400000000032
0
LINE
8
BLACK
6
CONTINUOUS
10
66.3603999999999985
20
-171.5742400000000032
11
66.0695999999999941
21
-171.5742400000000032
0
LINE
8
BLACK
6
CONTINUOUS
10
66.0695999999999941
20
-171.5742400000000032
11
66.0300309999999939
21
-171.5663689999999804
0
LINE
8
BLACK
6
CONTINUOUS
10
66.0300309999999939
20
-171.5663689999999804
11
65.9964849999999927
21
-171.5439549999999826
0
LINE
8
BLACK
6
CONTINUOUS
10
65.9964849999999927
20
-171.5439549999999826
11
65.974070999999995
21
-171.5104089999999815
0
LINE
8
BLACK
6
CONTINUOUS
10
65.974070999999995
20
-171.5104089999999815
11
65.9662000000000006
21
-171.4708399999999813
0
LINE
8
BLACK
6
CONTINUOUS
10
65.9662000000000006
20
-171.4708399999999813
11
65.9662000000000006
21
-171.2640399999999943
0
LINE
8
BLACK
6
CONTINUOUS
10
65.9662000000000006
20
-171.2640399999999943
11
65.974070999999995
21
-171.2244709999999941
0
LINE
8
BLACK
6
CONTINUOUS
10
65.974070999999995
20
-171.2244709999999941
11
65.9964849999999927
21
-171.1909249999999929
0
LINE
8
BLACK
6
CONTINUOUS
10
65.9964849999999927
20
-171.1909249999999929
11
66.0300309999999939
21
-171.1685109999999952
0
LINE
8
BLACK
6
CONTINUOUS
10
66.0300309999999939
20
-171.1685109999999952
11
66.0695999999999941
21
-171.1606400000000008
0
LINE
8
BLACK
6
CONTINUOUS
10
66.0695999999999941
20
-171.1606400000000008
11
66.3603999999999985
21
-171.1606400000000008
0
LINE
8
BLACK
6
CONTINUOUS
10
66.3603999999999985
20
-171.1606400000000008
11
66.3999689999999987
21
-171.1685109999999952
0
LINE
8
BLACK
6
CONTINUOUS
10
64.7389769999999913
20
-171.1304309999999873
11
64.7738849999999928
21
-171.1537549999999896
0
LINE
8
BLACK
6
CONTINUOUS
10
64.7738849999999928
20
-171.1537549999999896
11
64.7972089999999952
21
-171.1886629999999911
0
LINE
8
BLACK
6
CONTINUOUS
10
64.7972089999999952
20
-171.1886629999999911
11
64.8053999999999917
21
-171.2298399999999958
0
LINE
8
BLACK
6
CONTINUOUS
10
64.8053999999999917
20
-171.2298399999999958
11
64.8053999999999917
21
-171.4450400000000059
0
LINE
8
BLACK
6
CONTINUOUS
10
64.8053999999999917
20
-171.4450400000000059
11
64.7972089999999952
21
-171.4862169999999821
0
LINE
8
BLACK
6
CONTINUOUS
10
64.7972089999999952
20
-171.4862169999999821
11
64.7738849999999928
21
-171.5211249999999836
0
LINE
8
BLACK
6
CONTINUOUS
10
64.7738849999999928
20
-171.5211249999999836
11
64.7389769999999913
21
-171.544448999999986
0
LINE
8
BLACK
6
CONTINUOUS
10
64.7389769999999913
20
-171.544448999999986
11
64.6978000000000009
21
-171.5526399999999967
0
LINE
8
BLACK
6
CONTINUOUS
10
64.6978000000000009
20
-171.5526399999999967
11
64.4321999999999946
21
-171.5526399999999967
0
LINE
8
BLACK
6
CONTINUOUS
10
64.4321999999999946
20
-171.5526399999999967
11
64.3910230000000041
21
-171.544448999999986
0
LINE
8
BLACK
6
CONTINUOUS
10
64.3910230000000041
20
-171.544448999999986
11
64.3561150000000026
21
-171.5211249999999836
0
LINE
8
BLACK
6
CONTINUOUS
10
64.3561150000000026
20
-171.5211249999999836
11
64.3327910000000003
21
-171.4862169999999821
0
LINE
8
BLACK
6
CONTINUOUS
10
64.3327910000000003
20
-171.4862169999999821
11
64.3246000000000038
21
-171.4450400000000059
0
LINE
8
BLACK
6
CONTINUOUS
10
64.3246000000000038
20
-171.4450400000000059
11
64.3246000000000038
21
-171.2298399999999958
0
LINE
8
BLACK
6
CONTINUOUS
10
64.3246000000000038
20
-171.2298399999999958
11
64.3327910000000003
21
-171.1886629999999911
0
LINE
8
BLACK
6
CONTINUOUS
10
64.3327910000000003
20
-171.1886629999999911
11
64.3561150000000026
21
-171.1537549999999896
0
LINE
8
BLACK
6
CONTINUOUS
10
64.3561150000000026
20
-171.1537549999999896
11
64.3910230000000041
21
-171.1304309999999873
0
LINE
8
BLACK
6
CONTINUOUS
10
64.3910230000000041
20
-171.1304309999999873
11
64.4321999999999946
21
-171.122240000000005
0
LINE
8
BLACK
6
CONTINUOUS
10
64.4321999999999946
20
-171.122240000000005
11
64.6978000000000009
21
-171.122240000000005
0
LINE
8
BLACK
6
CONTINUOUS
10
64.6978000000000009
20
-171.122240000000005
11
64.7389769999999913
21
-171.1304309999999873
0
LINE
8
BLACK
6
CONTINUOUS
10
61.0889769999999999
20
-171.1104310000000055
11
61.1238849999999942
21
-171.1337549999999794
0
LINE
8
BLACK
6
CONTINUOUS
10
61.1238849999999942
20
-171.1337549999999794
11
61.1472089999999966
21
-171.1686629999999809
0
LINE
8
BLACK
6
CONTINUOUS
10
61.1472089999999966
20
-171.1686629999999809
11
61.1554000000000002
21
-171.2098399999999856
0
LINE
8
BLACK
6
CONTINUOUS
10
61.1554000000000002
20
-171.2098399999999856
11
61.1554000000000002
21
-171.4250399999999956
0
LINE
8
BLACK
6
CONTINUOUS
10
61.1554000000000002
20
-171.4250399999999956
11
61.1472089999999966
21
-171.4662170000000003
0
LINE
8
BLACK
6
CONTINUOUS
10
61.1472089999999966
20
-171.4662170000000003
11
61.1238849999999942
21
-171.5011250000000018
0
LINE
8
BLACK
6
CONTINUOUS
10
61.1238849999999942
20
-171.5011250000000018
11
61.0889769999999999
21
-171.5244490000000042
0
LINE
8
BLACK
6
CONTINUOUS
10
61.0889769999999999
20
-171.5244490000000042
11
61.0477999999999952
21
-171.5326399999999865
0
LINE
8
BLACK
6
CONTINUOUS
10
61.0477999999999952
20
-171.5326399999999865
11
60.782199999999996
21
-171.5326399999999865
0
LINE
8
BLACK
6
CONTINUOUS
10
60.782199999999996
20
-171.5326399999999865
11
60.7410229999999984
21
-171.5244490000000042
0
LINE
8
BLACK
6
CONTINUOUS
10
60.7410229999999984
20
-171.5244490000000042
11
60.7061149999999969
21
-171.5011250000000018
0
LINE
8
BLACK
6
CONTINUOUS
10
60.7061149999999969
20
-171.5011250000000018
11
60.6827909999999946
21
-171.4662170000000003
0
LINE
8
BLACK
6
CONTINUOUS
10
60.6827909999999946
20
-171.4662170000000003
11
60.6745999999999981
21
-171.4250399999999956
0
LINE
8
BLACK
6
CONTINUOUS
10
60.6745999999999981
20
-171.4250399999999956
11
60.6745999999999981
21
-171.2098399999999856
0
LINE
8
BLACK
6
CONTINUOUS
10
60.6745999999999981
20
-171.2098399999999856
11
60.6827909999999946
21
-171.1686629999999809
0
LINE
8
BLACK
6
CONTINUOUS
10
60.6827909999999946
20
-171.1686629999999809
11
60.7061149999999969
21
-171.1337549999999794
0
LINE
8
BLACK
6
CONTINUOUS
10
60.7061149999999969
20
-171.1337549999999794
11
60.7410229999999984
21
-171.1104310000000055
0
LINE
8
BLACK
6
CONTINUOUS
10
60.7410229999999984
20
-171.1104310000000055
11
60.782199999999996
21
-171.1022399999999948
0
LINE
8
BLACK
6
CONTINUOUS
10
60.782199999999996
20
-171.1022399999999948
11
61.0477999999999952
21
-171.1022399999999948
0
LINE
8
BLACK
6
CONTINUOUS
10
61.0477999999999952
20
-171.1022399999999948
11
61.0889769999999999
21
-171.1104310000000055
0
LINE
8
BLACK
6
CONTINUOUS
10
62.9089770000000001
20
-171.0904309999999953
11
62.9438849999999945
21
-171.1137549999999976
0
LINE
8
BLACK
6
CONTINUOUS
10
62.9438849999999945
20
-171.1137549999999976
11
62.9672089999999969
21
-171.1486629999999991
0
LINE
8
BLACK
6
CONTINUOUS
10
62.9672089999999969
20
-171.1486629999999991
11
62.9754000000000005
21
-171.1898400000000038
0
LINE
8
BLACK
6
CONTINUOUS
10
62.9754000000000005
20
-171.1898400000000038
11
62.9754000000000005
21
-171.4050399999999854
0
LINE
8
BLACK
6
CONTINUOUS
10
62.9754000000000005
20
-171.4050399999999854
11
62.9672089999999969
21
-171.4462169999999901
0
LINE
8
BLACK
6
CONTINUOUS
10
62.9672089999999969
20
-171.4462169999999901
11
62.9438849999999945
21
-171.4811249999999916
0
LINE
8
BLACK
6
CONTINUOUS
10
62.9438849999999945
20
-171.4811249999999916
11
62.9089770000000001
21
-171.5044489999999939
0
LINE
8
BLACK
6
CONTINUOUS
10
62.9089770000000001
20
-171.5044489999999939
11
62.8677999999999955
21
-171.5126400000000046
0
LINE
8
BLACK
6
CONTINUOUS
10
62.8677999999999955
20
-171.5126400000000046
11
62.6021999999999963
21
-171.5126400000000046
0
LINE
8
BLACK
6
CONTINUOUS
10
62.6021999999999963
20
-171.5126400000000046
11
62.5610229999999987
21
-171.5044489999999939
0
LINE
8
BLACK
6
CONTINUOUS
10
62.5610229999999987
20
-171.5044489999999939
11
62.5261149999999972
21
-171.4811249999999916
0
LINE
8
BLACK
6
CONTINUOUS
10
62.5261149999999972
20
-171.4811249999999916
11
62.5027909999999949
21
-171.4462169999999901
0
LINE
8
BLACK
6
CONTINUOUS
10
62.5027909999999949
20
-171.4462169999999901
11
62.4945999999999984
21
-171.4050399999999854
0
LINE
8
BLACK
6
CONTINUOUS
10
62.4945999999999984
20
-171.4050399999999854
11
62.4945999999999984
21
-171.1898400000000038
0
LINE
8
BLACK
6
CONTINUOUS
10
62.4945999999999984
20
-171.1898400000000038
11
62.5027909999999949
21
-171.1486629999999991
0
LINE
8
BLACK
6
CONTINUOUS
10
62.5027909999999949
20
-171.1486629999999991
11
62.5261149999999972
21
-171.1137549999999976
0
LINE
8
BLACK
6
CONTINUOUS
10
62.5261149999999972
20
-171.1137549999999976
11
62.5610229999999987
21
-171.0904309999999953
0
LINE
8
BLACK
6
CONTINUOUS
10
62.5610229999999987
20
-171.0904309999999953
11
62.6021999999999963
21
-171.0822399999999845
0
LINE
8
BLACK
6
CONTINUOUS
10
62.6021999999999963
20
-171.0822399999999845
11
62.8677999999999955
21
-171.0822399999999845
0
LINE
8
BLACK
6
CONTINUOUS
10
62.8677999999999955
20
-171.0822399999999845
11
62.9089770000000001
21
-171.0904309999999953
0
LINE
8
BLACK
6
CONTINUOUS
10
58.5799689999999984
20
-170.4585109999999872
11
58.6135149999999996
21
-170.4809249999999849
0
LINE
8
BLACK
6
CONTINUOUS
10
58.6135149999999996
20
-170.4809249999999849
11
58.6359289999999973
21
-170.5144709999999861
0
LINE
8
BLACK
6
CONTINUOUS
10
58.6359289999999973
20
-170.5144709999999861
11
58.6437999999999988
21
-170.5540399999999863
0
LINE
8
BLACK
6
CONTINUOUS
10
58.6437999999999988
20
-170.5540399999999863
11
58.6437999999999988
21
-170.7608400000000017
0
LINE
8
BLACK
6
CONTINUOUS
10
58.6437999999999988
20
-170.7608400000000017
11
58.6359289999999973
21
-170.8004090000000019
0
LINE
8
BLACK
6
CONTINUOUS
10
58.6359289999999973
20
-170.8004090000000019
11
58.6135149999999996
21
-170.8339550000000031
0
LINE
8
BLACK
6
CONTINUOUS
10
58.6135149999999996
20
-170.8339550000000031
11
58.5799689999999984
21
-170.8563690000000008
0
LINE
8
BLACK
6
CONTINUOUS
10
58.5799689999999984
20
-170.8563690000000008
11
58.5403999999999982
21
-170.8642399999999952
0
LINE
8
BLACK
6
CONTINUOUS
10
58.5403999999999982
20
-170.8642399999999952
11
58.2495999999999938
21
-170.8642399999999952
0
LINE
8
BLACK
6
CONTINUOUS
10
58.2495999999999938
20
-170.8642399999999952
11
58.2100310000000007
21
-170.8563690000000008
0
LINE
8
BLACK
6
CONTINUOUS
10
58.2100310000000007
20
-170.8563690000000008
11
58.1764849999999996
21
-170.8339550000000031
0
LINE
8
BLACK
6
CONTINUOUS
10
58.1764849999999996
20
-170.8339550000000031
11
58.1540709999999947
21
-170.8004090000000019
0
LINE
8
BLACK
6
CONTINUOUS
10
58.1540709999999947
20
-170.8004090000000019
11
58.1462000000000003
21
-170.7608400000000017
0
LINE
8
BLACK
6
CONTINUOUS
10
58.1462000000000003
20
-170.7608400000000017
11
58.1462000000000003
21
-170.5540399999999863
0
LINE
8
BLACK
6
CONTINUOUS
10
58.1462000000000003
20
-170.5540399999999863
11
58.1540709999999947
21
-170.5144709999999861
0
LINE
8
BLACK
6
CONTINUOUS
10
58.1540709999999947
20
-170.5144709999999861
11
58.1764849999999996
21
-170.4809249999999849
0
LINE
8
BLACK
6
CONTINUOUS
10
58.1764849999999996
20
-170.4809249999999849
11
58.2100310000000007
21
-170.4585109999999872
0
LINE
8
BLACK
6
CONTINUOUS
10
58.2100310000000007
20
-170.4585109999999872
11
58.2495999999999938
21
-170.4506399999999928
0
LINE
8
BLACK
6
CONTINUOUS
10
58.2495999999999938
20
-170.4506399999999928
11
58.5403999999999982
21
-170.4506399999999928
0
LINE
8
BLACK
6
CONTINUOUS
10
58.5403999999999982
20
-170.4506399999999928
11
58.5799689999999984
21
-170.4585109999999872
0
LINE
8
BLACK
6
CONTINUOUS
10
57.7499690000000001
20
-170.4535109999999918
11
57.7835149999999942
21
-170.4759249999999895
0
LINE
8
BLACK
6
CONTINUOUS
10
57.7835149999999942
20
-170.4759249999999895
11
57.805928999999999
21
-170.5094709999999907
0
LINE
8
BLACK
6
CONTINUOUS
10
57.805928999999999
20
-170.5094709999999907
11
57.8138000000000005
21
-170.5490399999999909
0
LINE
8
BLACK
6
CONTINUOUS
10
57.8138000000000005
20
-170.5490399999999909
11
57.8138000000000005
21
-170.7558400000000063
0
LINE
8
BLACK
6
CONTINUOUS
10
57.8138000000000005
20
-170.7558400000000063
11
57.805928999999999
21
-170.7954090000000065
0
LINE
8
BLACK
6
CONTINUOUS
10
57.805928999999999
20
-170.7954090000000065
11
57.7835149999999942
21
-170.8289549999999792
0
LINE
8
BLACK
6
CONTINUOUS
10
57.7835149999999942
20
-170.8289549999999792
11
57.7499690000000001
21
-170.8513690000000054
0
LINE
8
BLACK
6
CONTINUOUS
10
57.7499690000000001
20
-170.8513690000000054
11
57.7103999999999999
21
-170.8592399999999998
0
LINE
8
BLACK
6
CONTINUOUS
10
57.7103999999999999
20
-170.8592399999999998
11
57.4195999999999955
21
-170.8592399999999998
0
LINE
8
BLACK
6
CONTINUOUS
10
57.4195999999999955
20
-170.8592399999999998
11
57.3800309999999953
21
-170.8513690000000054
0
LINE
8
BLACK
6
CONTINUOUS
10
57.3800309999999953
20
-170.8513690000000054
11
57.3464849999999942
21
-170.8289549999999792
0
LINE
8
BLACK
6
CONTINUOUS
10
57.3464849999999942
20
-170.8289549999999792
11
57.3240709999999964
21
-170.7954090000000065
0
LINE
8
BLACK
6
CONTINUOUS
10
57.3240709999999964
20
-170.7954090000000065
11
57.3161999999999949
21
-170.7558400000000063
0
LINE
8
BLACK
6
CONTINUOUS
10
57.3161999999999949
20
-170.7558400000000063
11
57.3161999999999949
21
-170.5490399999999909
0
LINE
8
BLACK
6
CONTINUOUS
10
57.3161999999999949
20
-170.5490399999999909
11
57.3240709999999964
21
-170.5094709999999907
0
LINE
8
BLACK
6
CONTINUOUS
10
57.3240709999999964
20
-170.5094709999999907
11
57.3464849999999942
21
-170.4759249999999895
0
LINE
8
BLACK
6
CONTINUOUS
10
57.3464849999999942
20
-170.4759249999999895
11
57.3800309999999953
21
-170.4535109999999918
0
LINE
8
BLACK
6
CONTINUOUS
10
57.3800309999999953
20
-170.4535109999999918
11
57.4195999999999955
21
-170.4456399999999974
0
LINE
8
BLACK
6
CONTINUOUS
10
57.4195999999999955
20
-170.4456399999999974
11
57.7103999999999999
21
-170.4456399999999974
0
LINE
8
BLACK
6
CONTINUOUS
10
57.7103999999999999
20
-170.4456399999999974
11
57.7499690000000001
21
-170.4535109999999918
0
LINE
8
BLACK
6
CONTINUOUS
10
77.1783369999999991
20
-170.3677909999999827
11
77.2132450000000006
21
-170.391114999999985
0
LINE
8
BLACK
6
CONTINUOUS
10
77.2132450000000006
20
-170.391114999999985
11
77.2365690000000029
21
-170.4260229999999865
0
LINE
8
BLACK
6
CONTINUOUS
10
77.2365690000000029
20
-170.4260229999999865
11
77.2447599999999994
21
-170.4671999999999912
0
LINE
8
BLACK
6
CONTINUOUS
10
77.2447599999999994
20
-170.4671999999999912
11
77.2447599999999994
21
-170.7327999999999975
0
LINE
8
BLACK
6
CONTINUOUS
10
77.2447599999999994
20
-170.7327999999999975
11
77.2365690000000029
21
-170.7739770000000021
0
LINE
8
BLACK
6
CONTINUOUS
10
77.2365690000000029
20
-170.7739770000000021
11
77.2132450000000006
21
-170.8088850000000036
0
LINE
8
BLACK
6
CONTINUOUS
10
77.2132450000000006
20
-170.8088850000000036
11
77.1783369999999991
21
-170.832209000000006
0
LINE
8
BLACK
6
CONTINUOUS
10
77.1783369999999991
20
-170.832209000000006
11
77.1371599999999944
21
-170.8403999999999883
0
LINE
8
BLACK
6
CONTINUOUS
10
77.1371599999999944
20
-170.8403999999999883
11
76.9219599999999986
21
-170.8403999999999883
0
LINE
8
BLACK
6
CONTINUOUS
10
76.9219599999999986
20
-170.8403999999999883
11
76.8807829999999939
21
-170.832209000000006
0
LINE
8
BLACK
6
CONTINUOUS
10
76.8807829999999939
20
-170.832209000000006
11
76.8458749999999924
21
-170.8088850000000036
0
LINE
8
BLACK
6
CONTINUOUS
10
76.8458749999999924
20
-170.8088850000000036
11
76.82255099999999
21
-170.7739770000000021
0
LINE
8
BLACK
6
CONTINUOUS
10
76.82255099999999
20
-170.7739770000000021
11
76.8143599999999935
21
-170.7327999999999975
0
LINE
8
BLACK
6
CONTINUOUS
10
76.8143599999999935
20
-170.7327999999999975
11
76.8143599999999935
21
-170.4671999999999912
0
LINE
8
BLACK
6
CONTINUOUS
10
76.8143599999999935
20
-170.4671999999999912
11
76.82255099999999
21
-170.4260229999999865
0
LINE
8
BLACK
6
CONTINUOUS
10
76.82255099999999
20
-170.4260229999999865
11
76.8458749999999924
21
-170.391114999999985
0
LINE
8
BLACK
6
CONTINUOUS
10
76.8458749999999924
20
-170.391114999999985
11
76.8807829999999939
21
-170.3677909999999827
0
LINE
8
BLACK
6
CONTINUOUS
10
76.8807829999999939
20
-170.3677909999999827
11
76.9219599999999986
21
-170.3596000000000004
0
LINE
8
BLACK
6
CONTINUOUS
10
76.9219599999999986
20
-170.3596000000000004
11
77.1371599999999944
21
-170.3596000000000004
0
LINE
8
BLACK
6
CONTINUOUS
10
77.1371599999999944
20
-170.3596000000000004
11
77.1783369999999991
21
-170.3677909999999827
0
LINE
8
BLACK
6
CONTINUOUS
10
78.1383369999999928
20
-170.3677909999999827
11
78.1732449999999943
21
-170.391114999999985
0
LINE
8
BLACK
6
CONTINUOUS
10
78.1732449999999943
20
-170.391114999999985
11
78.1965689999999967
21
-170.4260229999999865
0
LINE
8
BLACK
6
CONTINUOUS
10
78.1965689999999967
20
-170.4260229999999865
11
78.2047599999999932
21
-170.4671999999999912
0
LINE
8
BLACK
6
CONTINUOUS
10
78.2047599999999932
20
-170.4671999999999912
11
78.2047599999999932
21
-170.7327999999999975
0
LINE
8
BLACK
6
CONTINUOUS
10
78.2047599999999932
20
-170.7327999999999975
11
78.1965689999999967
21
-170.7739770000000021
0
LINE
8
BLACK
6
CONTINUOUS
10
78.1965689999999967
20
-170.7739770000000021
11
78.1732449999999943
21
-170.8088850000000036
0
LINE
8
BLACK
6
CONTINUOUS
10
78.1732449999999943
20
-170.8088850000000036
11
78.1383369999999928
21
-170.832209000000006
0
LINE
8
BLACK
6
CONTINUOUS
10
78.1383369999999928
20
-170.832209000000006
11
78.0971600000000024
21
-170.8403999999999883
0
LINE
8
BLACK
6
CONTINUOUS
10
78.0971600000000024
20
-170.8403999999999883
11
77.8819599999999923
21
-170.8403999999999883
0
LINE
8
BLACK
6
CONTINUOUS
10
77.8819599999999923
20
-170.8403999999999883
11
77.8407830000000018
21
-170.832209000000006
0
LINE
8
BLACK
6
CONTINUOUS
10
77.8407830000000018
20
-170.832209000000006
11
77.8058750000000003
21
-170.8088850000000036
0
LINE
8
BLACK
6
CONTINUOUS
10
77.8058750000000003
20
-170.8088850000000036
11
77.782550999999998
21
-170.7739770000000021
0
LINE
8
BLACK
6
CONTINUOUS
10
77.782550999999998
20
-170.7739770000000021
11
77.7743600000000015
21
-170.7327999999999975
0
LINE
8
BLACK
6
CONTINUOUS
10
77.7743600000000015
20
-170.7327999999999975
11
77.7743600000000015
21
-170.4671999999999912
0
LINE
8
BLACK
6
CONTINUOUS
10
77.7743600000000015
20
-170.4671999999999912
11
77.782550999999998
21
-170.4260229999999865
0
LINE
8
BLACK
6
CONTINUOUS
10
77.782550999999998
20
-170.4260229999999865
11
77.8058750000000003
21
-170.391114999999985
0
LINE
8
BLACK
6
CONTINUOUS
10
77.8058750000000003
20
-170.391114999999985
11
77.8407830000000018
21
-170.3677909999999827
0
LINE
8
BLACK
6
CONTINUOUS
10
77.8407830000000018
20
-170.3677909999999827
11
77.8819599999999923
21
-170.3596000000000004
0
LINE
8
BLACK
6
CONTINUOUS
10
77.8819599999999923
20
-170.3596000000000004
11
78.0971600000000024
21
-170.3596000000000004
0
LINE
8
BLACK
6
CONTINUOUS
10
78.0971600000000024
20
-170.3596000000000004
11
78.1383369999999928
21
-170.3677909999999827
0
LINE
8
BLACK
6
CONTINUOUS
10
79.8039770000000033
20
-170.3579909999999984
11
79.8388849999999906
21
-170.3813150000000007
0
LINE
8
BLACK
6
CONTINUOUS
10
79.8388849999999906
20
-170.3813150000000007
11
79.8622089999999929
21
-170.4162230000000022
0
LINE
8
BLACK
6
CONTINUOUS
10
79.8622089999999929
20
-170.4162230000000022
11
79.8703999999999894
21
-170.4573999999999785
0
LINE
8
BLACK
6
CONTINUOUS
10
79.8703999999999894
20
-170.4573999999999785
11
79.8703999999999894
21
-170.6725999999999885
0
LINE
8
BLACK
6
CONTINUOUS
10
79.8703999999999894
20
-170.6725999999999885
11
79.8622089999999929
21
-170.7137769999999932
0
LINE
8
BLACK
6
CONTINUOUS
10
79.8622089999999929
20
-170.7137769999999932
11
79.8388849999999906
21
-170.7486849999999947
0
LINE
8
BLACK
6
CONTINUOUS
10
79.8388849999999906
20
-170.7486849999999947
11
79.8039770000000033
21
-170.7720089999999971
0
LINE
8
BLACK
6
CONTINUOUS
10
79.8039770000000033
20
-170.7720089999999971
11
79.7627999999999986
21
-170.7801999999999794
0
LINE
8
BLACK
6
CONTINUOUS
10
79.7627999999999986
20
-170.7801999999999794
11
79.4971999999999923
21
-170.7801999999999794
0
LINE
8
BLACK
6
CONTINUOUS
10
79.4971999999999923
20
-170.7801999999999794
11
79.4560230000000018
21
-170.7720089999999971
0
LINE
8
BLACK
6
CONTINUOUS
10
79.4560230000000018
20
-170.7720089999999971
11
79.4211150000000004
21
-170.7486849999999947
0
LINE
8
BLACK
6
CONTINUOUS
10
79.4211150000000004
20
-170.7486849999999947
11
79.397790999999998
21
-170.7137769999999932
0
LINE
8
BLACK
6
CONTINUOUS
10
79.397790999999998
20
-170.7137769999999932
11
79.3896000000000015
21
-170.6725999999999885
0
LINE
8
BLACK
6
CONTINUOUS
10
79.3896000000000015
20
-170.6725999999999885
11
79.3896000000000015
21
-170.4573999999999785
0
LINE
8
BLACK
6
CONTINUOUS
10
79.3896000000000015
20
-170.4573999999999785
11
79.397790999999998
21
-170.4162230000000022
0
LINE
8
BLACK
6
CONTINUOUS
10
79.397790999999998
20
-170.4162230000000022
11
79.4211150000000004
21
-170.3813150000000007
0
LINE
8
BLACK
6
CONTINUOUS
10
79.4211150000000004
20
-170.3813150000000007
11
79.4560230000000018
21
-170.3579909999999984
0
LINE
8
BLACK
6
CONTINUOUS
10
79.4560230000000018
20
-170.3579909999999984
11
79.4971999999999923
21
-170.3497999999999877
0
LINE
8
BLACK
6
CONTINUOUS
10
79.4971999999999923
20
-170.3497999999999877
11
79.7627999999999986
21
-170.3497999999999877
0
LINE
8
BLACK
6
CONTINUOUS
10
79.7627999999999986
20
-170.3497999999999877
11
79.8039770000000033
21
-170.3579909999999984
0
LINE
8
BLACK
6
CONTINUOUS
10
80.2685719999999918
20
-170.2772779999999955
11
80.4427209999999917
21
-170.4514269999999954
0
LINE
8
BLACK
6
CONTINUOUS
10
80.4427209999999917
20
-170.4514269999999954
11
80.4542000000000002
21
-170.4791380000000061
0
LINE
8
BLACK
6
CONTINUOUS
10
80.4542000000000002
20
-170.4791380000000061
11
80.4542000000000002
21
-170.6508609999999919
0
LINE
8
BLACK
6
CONTINUOUS
10
80.4542000000000002
20
-170.6508609999999919
11
80.4444349999999986
21
-170.6744349999999883
0
LINE
8
BLACK
6
CONTINUOUS
10
80.4444349999999986
20
-170.6744349999999883
11
80.4208619999999996
21
-170.6842000000000041
0
LINE
8
BLACK
6
CONTINUOUS
10
80.4208619999999996
20
-170.6842000000000041
11
80.1291379999999975
21
-170.6842000000000041
0
LINE
8
BLACK
6
CONTINUOUS
10
80.1291379999999975
20
-170.6842000000000041
11
80.1055640000000011
21
-170.6744349999999883
0
LINE
8
BLACK
6
CONTINUOUS
10
80.1055640000000011
20
-170.6744349999999883
11
80.095799999999997
21
-170.6508609999999919
0
LINE
8
BLACK
6
CONTINUOUS
10
80.095799999999997
20
-170.6508609999999919
11
80.095799999999997
21
-170.2991379999999992
0
LINE
8
BLACK
6
CONTINUOUS
10
80.095799999999997
20
-170.2991379999999992
11
80.1055640000000011
21
-170.2755640000000028
0
LINE
8
BLACK
6
CONTINUOUS
10
80.1055640000000011
20
-170.2755640000000028
11
80.1291379999999975
21
-170.2657999999999845
0
LINE
8
BLACK
6
CONTINUOUS
10
80.1291379999999975
20
-170.2657999999999845
11
80.2408619999999928
21
-170.2657999999999845
0
LINE
8
BLACK
6
CONTINUOUS
10
80.2408619999999928
20
-170.2657999999999845
11
80.2685719999999918
21
-170.2772779999999955
0
LINE
8
BLACK
6
CONTINUOUS
10
81.0944349999999901
20
-170.2755640000000028
11
81.1041999999999916
21
-170.2991379999999992
0
LINE
8
BLACK
6
CONTINUOUS
10
81.1041999999999916
20
-170.2991379999999992
11
81.1041999999999916
21
-170.6508609999999919
0
LINE
8
BLACK
6
CONTINUOUS
10
81.1041999999999916
20
-170.6508609999999919
11
81.0944349999999901
21
-170.6744349999999883
0
LINE
8
BLACK
6
CONTINUOUS
10
81.0944349999999901
20
-170.6744349999999883
11
81.0708619999999911
21
-170.6842000000000041
0
LINE
8
BLACK
6
CONTINUOUS
10
81.0708619999999911
20
-170.6842000000000041
11
80.7791380000000032
21
-170.6842000000000041
0
LINE
8
BLACK
6
CONTINUOUS
10
80.7791380000000032
20
-170.6842000000000041
11
80.7555639999999926
21
-170.6744349999999883
0
LINE
8
BLACK
6
CONTINUOUS
10
80.7555639999999926
20
-170.6744349999999883
11
80.7458000000000027
21
-170.6508609999999919
0
LINE
8
BLACK
6
CONTINUOUS
10
80.7458000000000027
20
-170.6508609999999919
11
80.7458000000000027
21
-170.4791380000000061
0
LINE
8
BLACK
6
CONTINUOUS
10
80.7458000000000027
20
-170.4791380000000061
11
80.7572779999999995
21
-170.4514269999999954
0
LINE
8
BLACK
6
CONTINUOUS
10
80.7572779999999995
20
-170.4514269999999954
11
80.9314269999999993
21
-170.2772779999999955
0
LINE
8
BLACK
6
CONTINUOUS
10
80.9314269999999993
20
-170.2772779999999955
11
80.9591379999999958
21
-170.2657999999999845
0
LINE
8
BLACK
6
CONTINUOUS
10
80.9591379999999958
20
-170.2657999999999845
11
81.0708619999999911
21
-170.2657999999999845
0
LINE
8
BLACK
6
CONTINUOUS
10
81.0708619999999911
20
-170.2657999999999845
11
81.0944349999999901
21
-170.2755640000000028
0
LINE
8
BLACK
6
CONTINUOUS
10
64.7389769999999913
20
-170.1704309999999793
11
64.7738849999999928
21
-170.1937549999999817
0
LINE
8
BLACK
6
CONTINUOUS
10
64.7738849999999928
20
-170.1937549999999817
11
64.7972089999999952
21
-170.2286629999999832
0
LINE
8
BLACK
6
CONTINUOUS
10
64.7972089999999952
20
-170.2286629999999832
11
64.8053999999999917
21
-170.2698399999999879
0
LINE
8
BLACK
6
CONTINUOUS
10
64.8053999999999917
20
-170.2698399999999879
11
64.8053999999999917
21
-170.4850399999999979
0
LINE
8
BLACK
6
CONTINUOUS
10
64.8053999999999917
20
-170.4850399999999979
11
64.7972089999999952
21
-170.5262170000000026
0
LINE
8
BLACK
6
CONTINUOUS
10
64.7972089999999952
20
-170.5262170000000026
11
64.7738849999999928
21
-170.5611250000000041
0
LINE
8
BLACK
6
CONTINUOUS
10
64.7738849999999928
20
-170.5611250000000041
11
64.7389769999999913
21
-170.5844490000000064
0
LINE
8
BLACK
6
CONTINUOUS
10
64.7389769999999913
20
-170.5844490000000064
11
64.6978000000000009
21
-170.5926399999999887
0
LINE
8
BLACK
6
CONTINUOUS
10
64.6978000000000009
20
-170.5926399999999887
11
64.4321999999999946
21
-170.5926399999999887
0
LINE
8
BLACK
6
CONTINUOUS
10
64.4321999999999946
20
-170.5926399999999887
11
64.3910230000000041
21
-170.5844490000000064
0
LINE
8
BLACK
6
CONTINUOUS
10
64.3910230000000041
20
-170.5844490000000064
11
64.3561150000000026
21
-170.5611250000000041
0
LINE
8
BLACK
6
CONTINUOUS
10
64.3561150000000026
20
-170.5611250000000041
11
64.3327910000000003
21
-170.5262170000000026
0
LINE
8
BLACK
6
CONTINUOUS
10
64.3327910000000003
20
-170.5262170000000026
11
64.3246000000000038
21
-170.4850399999999979
0
LINE
8
BLACK
6
CONTINUOUS
10
64.3246000000000038
20
-170.4850399999999979
11
64.3246000000000038
21
-170.2698399999999879
0
LINE
8
BLACK
6
CONTINUOUS
10
64.3246000000000038
20
-170.2698399999999879
11
64.3327910000000003
21
-170.2286629999999832
0
LINE
8
BLACK
6
CONTINUOUS
10
64.3327910000000003
20
-170.2286629999999832
11
64.3561150000000026
21
-170.1937549999999817
0
LINE
8
BLACK
6
CONTINUOUS
10
64.3561150000000026
20
-170.1937549999999817
11
64.3910230000000041
21
-170.1704309999999793
0
LINE
8
BLACK
6
CONTINUOUS
10
64.3910230000000041
20
-170.1704309999999793
11
64.4321999999999946
21
-170.1622399999999971
0
LINE
8
BLACK
6
CONTINUOUS
10
64.4321999999999946
20
-170.1622399999999971
11
64.6978000000000009
21
-170.1622399999999971
0
LINE
8
BLACK
6
CONTINUOUS
10
64.6978000000000009
20
-170.1622399999999971
11
64.7389769999999913
21
-170.1704309999999793
0
LINE
8
BLACK
6
CONTINUOUS
10
61.0889769999999999
20
-170.1504309999999975
11
61.1238849999999942
21
-170.1737549999999999
0
LINE
8
BLACK
6
CONTINUOUS
10
61.1238849999999942
20
-170.1737549999999999
11
61.1472089999999966
21
-170.2086630000000014
0
LINE
8
BLACK
6
CONTINUOUS
10
61.1472089999999966
20
-170.2086630000000014
11
61.1554000000000002
21
-170.2498400000000061
0
LINE
8
BLACK
6
CONTINUOUS
10
61.1554000000000002
20
-170.2498400000000061
11
61.1554000000000002
21
-170.4650399999999877
0
LINE
8
BLACK
6
CONTINUOUS
10
61.1554000000000002
20
-170.4650399999999877
11
61.1472089999999966
21
-170.5062169999999924
0
LINE
8
BLACK
6
CONTINUOUS
10
61.1472089999999966
20
-170.5062169999999924
11
61.1238849999999942
21
-170.5411249999999939
0
LINE
8
BLACK
6
CONTINUOUS
10
61.1238849999999942
20
-170.5411249999999939
11
61.0889769999999999
21
-170.5644489999999962
0
LINE
8
BLACK
6
CONTINUOUS
10
61.0889769999999999
20
-170.5644489999999962
11
61.0477999999999952
21
-170.5726399999999785
0
LINE
8
BLACK
6
CONTINUOUS
10
61.0477999999999952
20
-170.5726399999999785
11
60.782199999999996
21
-170.5726399999999785
0
LINE
8
BLACK
6
CONTINUOUS
10
60.782199999999996
20
-170.5726399999999785
11
60.7410229999999984
21
-170.5644489999999962
0
LINE
8
BLACK
6
CONTINUOUS
10
60.7410229999999984
20
-170.5644489999999962
11
60.7061149999999969
21
-170.5411249999999939
0
LINE
8
BLACK
6
CONTINUOUS
10
60.7061149999999969
20
-170.5411249999999939
11
60.6827909999999946
21
-170.5062169999999924
0
LINE
8
BLACK
6
CONTINUOUS
10
60.6827909999999946
20
-170.5062169999999924
11
60.6745999999999981
21
-170.4650399999999877
0
LINE
8
BLACK
6
CONTINUOUS
10
60.6745999999999981
20
-170.4650399999999877
11
60.6745999999999981
21
-170.2498400000000061
0
LINE
8
BLACK
6
CONTINUOUS
10
60.6745999999999981
20
-170.2498400000000061
11
60.6827909999999946
21
-170.2086630000000014
0
LINE
8
BLACK
6
CONTINUOUS
10
60.6827909999999946
20
-170.2086630000000014
11
60.7061149999999969
21
-170.1737549999999999
0
LINE
8
BLACK
6
CONTINUOUS
10
60.7061149999999969
20
-170.1737549999999999
11
60.7410229999999984
21
-170.1504309999999975
0
LINE
8
BLACK
6
CONTINUOUS
10
60.7410229999999984
20
-170.1504309999999975
11
60.782199999999996
21
-170.1422399999999868
0
LINE
8
BLACK
6
CONTINUOUS
10
60.782199999999996
20
-170.1422399999999868
11
61.0477999999999952
21
-170.1422399999999868
0
LINE
8
BLACK
6
CONTINUOUS
10
61.0477999999999952
20
-170.1422399999999868
11
61.0889769999999999
21
-170.1504309999999975
0
LINE
8
BLACK
6
CONTINUOUS
10
65.5749689999999958
20
-170.148510999999985
11
65.608514999999997
21
-170.1709249999999827
0
LINE
8
BLACK
6
CONTINUOUS
10
65.608514999999997
20
-170.1709249999999827
11
65.6309289999999947
21
-170.2044709999999839
0
LINE
8
BLACK
6
CONTINUOUS
10
65.6309289999999947
20
-170.2044709999999839
11
65.6388000000000034
21
-170.244039999999984
0
LINE
8
BLACK
6
CONTINUOUS
10
65.6388000000000034
20
-170.244039999999984
11
65.6388000000000034
21
-170.4508399999999995
0
LINE
8
BLACK
6
CONTINUOUS
10
65.6388000000000034
20
-170.4508399999999995
11
65.6309289999999947
21
-170.4904089999999997
0
LINE
8
BLACK
6
CONTINUOUS
10
65.6309289999999947
20
-170.4904089999999997
11
65.608514999999997
21
-170.5239550000000008
0
LINE
8
BLACK
6
CONTINUOUS
10
65.608514999999997
20
-170.5239550000000008
11
65.5749689999999958
21
-170.5463689999999986
0
LINE
8
BLACK
6
CONTINUOUS
10
65.5749689999999958
20
-170.5463689999999986
11
65.5353999999999957
21
-170.554239999999993
0
LINE
8
BLACK
6
CONTINUOUS
10
65.5353999999999957
20
-170.554239999999993
11
65.2445999999999913
21
-170.554239999999993
0
LINE
8
BLACK
6
CONTINUOUS
10
65.2445999999999913
20
-170.554239999999993
11
65.2050309999999911
21
-170.5463689999999986
0
LINE
8
BLACK
6
CONTINUOUS
10
65.2050309999999911
20
-170.5463689999999986
11
65.1714850000000041
21
-170.5239550000000008
0
LINE
8
BLACK
6
CONTINUOUS
10
65.1714850000000041
20
-170.5239550000000008
11
65.1490709999999922
21
-170.4904089999999997
0
LINE
8
BLACK
6
CONTINUOUS
10
65.1490709999999922
20
-170.4904089999999997
11
65.1411999999999978
21
-170.4508399999999995
0
LINE
8
BLACK
6
CONTINUOUS
10
65.1411999999999978
20
-170.4508399999999995
11
65.1411999999999978
21
-170.244039999999984
0
LINE
8
BLACK
6
CONTINUOUS
10
65.1411999999999978
20
-170.244039999999984
11
65.1490709999999922
21
-170.2044709999999839
0
LINE
8
BLACK
6
CONTINUOUS
10
65.1490709999999922
20
-170.2044709999999839
11
65.1714850000000041
21
-170.1709249999999827
0
LINE
8
BLACK
6
CONTINUOUS
10
65.1714850000000041
20
-170.1709249999999827
11
65.2050309999999911
21
-170.148510999999985
0
LINE
8
BLACK
6
CONTINUOUS
10
65.2050309999999911
20
-170.148510999999985
11
65.2445999999999913
21
-170.1406399999999906
0
LINE
8
BLACK
6
CONTINUOUS
10
65.2445999999999913
20
-170.1406399999999906
11
65.5353999999999957
21
-170.1406399999999906
0
LINE
8
BLACK
6
CONTINUOUS
10
65.5353999999999957
20
-170.1406399999999906
11
65.5749689999999958
21
-170.148510999999985
0
LINE
8
BLACK
6
CONTINUOUS
10
66.3999689999999987
20
-170.148510999999985
11
66.4335149999999999
21
-170.1709249999999827
0
LINE
8
BLACK
6
CONTINUOUS
10
66.4335149999999999
20
-170.1709249999999827
11
66.4559289999999976
21
-170.2044709999999839
0
LINE
8
BLACK
6
CONTINUOUS
10
66.4559289999999976
20
-170.2044709999999839
11
66.463799999999992
21
-170.244039999999984
0
LINE
8
BLACK
6
CONTINUOUS
10
66.463799999999992
20
-170.244039999999984
11
66.463799999999992
21
-170.4508399999999995
0
LINE
8
BLACK
6
CONTINUOUS
10
66.463799999999992
20
-170.4508399999999995
11
66.4559289999999976
21
-170.4904089999999997
0
LINE
8
BLACK
6
CONTINUOUS
10
66.4559289999999976
20
-170.4904089999999997
11
66.4335149999999999
21
-170.5239550000000008
0
LINE
8
BLACK
6
CONTINUOUS
10
66.4335149999999999
20
-170.5239550000000008
11
66.3999689999999987
21
-170.5463689999999986
0
LINE
8
BLACK
6
CONTINUOUS
10
66.3999689999999987
20
-170.5463689999999986
11
66.3603999999999985
21
-170.554239999999993
0
LINE
8
BLACK
6
CONTINUOUS
10
66.3603999999999985
20
-170.554239999999993
11
66.0695999999999941
21
-170.554239999999993
0
LINE
8
BLACK
6
CONTINUOUS
10
66.0695999999999941
20
-170.554239999999993
11
66.0300309999999939
21
-170.5463689999999986
0
LINE
8
BLACK
6
CONTINUOUS
10
66.0300309999999939
20
-170.5463689999999986
11
65.9964849999999927
21
-170.5239550000000008
0
LINE
8
BLACK
6
CONTINUOUS
10
65.9964849999999927
20
-170.5239550000000008
11
65.974070999999995
21
-170.4904089999999997
0
LINE
8
BLACK
6
CONTINUOUS
10
65.974070999999995
20
-170.4904089999999997
11
65.9662000000000006
21
-170.4508399999999995
0
LINE
8
BLACK
6
CONTINUOUS
10
65.9662000000000006
20
-170.4508399999999995
11
65.9662000000000006
21
-170.244039999999984
0
LINE
8
BLACK
6
CONTINUOUS
10
65.9662000000000006
20
-170.244039999999984
11
65.974070999999995
21
-170.2044709999999839
0
LINE
8
BLACK
6
CONTINUOUS
10
65.974070999999995
20
-170.2044709999999839
11
65.9964849999999927
21
-170.1709249999999827
0
LINE
8
BLACK
6
CONTINUOUS
10
65.9964849999999927
20
-170.1709249999999827
11
66.0300309999999939
21
-170.148510999999985
0
LINE
8
BLACK
6
CONTINUOUS
10
66.0300309999999939
20
-170.148510999999985
11
66.0695999999999941
21
-170.1406399999999906
0
LINE
8
BLACK
6
CONTINUOUS
10
66.0695999999999941
20
-170.1406399999999906
11
66.3603999999999985
21
-170.1406399999999906
0
LINE
8
BLACK
6
CONTINUOUS
10
66.3603999999999985
20
-170.1406399999999906
11
66.3999689999999987
21
-170.148510999999985
0
LINE
8
BLACK
6
CONTINUOUS
10
62.9089770000000001
20
-170.1304309999999873
11
62.9438849999999945
21
-170.1537549999999896
0
LINE
8
BLACK
6
CONTINUOUS
10
62.9438849999999945
20
-170.1537549999999896
11
62.9672089999999969
21
-170.1886629999999911
0
LINE
8
BLACK
6
CONTINUOUS
10
62.9672089999999969
20
-170.1886629999999911
11
62.9754000000000005
21
-170.2298399999999958
0
LINE
8
BLACK
6
CONTINUOUS
10
62.9754000000000005
20
-170.2298399999999958
11
62.9754000000000005
21
-170.4450400000000059
0
LINE
8
BLACK
6
CONTINUOUS
10
62.9754000000000005
20
-170.4450400000000059
11
62.9672089999999969
21
-170.4862169999999821
0
LINE
8
BLACK
6
CONTINUOUS
10
62.9672089999999969
20
-170.4862169999999821
11
62.9438849999999945
21
-170.5211249999999836
0
LINE
8
BLACK
6
CONTINUOUS
10
62.9438849999999945
20
-170.5211249999999836
11
62.9089770000000001
21
-170.544448999999986
0
LINE
8
BLACK
6
CONTINUOUS
10
62.9089770000000001
20
-170.544448999999986
11
62.8677999999999955
21
-170.5526399999999967
0
LINE
8
BLACK
6
CONTINUOUS
10
62.8677999999999955
20
-170.5526399999999967
11
62.6021999999999963
21
-170.5526399999999967
0
LINE
8
BLACK
6
CONTINUOUS
10
62.6021999999999963
20
-170.5526399999999967
11
62.5610229999999987
21
-170.544448999999986
0
LINE
8
BLACK
6
CONTINUOUS
10
62.5610229999999987
20
-170.544448999999986
11
62.5261149999999972
21
-170.5211249999999836
0
LINE
8
BLACK
6
CONTINUOUS
10
62.5261149999999972
20
-170.5211249999999836
11
62.5027909999999949
21
-170.4862169999999821
0
LINE
8
BLACK
6
CONTINUOUS
10
62.5027909999999949
20
-170.4862169999999821
11
62.4945999999999984
21
-170.4450400000000059
0
LINE
8
BLACK
6
CONTINUOUS
10
62.4945999999999984
20
-170.4450400000000059
11
62.4945999999999984
21
-170.2298399999999958
0
LINE
8
BLACK
6
CONTINUOUS
10
62.4945999999999984
20
-170.2298399999999958
11
62.5027909999999949
21
-170.1886629999999911
0
LINE
8
BLACK
6
CONTINUOUS
10
62.5027909999999949
20
-170.1886629999999911
11
62.5261149999999972
21
-170.1537549999999896
0
LINE
8
BLACK
6
CONTINUOUS
10
62.5261149999999972
20
-170.1537549999999896
11
62.5610229999999987
21
-170.1304309999999873
0
LINE
8
BLACK
6
CONTINUOUS
10
62.5610229999999987
20
-170.1304309999999873
11
62.6021999999999963
21
-170.122240000000005
0
LINE
8
BLACK
6
CONTINUOUS
10
62.6021999999999963
20
-170.122240000000005
11
62.8677999999999955
21
-170.122240000000005
0
LINE
8
BLACK
6
CONTINUOUS
10
62.8677999999999955
20
-170.122240000000005
11
62.9089770000000001
21
-170.1304309999999873
0
LINE
8
BLACK
6
CONTINUOUS
10
80.861820999999992
20
-170.0649999999999977
11
80.6049999999999898
21
-170.3218209999999999
0
LINE
8
BLACK
6
CONTINUOUS
10
80.6049999999999898
20
-170.3218209999999999
11
80.3481790000000018
21
-170.0649999999999977
0
LINE
8
BLACK
6
CONTINUOUS
10
80.3481790000000018
20
-170.0649999999999977
11
80.6049999999999898
21
-169.8081789999999955
0
LINE
8
BLACK
6
CONTINUOUS
10
80.6049999999999898
20
-169.8081789999999955
11
80.861820999999992
21
-170.0649999999999977
0
LINE
8
BLACK
6
CONTINUOUS
10
77.1783369999999991
20
-169.5977910000000008
11
77.2132450000000006
21
-169.6211150000000032
0
LINE
8
BLACK
6
CONTINUOUS
10
77.2132450000000006
20
-169.6211150000000032
11
77.2365690000000029
21
-169.6560230000000047
0
LINE
8
BLACK
6
CONTINUOUS
10
77.2365690000000029
20
-169.6560230000000047
11
77.2447599999999994
21
-169.6971999999999809
0
LINE
8
BLACK
6
CONTINUOUS
10
77.2447599999999994
20
-169.6971999999999809
11
77.2447599999999994
21
-169.9627999999999872
0
LINE
8
BLACK
6
CONTINUOUS
10
77.2447599999999994
20
-169.9627999999999872
11
77.2365690000000029
21
-170.0039769999999919
0
LINE
8
BLACK
6
CONTINUOUS
10
77.2365690000000029
20
-170.0039769999999919
11
77.2132450000000006
21
-170.0388849999999934
0
LINE
8
BLACK
6
CONTINUOUS
10
77.2132450000000006
20
-170.0388849999999934
11
77.1783369999999991
21
-170.0622089999999957
0
LINE
8
BLACK
6
CONTINUOUS
10
77.1783369999999991
20
-170.0622089999999957
11
77.1371599999999944
21
-170.0704000000000065
0
LINE
8
BLACK
6
CONTINUOUS
10
77.1371599999999944
20
-170.0704000000000065
11
76.9219599999999986
21
-170.0704000000000065
0
LINE
8
BLACK
6
CONTINUOUS
10
76.9219599999999986
20
-170.0704000000000065
11
76.8807829999999939
21
-170.0622089999999957
0
LINE
8
BLACK
6
CONTINUOUS
10
76.8807829999999939
20
-170.0622089999999957
11
76.8458749999999924
21
-170.0388849999999934
0
LINE
8
BLACK
6
CONTINUOUS
10
76.8458749999999924
20
-170.0388849999999934
11
76.82255099999999
21
-170.0039769999999919
0
LINE
8
BLACK
6
CONTINUOUS
10
76.82255099999999
20
-170.0039769999999919
11
76.8143599999999935
21
-169.9627999999999872
0
LINE
8
BLACK
6
CONTINUOUS
10
76.8143599999999935
20
-169.9627999999999872
11
76.8143599999999935
21
-169.6971999999999809
0
LINE
8
BLACK
6
CONTINUOUS
10
76.8143599999999935
20
-169.6971999999999809
11
76.82255099999999
21
-169.6560230000000047
0
LINE
8
BLACK
6
CONTINUOUS
10
76.82255099999999
20
-169.6560230000000047
11
76.8458749999999924
21
-169.6211150000000032
0
LINE
8
BLACK
6
CONTINUOUS
10
76.8458749999999924
20
-169.6211150000000032
11
76.8807829999999939
21
-169.5977910000000008
0
LINE
8
BLACK
6
CONTINUOUS
10
76.8807829999999939
20
-169.5977910000000008
11
76.9219599999999986
21
-169.5895999999999901
0
LINE
8
BLACK
6
CONTINUOUS
10
76.9219599999999986
20
-169.5895999999999901
11
77.1371599999999944
21
-169.5895999999999901
0
LINE
8
BLACK
6
CONTINUOUS
10
77.1371599999999944
20
-169.5895999999999901
11
77.1783369999999991
21
-169.5977910000000008
0
LINE
8
BLACK
6
CONTINUOUS
10
78.1383369999999928
20
-169.5977910000000008
11
78.1732449999999943
21
-169.6211150000000032
0
LINE
8
BLACK
6
CONTINUOUS
10
78.1732449999999943
20
-169.6211150000000032
11
78.1965689999999967
21
-169.6560230000000047
0
LINE
8
BLACK
6
CONTINUOUS
10
78.1965689999999967
20
-169.6560230000000047
11
78.2047599999999932
21
-169.6971999999999809
0
LINE
8
BLACK
6
CONTINUOUS
10
78.2047599999999932
20
-169.6971999999999809
11
78.2047599999999932
21
-169.9627999999999872
0
LINE
8
BLACK
6
CONTINUOUS
10
78.2047599999999932
20
-169.9627999999999872
11
78.1965689999999967
21
-170.0039769999999919
0
LINE
8
BLACK
6
CONTINUOUS
10
78.1965689999999967
20
-170.0039769999999919
11
78.1732449999999943
21
-170.0388849999999934
0
LINE
8
BLACK
6
CONTINUOUS
10
78.1732449999999943
20
-170.0388849999999934
11
78.1383369999999928
21
-170.0622089999999957
0
LINE
8
BLACK
6
CONTINUOUS
10
78.1383369999999928
20
-170.0622089999999957
11
78.0971600000000024
21
-170.0704000000000065
0
LINE
8
BLACK
6
CONTINUOUS
10
78.0971600000000024
20
-170.0704000000000065
11
77.8819599999999923
21
-170.0704000000000065
0
LINE
8
BLACK
6
CONTINUOUS
10
77.8819599999999923
20
-170.0704000000000065
11
77.8407830000000018
21
-170.0622089999999957
0
LINE
8
BLACK
6
CONTINUOUS
10
77.8407830000000018
20
-170.0622089999999957
11
77.8058750000000003
21
-170.0388849999999934
0
LINE
8
BLACK
6
CONTINUOUS
10
77.8058750000000003
20
-170.0388849999999934
11
77.782550999999998
21
-170.0039769999999919
0
LINE
8
BLACK
6
CONTINUOUS
10
77.782550999999998
20
-170.0039769999999919
11
77.7743600000000015
21
-169.9627999999999872
0
LINE
8
BLACK
6
CONTINUOUS
10
77.7743600000000015
20
-169.9627999999999872
11
77.7743600000000015
21
-169.6971999999999809
0
LINE
8
BLACK
6
CONTINUOUS
10
77.7743600000000015
20
-169.6971999999999809
11
77.782550999999998
21
-169.6560230000000047
0
LINE
8
BLACK
6
CONTINUOUS
10
77.782550999999998
20
-169.6560230000000047
11
77.8058750000000003
21
-169.6211150000000032
0
LINE
8
BLACK
6
CONTINUOUS
10
77.8058750000000003
20
-169.6211150000000032
11
77.8407830000000018
21
-169.5977910000000008
0
LINE
8
BLACK
6
CONTINUOUS
10
77.8407830000000018
20
-169.5977910000000008
11
77.8819599999999923
21
-169.5895999999999901
0
LINE
8
BLACK
6
CONTINUOUS
10
77.8819599999999923
20
-169.5895999999999901
11
78.0971600000000024
21
-169.5895999999999901
0
LINE
8
BLACK
6
CONTINUOUS
10
78.0971600000000024
20
-169.5895999999999901
11
78.1383369999999928
21
-169.5977910000000008
0
LINE
8
BLACK
6
CONTINUOUS
10
68.6319999999999908
20
-169.8794399999999882
11
68.3780000000000001
21
-169.8794399999999882
0
LINE
8
BLACK
6
CONTINUOUS
10
68.3780000000000001
20
-169.8794399999999882
11
68.3780000000000001
21
-169.2054399999999816
0
LINE
8
BLACK
6
CONTINUOUS
10
68.3780000000000001
20
-169.2054399999999816
11
68.6319999999999908
21
-169.2054399999999816
0
LINE
8
BLACK
6
CONTINUOUS
10
68.6319999999999908
20
-169.2054399999999816
11
68.6319999999999908
21
-169.8794399999999882
0
LINE
8
BLACK
6
CONTINUOUS
10
69.2819999999999965
20
-169.8794399999999882
11
69.0279999999999916
21
-169.8794399999999882
0
LINE
8
BLACK
6
CONTINUOUS
10
69.0279999999999916
20
-169.8794399999999882
11
69.0279999999999916
21
-169.2054399999999816
0
LINE
8
BLACK
6
CONTINUOUS
10
69.0279999999999916
20
-169.2054399999999816
11
69.2819999999999965
21
-169.2054399999999816
0
LINE
8
BLACK
6
CONTINUOUS
10
69.2819999999999965
20
-169.2054399999999816
11
69.2819999999999965
21
-169.8794399999999882
0
LINE
8
BLACK
6
CONTINUOUS
10
69.9320000000000022
20
-169.8794399999999882
11
69.6779999999999973
21
-169.8794399999999882
0
LINE
8
BLACK
6
CONTINUOUS
10
69.6779999999999973
20
-169.8794399999999882
11
69.6779999999999973
21
-169.2054399999999816
0
LINE
8
BLACK
6
CONTINUOUS
10
69.6779999999999973
20
-169.2054399999999816
11
69.9320000000000022
21
-169.2054399999999816
0
LINE
8
BLACK
6
CONTINUOUS
10
69.9320000000000022
20
-169.2054399999999816
11
69.9320000000000022
21
-169.8794399999999882
0
LINE
8
BLACK
6
CONTINUOUS
10
59.4439999999999955
20
-169.869640000000004
11
59.3159999999999954
21
-169.869640000000004
0
LINE
8
BLACK
6
CONTINUOUS
10
59.3159999999999954
20
-169.869640000000004
11
59.3159999999999954
21
-169.3552399999999807
0
LINE
8
BLACK
6
CONTINUOUS
10
59.3159999999999954
20
-169.3552399999999807
11
59.4439999999999955
21
-169.3552399999999807
0
LINE
8
BLACK
6
CONTINUOUS
10
59.4439999999999955
20
-169.3552399999999807
11
59.4439999999999955
21
-169.869640000000004
0
LINE
8
BLACK
6
CONTINUOUS
10
59.8439999999999941
20
-169.869640000000004
11
59.715999999999994
21
-169.869640000000004
0
LINE
8
BLACK
6
CONTINUOUS
10
59.715999999999994
20
-169.869640000000004
11
59.715999999999994
21
-169.3552399999999807
0
LINE
8
BLACK
6
CONTINUOUS
10
59.715999999999994
20
-169.3552399999999807
11
59.8439999999999941
21
-169.3552399999999807
0
LINE
8
BLACK
6
CONTINUOUS
10
59.8439999999999941
20
-169.3552399999999807
11
59.8439999999999941
21
-169.869640000000004
0
LINE
8
BLACK
6
CONTINUOUS
10
60.2439999999999998
20
-169.869640000000004
11
60.1159999999999997
21
-169.869640000000004
0
LINE
8
BLACK
6
CONTINUOUS
10
60.1159999999999997
20
-169.869640000000004
11
60.1159999999999997
21
-169.3552399999999807
0
LINE
8
BLACK
6
CONTINUOUS
10
60.1159999999999997
20
-169.3552399999999807
11
60.2439999999999998
21
-169.3552399999999807
0
LINE
8
BLACK
6
CONTINUOUS
10
60.2439999999999998
20
-169.3552399999999807
11
60.2439999999999998
21
-169.869640000000004
0
LINE
8
BLACK
6
CONTINUOUS
10
60.6439999999999984
20
-169.869640000000004
11
60.5159999999999982
21
-169.869640000000004
0
LINE
8
BLACK
6
CONTINUOUS
10
60.5159999999999982
20
-169.869640000000004
11
60.5159999999999982
21
-169.3552399999999807
0
LINE
8
BLACK
6
CONTINUOUS
10
60.5159999999999982
20
-169.3552399999999807
11
60.6439999999999984
21
-169.3552399999999807
0
LINE
8
BLACK
6
CONTINUOUS
10
60.6439999999999984
20
-169.3552399999999807
11
60.6439999999999984
21
-169.869640000000004
0
LINE
8
BLACK
6
CONTINUOUS
10
61.0439999999999969
20
-169.869640000000004
11
60.9159999999999968
21
-169.869640000000004
0
LINE
8
BLACK
6
CONTINUOUS
10
60.9159999999999968
20
-169.869640000000004
11
60.9159999999999968
21
-169.3552399999999807
0
LINE
8
BLACK
6
CONTINUOUS
10
60.9159999999999968
20
-169.3552399999999807
11
61.0439999999999969
21
-169.3552399999999807
0
LINE
8
BLACK
6
CONTINUOUS
10
61.0439999999999969
20
-169.3552399999999807
11
61.0439999999999969
21
-169.869640000000004
0
LINE
8
BLACK
6
CONTINUOUS
10
61.4439999999999955
20
-169.869640000000004
11
61.3159999999999954
21
-169.869640000000004
0
LINE
8
BLACK
6
CONTINUOUS
10
61.3159999999999954
20
-169.869640000000004
11
61.3159999999999954
21
-169.3552399999999807
0
LINE
8
BLACK
6
CONTINUOUS
10
61.3159999999999954
20
-169.3552399999999807
11
61.4439999999999955
21
-169.3552399999999807
0
LINE
8
BLACK
6
CONTINUOUS
10
61.4439999999999955
20
-169.3552399999999807
11
61.4439999999999955
21
-169.869640000000004
0
LINE
8
BLACK
6
CONTINUOUS
10
61.8439999999999941
20
-169.869640000000004
11
61.715999999999994
21
-169.869640000000004
0
LINE
8
BLACK
6
CONTINUOUS
10
61.715999999999994
20
-169.869640000000004
11
61.715999999999994
21
-169.3552399999999807
0
LINE
8
BLACK
6
CONTINUOUS
10
61.715999999999994
20
-169.3552399999999807
11
61.8439999999999941
21
-169.3552399999999807
0
LINE
8
BLACK
6
CONTINUOUS
10
61.8439999999999941
20
-169.3552399999999807
11
61.8439999999999941
21
-169.869640000000004
0
LINE
8
BLACK
6
CONTINUOUS
10
62.2439999999999998
20
-169.869640000000004
11
62.1159999999999997
21
-169.869640000000004
0
LINE
8
BLACK
6
CONTINUOUS
10
62.1159999999999997
20
-169.869640000000004
11
62.1159999999999997
21
-169.3552399999999807
0
LINE
8
BLACK
6
CONTINUOUS
10
62.1159999999999997
20
-169.3552399999999807
11
62.2439999999999998
21
-169.3552399999999807
0
LINE
8
BLACK
6
CONTINUOUS
10
62.2439999999999998
20
-169.3552399999999807
11
62.2439999999999998
21
-169.869640000000004
0
LINE
8
BLACK
6
CONTINUOUS
10
62.6439999999999984
20
-169.869640000000004
11
62.5159999999999982
21
-169.869640000000004
0
LINE
8
BLACK
6
CONTINUOUS
10
62.5159999999999982
20
-169.869640000000004
11
62.5159999999999982
21
-169.3552399999999807
0
LINE
8
BLACK
6
CONTINUOUS
10
62.5159999999999982
20
-169.3552399999999807
11
62.6439999999999984
21
-169.3552399999999807
0
LINE
8
BLACK
6
CONTINUOUS
10
62.6439999999999984
20
-169.3552399999999807
11
62.6439999999999984
21
-169.869640000000004
0
LINE
8
BLACK
6
CONTINUOUS
10
63.0439999999999969
20
-169.869640000000004
11
62.9159999999999968
21
-169.869640000000004
0
LINE
8
BLACK
6
CONTINUOUS
10
62.9159999999999968
20
-169.869640000000004
11
62.9159999999999968
21
-169.3552399999999807
0
LINE
8
BLACK
6
CONTINUOUS
10
62.9159999999999968
20
-169.3552399999999807
11
63.0439999999999969
21
-169.3552399999999807
0
LINE
8
BLACK
6
CONTINUOUS
10
63.0439999999999969
20
-169.3552399999999807
11
63.0439999999999969
21
-169.869640000000004
0
LINE
8
BLACK
6
CONTINUOUS
10
63.4439999999999955
20
-169.869640000000004
11
63.3159999999999954
21
-169.869640000000004
0
LINE
8
BLACK
6
CONTINUOUS
10
63.3159999999999954
20
-169.869640000000004
11
63.3159999999999954
21
-169.3552399999999807
0
LINE
8
BLACK
6
CONTINUOUS
10
63.3159999999999954
20
-169.3552399999999807
11
63.4439999999999955
21
-169.3552399999999807
0
LINE
8
BLACK
6
CONTINUOUS
10
63.4439999999999955
20
-169.3552399999999807
11
63.4439999999999955
21
-169.869640000000004
0
LINE
8
BLACK
6
CONTINUOUS
10
63.8439999999999941
20
-169.869640000000004
11
63.715999999999994
21
-169.869640000000004
0
LINE
8
BLACK
6
CONTINUOUS
10
63.715999999999994
20
-169.869640000000004
11
63.715999999999994
21
-169.3552399999999807
0
LINE
8
BLACK
6
CONTINUOUS
10
63.715999999999994
20
-169.3552399999999807
11
63.8439999999999941
21
-169.3552399999999807
0
LINE
8
BLACK
6
CONTINUOUS
10
63.8439999999999941
20
-169.3552399999999807
11
63.8439999999999941
21
-169.869640000000004
0
LINE
8
BLACK
6
CONTINUOUS
10
64.2439999999999998
20
-169.869640000000004
11
64.1159999999999997
21
-169.869640000000004
0
LINE
8
BLACK
6
CONTINUOUS
10
64.1159999999999997
20
-169.869640000000004
11
64.1159999999999997
21
-169.3552399999999807
0
LINE
8
BLACK
6
CONTINUOUS
10
64.1159999999999997
20
-169.3552399999999807
11
64.2439999999999998
21
-169.3552399999999807
0
LINE
8
BLACK
6
CONTINUOUS
10
64.2439999999999998
20
-169.3552399999999807
11
64.2439999999999998
21
-169.869640000000004
0
LINE
8
BLACK
6
CONTINUOUS
10
64.6439999999999912
20
-169.869640000000004
11
64.5159999999999911
21
-169.869640000000004
0
LINE
8
BLACK
6
CONTINUOUS
10
64.5159999999999911
20
-169.869640000000004
11
64.5159999999999911
21
-169.3552399999999807
0
LINE
8
BLACK
6
CONTINUOUS
10
64.5159999999999911
20
-169.3552399999999807
11
64.6439999999999912
21
-169.3552399999999807
0
LINE
8
BLACK
6
CONTINUOUS
10
64.6439999999999912
20
-169.3552399999999807
11
64.6439999999999912
21
-169.869640000000004
0
LINE
8
BLACK
6
CONTINUOUS
10
65.0439999999999969
20
-169.869640000000004
11
64.9159999999999968
21
-169.869640000000004
0
LINE
8
BLACK
6
CONTINUOUS
10
64.9159999999999968
20
-169.869640000000004
11
64.9159999999999968
21
-169.3552399999999807
0
LINE
8
BLACK
6
CONTINUOUS
10
64.9159999999999968
20
-169.3552399999999807
11
65.0439999999999969
21
-169.3552399999999807
0
LINE
8
BLACK
6
CONTINUOUS
10
65.0439999999999969
20
-169.3552399999999807
11
65.0439999999999969
21
-169.869640000000004
0
LINE
8
BLACK
6
CONTINUOUS
10
65.4440000000000026
20
-169.869640000000004
11
65.3160000000000025
21
-169.869640000000004
0
LINE
8
BLACK
6
CONTINUOUS
10
65.3160000000000025
20
-169.869640000000004
11
65.3160000000000025
21
-169.3552399999999807
0
LINE
8
BLACK
6
CONTINUOUS
10
65.3160000000000025
20
-169.3552399999999807
11
65.4440000000000026
21
-169.3552399999999807
0
LINE
8
BLACK
6
CONTINUOUS
10
65.4440000000000026
20
-169.3552399999999807
11
65.4440000000000026
21
-169.869640000000004
0
LINE
8
BLACK
6
CONTINUOUS
10
65.8439999999999941
20
-169.869640000000004
11
65.715999999999994
21
-169.869640000000004
0
LINE
8
BLACK
6
CONTINUOUS
10
65.715999999999994
20
-169.869640000000004
11
65.715999999999994
21
-169.3552399999999807
0
LINE
8
BLACK
6
CONTINUOUS
10
65.715999999999994
20
-169.3552399999999807
11
65.8439999999999941
21
-169.3552399999999807
0
LINE
8
BLACK
6
CONTINUOUS
10
65.8439999999999941
20
-169.3552399999999807
11
65.8439999999999941
21
-169.869640000000004
0
LINE
8
BLACK
6
CONTINUOUS
10
66.2439999999999998
20
-169.869640000000004
11
66.1159999999999997
21
-169.869640000000004
0
LINE
8
BLACK
6
CONTINUOUS
10
66.1159999999999997
20
-169.869640000000004
11
66.1159999999999997
21
-169.3552399999999807
0
LINE
8
BLACK
6
CONTINUOUS
10
66.1159999999999997
20
-169.3552399999999807
11
66.2439999999999998
21
-169.3552399999999807
0
LINE
8
BLACK
6
CONTINUOUS
10
66.2439999999999998
20
-169.3552399999999807
11
66.2439999999999998
21
-169.869640000000004
0
LINE
8
BLACK
6
CONTINUOUS
10
66.6439999999999912
20
-169.869640000000004
11
66.5159999999999911
21
-169.869640000000004
0
LINE
8
BLACK
6
CONTINUOUS
10
66.5159999999999911
20
-169.869640000000004
11
66.5159999999999911
21
-169.3552399999999807
0
LINE
8
BLACK
6
CONTINUOUS
10
66.5159999999999911
20
-169.3552399999999807
11
66.6439999999999912
21
-169.3552399999999807
0
LINE
8
BLACK
6
CONTINUOUS
10
66.6439999999999912
20
-169.3552399999999807
11
66.6439999999999912
21
-169.869640000000004
0
LINE
8
BLACK
6
CONTINUOUS
10
67.0439999999999969
20
-169.869640000000004
11
66.9159999999999968
21
-169.869640000000004
0
LINE
8
BLACK
6
CONTINUOUS
10
66.9159999999999968
20
-169.869640000000004
11
66.9159999999999968
21
-169.3552399999999807
0
LINE
8
BLACK
6
CONTINUOUS
10
66.9159999999999968
20
-169.3552399999999807
11
67.0439999999999969
21
-169.3552399999999807
0
LINE
8
BLACK
6
CONTINUOUS
10
67.0439999999999969
20
-169.3552399999999807
11
67.0439999999999969
21
-169.869640000000004
0
LINE
8
BLACK
6
CONTINUOUS
10
80.4444349999999986
20
-169.4555639999999812
11
80.4542000000000002
21
-169.4791380000000061
0
LINE
8
BLACK
6
CONTINUOUS
10
80.4542000000000002
20
-169.4791380000000061
11
80.4542000000000002
21
-169.6508609999999919
0
LINE
8
BLACK
6
CONTINUOUS
10
80.4542000000000002
20
-169.6508609999999919
11
80.4427209999999917
21
-169.6785720000000026
0
LINE
8
BLACK
6
CONTINUOUS
10
80.4427209999999917
20
-169.6785720000000026
11
80.2685719999999918
21
-169.8527210000000025
0
LINE
8
BLACK
6
CONTINUOUS
10
80.2685719999999918
20
-169.8527210000000025
11
80.2408619999999928
21
-169.8641999999999825
0
LINE
8
BLACK
6
CONTINUOUS
10
80.2408619999999928
20
-169.8641999999999825
11
80.1291379999999975
21
-169.8641999999999825
0
LINE
8
BLACK
6
CONTINUOUS
10
80.1291379999999975
20
-169.8641999999999825
11
80.1055640000000011
21
-169.8544349999999952
0
LINE
8
BLACK
6
CONTINUOUS
10
80.1055640000000011
20
-169.8544349999999952
11
80.095799999999997
21
-169.8308609999999987
0
LINE
8
BLACK
6
CONTINUOUS
10
80.095799999999997
20
-169.8308609999999987
11
80.095799999999997
21
-169.4791380000000061
0
LINE
8
BLACK
6
CONTINUOUS
10
80.095799999999997
20
-169.4791380000000061
11
80.1055640000000011
21
-169.4555639999999812
0
LINE
8
BLACK
6
CONTINUOUS
10
80.1055640000000011
20
-169.4555639999999812
11
80.1291379999999975
21
-169.4457999999999913
0
LINE
8
BLACK
6
CONTINUOUS
10
80.1291379999999975
20
-169.4457999999999913
11
80.4208619999999996
21
-169.4457999999999913
0
LINE
8
BLACK
6
CONTINUOUS
10
80.4208619999999996
20
-169.4457999999999913
11
80.4444349999999986
21
-169.4555639999999812
0
LINE
8
BLACK
6
CONTINUOUS
10
81.0944349999999901
20
-169.4555639999999812
11
81.1041999999999916
21
-169.4791380000000061
0
LINE
8
BLACK
6
CONTINUOUS
10
81.1041999999999916
20
-169.4791380000000061
11
81.1041999999999916
21
-169.8308609999999987
0
LINE
8
BLACK
6
CONTINUOUS
10
81.1041999999999916
20
-169.8308609999999987
11
81.0944349999999901
21
-169.8544349999999952
0
LINE
8
BLACK
6
CONTINUOUS
10
81.0944349999999901
20
-169.8544349999999952
11
81.0708619999999911
21
-169.8641999999999825
0
LINE
8
BLACK
6
CONTINUOUS
10
81.0708619999999911
20
-169.8641999999999825
11
80.9591379999999958
21
-169.8641999999999825
0
LINE
8
BLACK
6
CONTINUOUS
10
80.9591379999999958
20
-169.8641999999999825
11
80.9314269999999993
21
-169.8527210000000025
0
LINE
8
BLACK
6
CONTINUOUS
10
80.9314269999999993
20
-169.8527210000000025
11
80.7572779999999995
21
-169.6785720000000026
0
LINE
8
BLACK
6
CONTINUOUS
10
80.7572779999999995
20
-169.6785720000000026
11
80.7458000000000027
21
-169.6508609999999919
0
LINE
8
BLACK
6
CONTINUOUS
10
80.7458000000000027
20
-169.6508609999999919
11
80.7458000000000027
21
-169.4791380000000061
0
LINE
8
BLACK
6
CONTINUOUS
10
80.7458000000000027
20
-169.4791380000000061
11
80.7555639999999926
21
-169.4555639999999812
0
LINE
8
BLACK
6
CONTINUOUS
10
80.7555639999999926
20
-169.4555639999999812
11
80.7791380000000032
21
-169.4457999999999913
0
LINE
8
BLACK
6
CONTINUOUS
10
80.7791380000000032
20
-169.4457999999999913
11
81.0708619999999911
21
-169.4457999999999913
0
LINE
8
BLACK
6
CONTINUOUS
10
81.0708619999999911
20
-169.4457999999999913
11
81.0944349999999901
21
-169.4555639999999812
0
LINE
8
BLACK
6
CONTINUOUS
10
79.8039770000000033
20
-169.3979909999999904
11
79.8388849999999906
21
-169.4213149999999928
0
LINE
8
BLACK
6
CONTINUOUS
10
79.8388849999999906
20
-169.4213149999999928
11
79.8622089999999929
21
-169.4562229999999943
0
LINE
8
BLACK
6
CONTINUOUS
10
79.8622089999999929
20
-169.4562229999999943
11
79.8703999999999894
21
-169.497399999999999
0
LINE
8
BLACK
6
CONTINUOUS
10
79.8703999999999894
20
-169.497399999999999
11
79.8703999999999894
21
-169.7125999999999806
0
LINE
8
BLACK
6
CONTINUOUS
10
79.8703999999999894
20
-169.7125999999999806
11
79.8622089999999929
21
-169.7537769999999853
0
LINE
8
BLACK
6
CONTINUOUS
10
79.8622089999999929
20
-169.7537769999999853
11
79.8388849999999906
21
-169.7886849999999868
0
LINE
8
BLACK
6
CONTINUOUS
10
79.8388849999999906
20
-169.7886849999999868
11
79.8039770000000033
21
-169.8120089999999891
0
LINE
8
BLACK
6
CONTINUOUS
10
79.8039770000000033
20
-169.8120089999999891
11
79.7627999999999986
21
-169.8201999999999998
0
LINE
8
BLACK
6
CONTINUOUS
10
79.7627999999999986
20
-169.8201999999999998
11
79.4971999999999923
21
-169.8201999999999998
0
LINE
8
BLACK
6
CONTINUOUS
10
79.4971999999999923
20
-169.8201999999999998
11
79.4560230000000018
21
-169.8120089999999891
0
LINE
8
BLACK
6
CONTINUOUS
10
79.4560230000000018
20
-169.8120089999999891
11
79.4211150000000004
21
-169.7886849999999868
0
LINE
8
BLACK
6
CONTINUOUS
10
79.4211150000000004
20
-169.7886849999999868
11
79.397790999999998
21
-169.7537769999999853
0
LINE
8
BLACK
6
CONTINUOUS
10
79.397790999999998
20
-169.7537769999999853
11
79.3896000000000015
21
-169.7125999999999806
0
LINE
8
BLACK
6
CONTINUOUS
10
79.3896000000000015
20
-169.7125999999999806
11
79.3896000000000015
21
-169.497399999999999
0
LINE
8
BLACK
6
CONTINUOUS
10
79.3896000000000015
20
-169.497399999999999
11
79.397790999999998
21
-169.4562229999999943
0
LINE
8
BLACK
6
CONTINUOUS
10
79.397790999999998
20
-169.4562229999999943
11
79.4211150000000004
21
-169.4213149999999928
0
LINE
8
BLACK
6
CONTINUOUS
10
79.4211150000000004
20
-169.4213149999999928
11
79.4560230000000018
21
-169.3979909999999904
0
LINE
8
BLACK
6
CONTINUOUS
10
79.4560230000000018
20
-169.3979909999999904
11
79.4971999999999923
21
-169.3897999999999797
0
LINE
8
BLACK
6
CONTINUOUS
10
79.4971999999999923
20
-169.3897999999999797
11
79.7627999999999986
21
-169.3897999999999797
0
LINE
8
BLACK
6
CONTINUOUS
10
79.7627999999999986
20
-169.3897999999999797
11
79.8039770000000033
21
-169.3979909999999904
0
LINE
8
BLACK
6
CONTINUOUS
10
49.8950999999999993
20
-169.6594000000000051
11
49.4898999999999987
21
-169.6594000000000051
0
LINE
8
BLACK
6
CONTINUOUS
10
49.4898999999999987
20
-169.6594000000000051
11
49.4898999999999987
21
-168.8006000000000029
0
LINE
8
BLACK
6
CONTINUOUS
10
49.4898999999999987
20
-168.8006000000000029
11
49.8950999999999993
21
-168.8006000000000029
0
LINE
8
BLACK
6
CONTINUOUS
10
49.8950999999999993
20
-168.8006000000000029
11
49.8950999999999993
21
-169.6594000000000051
0
LINE
8
BLACK
6
CONTINUOUS
10
50.8450999999999951
20
-169.6594000000000051
11
50.4398999999999944
21
-169.6594000000000051
0
LINE
8
BLACK
6
CONTINUOUS
10
50.4398999999999944
20
-169.6594000000000051
11
50.4398999999999944
21
-168.8006000000000029
0
LINE
8
BLACK
6
CONTINUOUS
10
50.4398999999999944
20
-168.8006000000000029
11
50.8450999999999951
21
-168.8006000000000029
0
LINE
8
BLACK
6
CONTINUOUS
10
50.8450999999999951
20
-168.8006000000000029
11
50.8450999999999951
21
-169.6594000000000051
0
LINE
8
BLACK
6
CONTINUOUS
10
51.7950999999999979
20
-169.6594000000000051
11
51.3898999999999972
21
-169.6594000000000051
0
LINE
8
BLACK
6
CONTINUOUS
10
51.3898999999999972
20
-169.6594000000000051
11
51.3898999999999972
21
-168.8006000000000029
0
LINE
8
BLACK
6
CONTINUOUS
10
51.3898999999999972
20
-168.8006000000000029
11
51.7950999999999979
21
-168.8006000000000029
0
LINE
8
BLACK
6
CONTINUOUS
10
51.7950999999999979
20
-168.8006000000000029
11
51.7950999999999979
21
-169.6594000000000051
0
LINE
8
BLACK
6
CONTINUOUS
10
77.1944999999999908
20
-169.3059999999999832
11
76.7304999999999922
21
-169.3059999999999832
0
LINE
8
BLACK
6
CONTINUOUS
10
76.7304999999999922
20
-169.3059999999999832
11
76.7304999999999922
21
-168.6739999999999782
0
LINE
8
BLACK
6
CONTINUOUS
10
76.7304999999999922
20
-168.6739999999999782
11
77.1944999999999908
21
-168.6739999999999782
0
LINE
8
BLACK
6
CONTINUOUS
10
77.1944999999999908
20
-168.6739999999999782
11
77.1944999999999908
21
-169.3059999999999832
0
LINE
8
BLACK
6
CONTINUOUS
10
79.0944999999999965
20
-169.3059999999999832
11
78.6304999999999978
21
-169.3059999999999832
0
LINE
8
BLACK
6
CONTINUOUS
10
78.6304999999999978
20
-169.3059999999999832
11
78.6304999999999978
21
-168.6739999999999782
0
LINE
8
BLACK
6
CONTINUOUS
10
78.6304999999999978
20
-168.6739999999999782
11
79.0944999999999965
21
-168.6739999999999782
0
LINE
8
BLACK
6
CONTINUOUS
10
79.0944999999999965
20
-168.6739999999999782
11
79.0944999999999965
21
-169.3059999999999832
0
LINE
8
BLACK
6
CONTINUOUS
10
79.8737769999999898
20
-168.627791000000002
11
79.9086849999999913
21
-168.6511150000000043
0
LINE
8
BLACK
6
CONTINUOUS
10
79.9086849999999913
20
-168.6511150000000043
11
79.9320089999999936
21
-168.6860230000000058
0
LINE
8
BLACK
6
CONTINUOUS
10
79.9320089999999936
20
-168.6860230000000058
11
79.9401999999999902
21
-168.7271999999999821
0
LINE
8
BLACK
6
CONTINUOUS
10
79.9401999999999902
20
-168.7271999999999821
11
79.9401999999999902
21
-168.9927999999999884
0
LINE
8
BLACK
6
CONTINUOUS
10
79.9401999999999902
20
-168.9927999999999884
11
79.9320089999999936
21
-169.033976999999993
0
LINE
8
BLACK
6
CONTINUOUS
10
79.9320089999999936
20
-169.033976999999993
11
79.9086849999999913
21
-169.0688849999999945
0
LINE
8
BLACK
6
CONTINUOUS
10
79.9086849999999913
20
-169.0688849999999945
11
79.8737769999999898
21
-169.0922089999999969
0
LINE
8
BLACK
6
CONTINUOUS
10
79.8737769999999898
20
-169.0922089999999969
11
79.8325999999999993
21
-169.1003999999999792
0
LINE
8
BLACK
6
CONTINUOUS
10
79.8325999999999993
20
-169.1003999999999792
11
79.6174000000000035
21
-169.1003999999999792
0
LINE
8
BLACK
6
CONTINUOUS
10
79.6174000000000035
20
-169.1003999999999792
11
79.5762229999999988
21
-169.0922089999999969
0
LINE
8
BLACK
6
CONTINUOUS
10
79.5762229999999988
20
-169.0922089999999969
11
79.5413149999999973
21
-169.0688849999999945
0
LINE
8
BLACK
6
CONTINUOUS
10
79.5413149999999973
20
-169.0688849999999945
11
79.517990999999995
21
-169.033976999999993
0
LINE
8
BLACK
6
CONTINUOUS
10
79.517990999999995
20
-169.033976999999993
11
79.5097999999999985
21
-168.9927999999999884
0
LINE
8
BLACK
6
CONTINUOUS
10
79.5097999999999985
20
-168.9927999999999884
11
79.5097999999999985
21
-168.7271999999999821
0
LINE
8
BLACK
6
CONTINUOUS
10
79.5097999999999985
20
-168.7271999999999821
11
79.517990999999995
21
-168.6860230000000058
0
LINE
8
BLACK
6
CONTINUOUS
10
79.517990999999995
20
-168.6860230000000058
11
79.5413149999999973
21
-168.6511150000000043
0
LINE
8
BLACK
6
CONTINUOUS
10
79.5413149999999973
20
-168.6511150000000043
11
79.5762229999999988
21
-168.627791000000002
0
LINE
8
BLACK
6
CONTINUOUS
10
79.5762229999999988
20
-168.627791000000002
11
79.6174000000000035
21
-168.6195999999999913
0
LINE
8
BLACK
6
CONTINUOUS
10
79.6174000000000035
20
-168.6195999999999913
11
79.8325999999999993
21
-168.6195999999999913
0
LINE
8
BLACK
6
CONTINUOUS
10
79.8325999999999993
20
-168.6195999999999913
11
79.8737769999999898
21
-168.627791000000002
0
LINE
8
BLACK
6
CONTINUOUS
10
80.8337769999999978
20
-168.627791000000002
11
80.8686849999999993
21
-168.6511150000000043
0
LINE
8
BLACK
6
CONTINUOUS
10
80.8686849999999993
20
-168.6511150000000043
11
80.8920090000000016
21
-168.6860230000000058
0
LINE
8
BLACK
6
CONTINUOUS
10
80.8920090000000016
20
-168.6860230000000058
11
80.9001999999999981
21
-168.7271999999999821
0
LINE
8
BLACK
6
CONTINUOUS
10
80.9001999999999981
20
-168.7271999999999821
11
80.9001999999999981
21
-168.9927999999999884
0
LINE
8
BLACK
6
CONTINUOUS
10
80.9001999999999981
20
-168.9927999999999884
11
80.8920090000000016
21
-169.033976999999993
0
LINE
8
BLACK
6
CONTINUOUS
10
80.8920090000000016
20
-169.033976999999993
11
80.8686849999999993
21
-169.0688849999999945
0
LINE
8
BLACK
6
CONTINUOUS
10
80.8686849999999993
20
-169.0688849999999945
11
80.8337769999999978
21
-169.0922089999999969
0
LINE
8
BLACK
6
CONTINUOUS
10
80.8337769999999978
20
-169.0922089999999969
11
80.7925999999999931
21
-169.1003999999999792
0
LINE
8
BLACK
6
CONTINUOUS
10
80.7925999999999931
20
-169.1003999999999792
11
80.5773999999999972
21
-169.1003999999999792
0
LINE
8
BLACK
6
CONTINUOUS
10
80.5773999999999972
20
-169.1003999999999792
11
80.5362229999999926
21
-169.0922089999999969
0
LINE
8
BLACK
6
CONTINUOUS
10
80.5362229999999926
20
-169.0922089999999969
11
80.5013149999999911
21
-169.0688849999999945
0
LINE
8
BLACK
6
CONTINUOUS
10
80.5013149999999911
20
-169.0688849999999945
11
80.4779910000000029
21
-169.033976999999993
0
LINE
8
BLACK
6
CONTINUOUS
10
80.4779910000000029
20
-169.033976999999993
11
80.4697999999999922
21
-168.9927999999999884
0
LINE
8
BLACK
6
CONTINUOUS
10
80.4697999999999922
20
-168.9927999999999884
11
80.4697999999999922
21
-168.7271999999999821
0
LINE
8
BLACK
6
CONTINUOUS
10
80.4697999999999922
20
-168.7271999999999821
11
80.4779910000000029
21
-168.6860230000000058
0
LINE
8
BLACK
6
CONTINUOUS
10
80.4779910000000029
20
-168.6860230000000058
11
80.5013149999999911
21
-168.6511150000000043
0
LINE
8
BLACK
6
CONTINUOUS
10
80.5013149999999911
20
-168.6511150000000043
11
80.5362229999999926
21
-168.627791000000002
0
LINE
8
BLACK
6
CONTINUOUS
10
80.5362229999999926
20
-168.627791000000002
11
80.5773999999999972
21
-168.6195999999999913
0
LINE
8
BLACK
6
CONTINUOUS
10
80.5773999999999972
20
-168.6195999999999913
11
80.7925999999999931
21
-168.6195999999999913
0
LINE
8
BLACK
6
CONTINUOUS
10
80.7925999999999931
20
-168.6195999999999913
11
80.8337769999999978
21
-168.627791000000002
0
LINE
8
BLACK
6
CONTINUOUS
10
76.2569170000000014
20
-168.182990999999987
11
76.2918250000000029
21
-168.2063149999999894
0
LINE
8
BLACK
6
CONTINUOUS
10
76.2918250000000029
20
-168.2063149999999894
11
76.315148999999991
21
-168.2412229999999909
0
LINE
8
BLACK
6
CONTINUOUS
10
76.315148999999991
20
-168.2412229999999909
11
76.3233400000000017
21
-168.2823999999999955
0
LINE
8
BLACK
6
CONTINUOUS
10
76.3233400000000017
20
-168.2823999999999955
11
76.3233400000000017
21
-168.4976000000000056
0
LINE
8
BLACK
6
CONTINUOUS
10
76.3233400000000017
20
-168.4976000000000056
11
76.315148999999991
21
-168.5387769999999819
0
LINE
8
BLACK
6
CONTINUOUS
10
76.315148999999991
20
-168.5387769999999819
11
76.2918250000000029
21
-168.5736849999999833
0
LINE
8
BLACK
6
CONTINUOUS
10
76.2918250000000029
20
-168.5736849999999833
11
76.2569170000000014
21
-168.5970089999999857
0
LINE
8
BLACK
6
CONTINUOUS
10
76.2569170000000014
20
-168.5970089999999857
11
76.2157399999999967
21
-168.6051999999999964
0
LINE
8
BLACK
6
CONTINUOUS
10
76.2157399999999967
20
-168.6051999999999964
11
75.9501399999999904
21
-168.6051999999999964
0
LINE
8
BLACK
6
CONTINUOUS
10
75.9501399999999904
20
-168.6051999999999964
11
75.908963
21
-168.5970089999999857
0
LINE
8
BLACK
6
CONTINUOUS
10
75.908963
20
-168.5970089999999857
11
75.8740549999999985
21
-168.5736849999999833
0
LINE
8
BLACK
6
CONTINUOUS
10
75.8740549999999985
20
-168.5736849999999833
11
75.8507309999999961
21
-168.5387769999999819
0
LINE
8
BLACK
6
CONTINUOUS
10
75.8507309999999961
20
-168.5387769999999819
11
75.8425399999999996
21
-168.4976000000000056
0
LINE
8
BLACK
6
CONTINUOUS
10
75.8425399999999996
20
-168.4976000000000056
11
75.8425399999999996
21
-168.2823999999999955
0
LINE
8
BLACK
6
CONTINUOUS
10
75.8425399999999996
20
-168.2823999999999955
11
75.8507309999999961
21
-168.2412229999999909
0
LINE
8
BLACK
6
CONTINUOUS
10
75.8507309999999961
20
-168.2412229999999909
11
75.8740549999999985
21
-168.2063149999999894
0
LINE
8
BLACK
6
CONTINUOUS
10
75.8740549999999985
20
-168.2063149999999894
11
75.908963
21
-168.182990999999987
0
LINE
8
BLACK
6
CONTINUOUS
10
75.908963
20
-168.182990999999987
11
75.9501399999999904
21
-168.1748000000000047
0
LINE
8
BLACK
6
CONTINUOUS
10
75.9501399999999904
20
-168.1748000000000047
11
76.2157399999999967
21
-168.1748000000000047
0
LINE
8
BLACK
6
CONTINUOUS
10
76.2157399999999967
20
-168.1748000000000047
11
76.2569170000000014
21
-168.182990999999987
0
LINE
8
BLACK
6
CONTINUOUS
10
58.5272000000000006
20
-168.5664400000000001
11
58.0127999999999986
21
-168.5664400000000001
0
LINE
8
BLACK
6
CONTINUOUS
10
58.0127999999999986
20
-168.5664400000000001
11
58.0127999999999986
21
-168.4384399999999857
0
LINE
8
BLACK
6
CONTINUOUS
10
58.0127999999999986
20
-168.4384399999999857
11
58.5272000000000006
21
-168.4384399999999857
0
LINE
8
BLACK
6
CONTINUOUS
10
58.5272000000000006
20
-168.4384399999999857
11
58.5272000000000006
21
-168.5664400000000001
0
LINE
8
BLACK
6
CONTINUOUS
10
68.3472000000000008
20
-168.5664400000000001
11
67.8327999999999918
21
-168.5664400000000001
0
LINE
8
BLACK
6
CONTINUOUS
10
67.8327999999999918
20
-168.5664400000000001
11
67.8327999999999918
21
-168.4384399999999857
0
LINE
8
BLACK
6
CONTINUOUS
10
67.8327999999999918
20
-168.4384399999999857
11
68.3472000000000008
21
-168.4384399999999857
0
LINE
8
BLACK
6
CONTINUOUS
10
68.3472000000000008
20
-168.4384399999999857
11
68.3472000000000008
21
-168.5664400000000001
0
LINE
8
BLACK
6
CONTINUOUS
10
49.9229689999999948
20
-167.9640709999999899
11
49.956514999999996
21
-167.9864849999999876
0
LINE
8
BLACK
6
CONTINUOUS
10
49.956514999999996
20
-167.9864849999999876
11
49.9789290000000008
21
-168.0200309999999888
0
LINE
8
BLACK
6
CONTINUOUS
10
49.9789290000000008
20
-168.0200309999999888
11
49.9867999999999952
21
-168.059599999999989
0
LINE
8
BLACK
6
CONTINUOUS
10
49.9867999999999952
20
-168.059599999999989
11
49.9867999999999952
21
-168.3503999999999792
0
LINE
8
BLACK
6
CONTINUOUS
10
49.9867999999999952
20
-168.3503999999999792
11
49.9789290000000008
21
-168.3899689999999794
0
LINE
8
BLACK
6
CONTINUOUS
10
49.9789290000000008
20
-168.3899689999999794
11
49.956514999999996
21
-168.4235149999999805
0
LINE
8
BLACK
6
CONTINUOUS
10
49.956514999999996
20
-168.4235149999999805
11
49.9229689999999948
21
-168.4459289999999783
0
LINE
8
BLACK
6
CONTINUOUS
10
49.9229689999999948
20
-168.4459289999999783
11
49.8833999999999946
21
-168.4538000000000011
0
LINE
8
BLACK
6
CONTINUOUS
10
49.8833999999999946
20
-168.4538000000000011
11
49.6766000000000005
21
-168.4538000000000011
0
LINE
8
BLACK
6
CONTINUOUS
10
49.6766000000000005
20
-168.4538000000000011
11
49.6370310000000003
21
-168.4459289999999783
0
LINE
8
BLACK
6
CONTINUOUS
10
49.6370310000000003
20
-168.4459289999999783
11
49.6034849999999992
21
-168.4235149999999805
0
LINE
8
BLACK
6
CONTINUOUS
10
49.6034849999999992
20
-168.4235149999999805
11
49.5810709999999943
21
-168.3899689999999794
0
LINE
8
BLACK
6
CONTINUOUS
10
49.5810709999999943
20
-168.3899689999999794
11
49.5731999999999999
21
-168.3503999999999792
0
LINE
8
BLACK
6
CONTINUOUS
10
49.5731999999999999
20
-168.3503999999999792
11
49.5731999999999999
21
-168.059599999999989
0
LINE
8
BLACK
6
CONTINUOUS
10
49.5731999999999999
20
-168.059599999999989
11
49.5810709999999943
21
-168.0200309999999888
0
LINE
8
BLACK
6
CONTINUOUS
10
49.5810709999999943
20
-168.0200309999999888
11
49.6034849999999992
21
-167.9864849999999876
0
LINE
8
BLACK
6
CONTINUOUS
10
49.6034849999999992
20
-167.9864849999999876
11
49.6370310000000003
21
-167.9640709999999899
0
LINE
8
BLACK
6
CONTINUOUS
10
49.6370310000000003
20
-167.9640709999999899
11
49.6766000000000005
21
-167.9561999999999955
0
LINE
8
BLACK
6
CONTINUOUS
10
49.6766000000000005
20
-167.9561999999999955
11
49.8833999999999946
21
-167.9561999999999955
0
LINE
8
BLACK
6
CONTINUOUS
10
49.8833999999999946
20
-167.9561999999999955
11
49.9229689999999948
21
-167.9640709999999899
0
LINE
8
BLACK
6
CONTINUOUS
10
50.9429689999999979
20
-167.9640709999999899
11
50.9765149999999991
21
-167.9864849999999876
0
LINE
8
BLACK
6
CONTINUOUS
10
50.9765149999999991
20
-167.9864849999999876
11
50.9989289999999968
21
-168.0200309999999888
0
LINE
8
BLACK
6
CONTINUOUS
10
50.9989289999999968
20
-168.0200309999999888
11
51.0067999999999984
21
-168.059599999999989
0
LINE
8
BLACK
6
CONTINUOUS
10
51.0067999999999984
20
-168.059599999999989
11
51.0067999999999984
21
-168.3503999999999792
0
LINE
8
BLACK
6
CONTINUOUS
10
51.0067999999999984
20
-168.3503999999999792
11
50.9989289999999968
21
-168.3899689999999794
0
LINE
8
BLACK
6
CONTINUOUS
10
50.9989289999999968
20
-168.3899689999999794
11
50.9765149999999991
21
-168.4235149999999805
0
LINE
8
BLACK
6
CONTINUOUS
10
50.9765149999999991
20
-168.4235149999999805
11
50.9429689999999979
21
-168.4459289999999783
0
LINE
8
BLACK
6
CONTINUOUS
10
50.9429689999999979
20
-168.4459289999999783
11
50.9033999999999978
21
-168.4538000000000011
0
LINE
8
BLACK
6
CONTINUOUS
10
50.9033999999999978
20
-168.4538000000000011
11
50.6965999999999966
21
-168.4538000000000011
0
LINE
8
BLACK
6
CONTINUOUS
10
50.6965999999999966
20
-168.4538000000000011
11
50.6570309999999964
21
-168.4459289999999783
0
LINE
8
BLACK
6
CONTINUOUS
10
50.6570309999999964
20
-168.4459289999999783
11
50.6234849999999952
21
-168.4235149999999805
0
LINE
8
BLACK
6
CONTINUOUS
10
50.6234849999999952
20
-168.4235149999999805
11
50.6010709999999975
21
-168.3899689999999794
0
LINE
8
BLACK
6
CONTINUOUS
10
50.6010709999999975
20
-168.3899689999999794
11
50.593199999999996
21
-168.3503999999999792
0
LINE
8
BLACK
6
CONTINUOUS
10
50.593199999999996
20
-168.3503999999999792
11
50.593199999999996
21
-168.059599999999989
0
LINE
8
BLACK
6
CONTINUOUS
10
50.593199999999996
20
-168.059599999999989
11
50.6010709999999975
21
-168.0200309999999888
0
LINE
8
BLACK
6
CONTINUOUS
10
50.6010709999999975
20
-168.0200309999999888
11
50.6234849999999952
21
-167.9864849999999876
0
LINE
8
BLACK
6
CONTINUOUS
10
50.6234849999999952
20
-167.9864849999999876
11
50.6570309999999964
21
-167.9640709999999899
0
LINE
8
BLACK
6
CONTINUOUS
10
50.6570309999999964
20
-167.9640709999999899
11
50.6965999999999966
21
-167.9561999999999955
0
LINE
8
BLACK
6
CONTINUOUS
10
50.6965999999999966
20
-167.9561999999999955
11
50.9033999999999978
21
-167.9561999999999955
0
LINE
8
BLACK
6
CONTINUOUS
10
50.9033999999999978
20
-167.9561999999999955
11
50.9429689999999979
21
-167.9640709999999899
0
LINE
8
BLACK
6
CONTINUOUS
10
58.5272000000000006
20
-168.1664399999999944
11
58.0127999999999986
21
-168.1664399999999944
0
LINE
8
BLACK
6
CONTINUOUS
10
58.0127999999999986
20
-168.1664399999999944
11
58.0127999999999986
21
-168.03843999999998
0
LINE
8
BLACK
6
CONTINUOUS
10
58.0127999999999986
20
-168.03843999999998
11
58.5272000000000006
21
-168.03843999999998
0
LINE
8
BLACK
6
CONTINUOUS
10
58.5272000000000006
20
-168.03843999999998
11
58.5272000000000006
21
-168.1664399999999944
0
LINE
8
BLACK
6
CONTINUOUS
10
68.3472000000000008
20
-168.1664399999999944
11
67.8327999999999918
21
-168.1664399999999944
0
LINE
8
BLACK
6
CONTINUOUS
10
67.8327999999999918
20
-168.1664399999999944
11
67.8327999999999918
21
-168.03843999999998
0
LINE
8
BLACK
6
CONTINUOUS
10
67.8327999999999918
20
-168.03843999999998
11
68.3472000000000008
21
-168.03843999999998
0
LINE
8
BLACK
6
CONTINUOUS
10
68.3472000000000008
20
-168.03843999999998
11
68.3472000000000008
21
-168.1664399999999944
0
LINE
8
BLACK
6
CONTINUOUS
10
77.1944999999999908
20
-168.0060000000000002
11
76.7304999999999922
21
-168.0060000000000002
0
LINE
8
BLACK
6
CONTINUOUS
10
76.7304999999999922
20
-168.0060000000000002
11
76.7304999999999922
21
-167.3739999999999952
0
LINE
8
BLACK
6
CONTINUOUS
10
76.7304999999999922
20
-167.3739999999999952
11
77.1944999999999908
21
-167.3739999999999952
0
LINE
8
BLACK
6
CONTINUOUS
10
77.1944999999999908
20
-167.3739999999999952
11
77.1944999999999908
21
-168.0060000000000002
0
LINE
8
BLACK
6
CONTINUOUS
10
79.0944999999999965
20
-168.0060000000000002
11
78.6304999999999978
21
-168.0060000000000002
0
LINE
8
BLACK
6
CONTINUOUS
10
78.6304999999999978
20
-168.0060000000000002
11
78.6304999999999978
21
-167.3739999999999952
0
LINE
8
BLACK
6
CONTINUOUS
10
78.6304999999999978
20
-167.3739999999999952
11
79.0944999999999965
21
-167.3739999999999952
0
LINE
8
BLACK
6
CONTINUOUS
10
79.0944999999999965
20
-167.3739999999999952
11
79.0944999999999965
21
-168.0060000000000002
0
LINE
8
BLACK
6
CONTINUOUS
10
79.7487769999999898
20
-167.5077909999999974
11
79.7836849999999913
21
-167.5311149999999998
0
LINE
8
BLACK
6
CONTINUOUS
10
79.7836849999999913
20
-167.5311149999999998
11
79.8070089999999936
21
-167.5660230000000013
0
LINE
8
BLACK
6
CONTINUOUS
10
79.8070089999999936
20
-167.5660230000000013
11
79.8151999999999902
21
-167.607200000000006
0
LINE
8
BLACK
6
CONTINUOUS
10
79.8151999999999902
20
-167.607200000000006
11
79.8151999999999902
21
-167.8727999999999838
0
LINE
8
BLACK
6
CONTINUOUS
10
79.8151999999999902
20
-167.8727999999999838
11
79.8070089999999936
21
-167.9139769999999885
0
LINE
8
BLACK
6
CONTINUOUS
10
79.8070089999999936
20
-167.9139769999999885
11
79.7836849999999913
21
-167.94888499999999
0
LINE
8
BLACK
6
CONTINUOUS
10
79.7836849999999913
20
-167.94888499999999
11
79.7487769999999898
21
-167.9722089999999923
0
LINE
8
BLACK
6
CONTINUOUS
10
79.7487769999999898
20
-167.9722089999999923
11
79.7075999999999993
21
-167.980400000000003
0
LINE
8
BLACK
6
CONTINUOUS
10
79.7075999999999993
20
-167.980400000000003
11
79.4924000000000035
21
-167.980400000000003
0
LINE
8
BLACK
6
CONTINUOUS
10
79.4924000000000035
20
-167.980400000000003
11
79.4512229999999988
21
-167.9722089999999923
0
LINE
8
BLACK
6
CONTINUOUS
10
79.4512229999999988
20
-167.9722089999999923
11
79.4163149999999973
21
-167.94888499999999
0
LINE
8
BLACK
6
CONTINUOUS
10
79.4163149999999973
20
-167.94888499999999
11
79.392990999999995
21
-167.9139769999999885
0
LINE
8
BLACK
6
CONTINUOUS
10
79.392990999999995
20
-167.9139769999999885
11
79.3847999999999985
21
-167.8727999999999838
0
LINE
8
BLACK
6
CONTINUOUS
10
79.3847999999999985
20
-167.8727999999999838
11
79.3847999999999985
21
-167.607200000000006
0
LINE
8
BLACK
6
CONTINUOUS
10
79.3847999999999985
20
-167.607200000000006
11
79.392990999999995
21
-167.5660230000000013
0
LINE
8
BLACK
6
CONTINUOUS
10
79.392990999999995
20
-167.5660230000000013
11
79.4163149999999973
21
-167.5311149999999998
0
LINE
8
BLACK
6
CONTINUOUS
10
79.4163149999999973
20
-167.5311149999999998
11
79.4512229999999988
21
-167.5077909999999974
0
LINE
8
BLACK
6
CONTINUOUS
10
79.4512229999999988
20
-167.5077909999999974
11
79.4924000000000035
21
-167.4995999999999867
0
LINE
8
BLACK
6
CONTINUOUS
10
79.4924000000000035
20
-167.4995999999999867
11
79.7075999999999993
21
-167.4995999999999867
0
LINE
8
BLACK
6
CONTINUOUS
10
79.7075999999999993
20
-167.4995999999999867
11
79.7487769999999898
21
-167.5077909999999974
0
LINE
8
BLACK
6
CONTINUOUS
10
80.7087769999999978
20
-167.5077909999999974
11
80.7436849999999993
21
-167.5311149999999998
0
LINE
8
BLACK
6
CONTINUOUS
10
80.7436849999999993
20
-167.5311149999999998
11
80.7670090000000016
21
-167.5660230000000013
0
LINE
8
BLACK
6
CONTINUOUS
10
80.7670090000000016
20
-167.5660230000000013
11
80.7751999999999981
21
-167.607200000000006
0
LINE
8
BLACK
6
CONTINUOUS
10
80.7751999999999981
20
-167.607200000000006
11
80.7751999999999981
21
-167.8727999999999838
0
LINE
8
BLACK
6
CONTINUOUS
10
80.7751999999999981
20
-167.8727999999999838
11
80.7670090000000016
21
-167.9139769999999885
0
LINE
8
BLACK
6
CONTINUOUS
10
80.7670090000000016
20
-167.9139769999999885
11
80.7436849999999993
21
-167.94888499999999
0
LINE
8
BLACK
6
CONTINUOUS
10
80.7436849999999993
20
-167.94888499999999
11
80.7087769999999978
21
-167.9722089999999923
0
LINE
8
BLACK
6
CONTINUOUS
10
80.7087769999999978
20
-167.9722089999999923
11
80.6675999999999931
21
-167.980400000000003
0
LINE
8
BLACK
6
CONTINUOUS
10
80.6675999999999931
20
-167.980400000000003
11
80.4523999999999972
21
-167.980400000000003
0
LINE
8
BLACK
6
CONTINUOUS
10
80.4523999999999972
20
-167.980400000000003
11
80.4112229999999926
21
-167.9722089999999923
0
LINE
8
BLACK
6
CONTINUOUS
10
80.4112229999999926
20
-167.9722089999999923
11
80.3763149999999911
21
-167.94888499999999
0
LINE
8
BLACK
6
CONTINUOUS
10
80.3763149999999911
20
-167.94888499999999
11
80.3529910000000029
21
-167.9139769999999885
0
LINE
8
BLACK
6
CONTINUOUS
10
80.3529910000000029
20
-167.9139769999999885
11
80.3447999999999922
21
-167.8727999999999838
0
LINE
8
BLACK
6
CONTINUOUS
10
80.3447999999999922
20
-167.8727999999999838
11
80.3447999999999922
21
-167.607200000000006
0
LINE
8
BLACK
6
CONTINUOUS
10
80.3447999999999922
20
-167.607200000000006
11
80.3529910000000029
21
-167.5660230000000013
0
LINE
8
BLACK
6
CONTINUOUS
10
80.3529910000000029
20
-167.5660230000000013
11
80.3763149999999911
21
-167.5311149999999998
0
LINE
8
BLACK
6
CONTINUOUS
10
80.3763149999999911
20
-167.5311149999999998
11
80.4112229999999926
21
-167.5077909999999974
0
LINE
8
BLACK
6
CONTINUOUS
10
80.4112229999999926
20
-167.5077909999999974
11
80.4523999999999972
21
-167.4995999999999867
0
LINE
8
BLACK
6
CONTINUOUS
10
80.4523999999999972
20
-167.4995999999999867
11
80.6675999999999931
21
-167.4995999999999867
0
LINE
8
BLACK
6
CONTINUOUS
10
80.6675999999999931
20
-167.4995999999999867
11
80.7087769999999978
21
-167.5077909999999974
0
LINE
8
BLACK
6
CONTINUOUS
10
58.5272000000000006
20
-167.7664399999999887
11
58.0127999999999986
21
-167.7664399999999887
0
LINE
8
BLACK
6
CONTINUOUS
10
58.0127999999999986
20
-167.7664399999999887
11
58.0127999999999986
21
-167.6384400000000028
0
LINE
8
BLACK
6
CONTINUOUS
10
58.0127999999999986
20
-167.6384400000000028
11
58.5272000000000006
21
-167.6384400000000028
0
LINE
8
BLACK
6
CONTINUOUS
10
58.5272000000000006
20
-167.6384400000000028
11
58.5272000000000006
21
-167.7664399999999887
0
LINE
8
BLACK
6
CONTINUOUS
10
68.3472000000000008
20
-167.7664399999999887
11
67.8327999999999918
21
-167.7664399999999887
0
LINE
8
BLACK
6
CONTINUOUS
10
67.8327999999999918
20
-167.7664399999999887
11
67.8327999999999918
21
-167.6384400000000028
0
LINE
8
BLACK
6
CONTINUOUS
10
67.8327999999999918
20
-167.6384400000000028
11
68.3472000000000008
21
-167.6384400000000028
0
LINE
8
BLACK
6
CONTINUOUS
10
68.3472000000000008
20
-167.6384400000000028
11
68.3472000000000008
21
-167.7664399999999887
0
LINE
8
BLACK
6
CONTINUOUS
10
76.2569170000000014
20
-167.2229909999999791
11
76.2918250000000029
21
-167.2463149999999814
0
LINE
8
BLACK
6
CONTINUOUS
10
76.2918250000000029
20
-167.2463149999999814
11
76.315148999999991
21
-167.2812229999999829
0
LINE
8
BLACK
6
CONTINUOUS
10
76.315148999999991
20
-167.2812229999999829
11
76.3233400000000017
21
-167.3223999999999876
0
LINE
8
BLACK
6
CONTINUOUS
10
76.3233400000000017
20
-167.3223999999999876
11
76.3233400000000017
21
-167.5375999999999976
0
LINE
8
BLACK
6
CONTINUOUS
10
76.3233400000000017
20
-167.5375999999999976
11
76.315148999999991
21
-167.5787770000000023
0
LINE
8
BLACK
6
CONTINUOUS
10
76.315148999999991
20
-167.5787770000000023
11
76.2918250000000029
21
-167.6136850000000038
0
LINE
8
BLACK
6
CONTINUOUS
10
76.2918250000000029
20
-167.6136850000000038
11
76.2569170000000014
21
-167.6370090000000062
0
LINE
8
BLACK
6
CONTINUOUS
10
76.2569170000000014
20
-167.6370090000000062
11
76.2157399999999967
21
-167.6451999999999884
0
LINE
8
BLACK
6
CONTINUOUS
10
76.2157399999999967
20
-167.6451999999999884
11
75.9501399999999904
21
-167.6451999999999884
0
LINE
8
BLACK
6
CONTINUOUS
10
75.9501399999999904
20
-167.6451999999999884
11
75.908963
21
-167.6370090000000062
0
LINE
8
BLACK
6
CONTINUOUS
10
75.908963
20
-167.6370090000000062
11
75.8740549999999985
21
-167.6136850000000038
0
LINE
8
BLACK
6
CONTINUOUS
10
75.8740549999999985
20
-167.6136850000000038
11
75.8507309999999961
21
-167.5787770000000023
0
LINE
8
BLACK
6
CONTINUOUS
10
75.8507309999999961
20
-167.5787770000000023
11
75.8425399999999996
21
-167.5375999999999976
0
LINE
8
BLACK
6
CONTINUOUS
10
75.8425399999999996
20
-167.5375999999999976
11
75.8425399999999996
21
-167.3223999999999876
0
LINE
8
BLACK
6
CONTINUOUS
10
75.8425399999999996
20
-167.3223999999999876
11
75.8507309999999961
21
-167.2812229999999829
0
LINE
8
BLACK
6
CONTINUOUS
10
75.8507309999999961
20
-167.2812229999999829
11
75.8740549999999985
21
-167.2463149999999814
0
LINE
8
BLACK
6
CONTINUOUS
10
75.8740549999999985
20
-167.2463149999999814
11
75.908963
21
-167.2229909999999791
0
LINE
8
BLACK
6
CONTINUOUS
10
75.908963
20
-167.2229909999999791
11
75.9501399999999904
21
-167.2147999999999968
0
LINE
8
BLACK
6
CONTINUOUS
10
75.9501399999999904
20
-167.2147999999999968
11
76.2157399999999967
21
-167.2147999999999968
0
LINE
8
BLACK
6
CONTINUOUS
10
76.2157399999999967
20
-167.2147999999999968
11
76.2569170000000014
21
-167.2229909999999791
0
LINE
8
BLACK
6
CONTINUOUS
10
69.0289769999999976
20
-167.0654309999999896
11
69.0638849999999991
21
-167.0887549999999919
0
LINE
8
BLACK
6
CONTINUOUS
10
69.0638849999999991
20
-167.0887549999999919
11
69.0872090000000014
21
-167.1236629999999934
0
LINE
8
BLACK
6
CONTINUOUS
10
69.0872090000000014
20
-167.1236629999999934
11
69.0953999999999979
21
-167.1648399999999981
0
LINE
8
BLACK
6
CONTINUOUS
10
69.0953999999999979
20
-167.1648399999999981
11
69.0953999999999979
21
-167.3800399999999797
0
LINE
8
BLACK
6
CONTINUOUS
10
69.0953999999999979
20
-167.3800399999999797
11
69.0872090000000014
21
-167.4212169999999844
0
LINE
8
BLACK
6
CONTINUOUS
10
69.0872090000000014
20
-167.4212169999999844
11
69.0638849999999991
21
-167.4561249999999859
0
LINE
8
BLACK
6
CONTINUOUS
10
69.0638849999999991
20
-167.4561249999999859
11
69.0289769999999976
21
-167.4794489999999882
0
LINE
8
BLACK
6
CONTINUOUS
10
69.0289769999999976
20
-167.4794489999999882
11
68.9877999999999929
21
-167.487639999999999
0
LINE
8
BLACK
6
CONTINUOUS
10
68.9877999999999929
20
-167.487639999999999
11
68.7222000000000008
21
-167.487639999999999
0
LINE
8
BLACK
6
CONTINUOUS
10
68.7222000000000008
20
-167.487639999999999
11
68.6810229999999962
21
-167.4794489999999882
0
LINE
8
BLACK
6
CONTINUOUS
10
68.6810229999999962
20
-167.4794489999999882
11
68.6461149999999947
21
-167.4561249999999859
0
LINE
8
BLACK
6
CONTINUOUS
10
68.6461149999999947
20
-167.4561249999999859
11
68.6227909999999923
21
-167.4212169999999844
0
LINE
8
BLACK
6
CONTINUOUS
10
68.6227909999999923
20
-167.4212169999999844
11
68.6145999999999958
21
-167.3800399999999797
0
LINE
8
BLACK
6
CONTINUOUS
10
68.6145999999999958
20
-167.3800399999999797
11
68.6145999999999958
21
-167.1648399999999981
0
LINE
8
BLACK
6
CONTINUOUS
10
68.6145999999999958
20
-167.1648399999999981
11
68.6227909999999923
21
-167.1236629999999934
0
LINE
8
BLACK
6
CONTINUOUS
10
68.6227909999999923
20
-167.1236629999999934
11
68.6461149999999947
21
-167.0887549999999919
0
LINE
8
BLACK
6
CONTINUOUS
10
68.6461149999999947
20
-167.0887549999999919
11
68.6810229999999962
21
-167.0654309999999896
0
LINE
8
BLACK
6
CONTINUOUS
10
68.6810229999999962
20
-167.0654309999999896
11
68.7222000000000008
21
-167.0572399999999789
0
LINE
8
BLACK
6
CONTINUOUS
10
68.7222000000000008
20
-167.0572399999999789
11
68.9877999999999929
21
-167.0572399999999789
0
LINE
8
BLACK
6
CONTINUOUS
10
68.9877999999999929
20
-167.0572399999999789
11
69.0289769999999976
21
-167.0654309999999896
0
LINE
8
BLACK
6
CONTINUOUS
10
69.868977000000001
20
-167.0604309999999941
11
69.9038850000000025
21
-167.0837549999999965
0
LINE
8
BLACK
6
CONTINUOUS
10
69.9038850000000025
20
-167.0837549999999965
11
69.9272089999999906
21
-167.118662999999998
0
LINE
8
BLACK
6
CONTINUOUS
10
69.9272089999999906
20
-167.118662999999998
11
69.9354000000000013
21
-167.1598400000000026
0
LINE
8
BLACK
6
CONTINUOUS
10
69.9354000000000013
20
-167.1598400000000026
11
69.9354000000000013
21
-167.3750399999999843
0
LINE
8
BLACK
6
CONTINUOUS
10
69.9354000000000013
20
-167.3750399999999843
11
69.9272089999999906
21
-167.416216999999989
0
LINE
8
BLACK
6
CONTINUOUS
10
69.9272089999999906
20
-167.416216999999989
11
69.9038850000000025
21
-167.4511249999999905
0
LINE
8
BLACK
6
CONTINUOUS
10
69.9038850000000025
20
-167.4511249999999905
11
69.868977000000001
21
-167.4744489999999928
0
LINE
8
BLACK
6
CONTINUOUS
10
69.868977000000001
20
-167.4744489999999928
11
69.8277999999999963
21
-167.4826400000000035
0
LINE
8
BLACK
6
CONTINUOUS
10
69.8277999999999963
20
-167.4826400000000035
11
69.56219999999999
21
-167.4826400000000035
0
LINE
8
BLACK
6
CONTINUOUS
10
69.56219999999999
20
-167.4826400000000035
11
69.5210229999999996
21
-167.4744489999999928
0
LINE
8
BLACK
6
CONTINUOUS
10
69.5210229999999996
20
-167.4744489999999928
11
69.4861149999999981
21
-167.4511249999999905
0
LINE
8
BLACK
6
CONTINUOUS
10
69.4861149999999981
20
-167.4511249999999905
11
69.4627909999999957
21
-167.416216999999989
0
LINE
8
BLACK
6
CONTINUOUS
10
69.4627909999999957
20
-167.416216999999989
11
69.4545999999999992
21
-167.3750399999999843
0
LINE
8
BLACK
6
CONTINUOUS
10
69.4545999999999992
20
-167.3750399999999843
11
69.4545999999999992
21
-167.1598400000000026
0
LINE
8
BLACK
6
CONTINUOUS
10
69.4545999999999992
20
-167.1598400000000026
11
69.4627909999999957
21
-167.118662999999998
0
LINE
8
BLACK
6
CONTINUOUS
10
69.4627909999999957
20
-167.118662999999998
11
69.4861149999999981
21
-167.0837549999999965
0
LINE
8
BLACK
6
CONTINUOUS
10
69.4861149999999981
20
-167.0837549999999965
11
69.5210229999999996
21
-167.0604309999999941
0
LINE
8
BLACK
6
CONTINUOUS
10
69.5210229999999996
20
-167.0604309999999941
11
69.56219999999999
21
-167.0522399999999834
0
LINE
8
BLACK
6
CONTINUOUS
10
69.56219999999999
20
-167.0522399999999834
11
69.8277999999999963
21
-167.0522399999999834
0
LINE
8
BLACK
6
CONTINUOUS
10
69.8277999999999963
20
-167.0522399999999834
11
69.868977000000001
21
-167.0604309999999941
0
LINE
8
BLACK
6
CONTINUOUS
10
56.5269999999999939
20
-167.4288399999999797
11
56.0629999999999953
21
-167.4288399999999797
0
LINE
8
BLACK
6
CONTINUOUS
10
56.0629999999999953
20
-167.4288399999999797
11
56.0629999999999953
21
-167.1160399999999981
0
LINE
8
BLACK
6
CONTINUOUS
10
56.0629999999999953
20
-167.1160399999999981
11
56.5269999999999939
21
-167.1160399999999981
0
LINE
8
BLACK
6
CONTINUOUS
10
56.5269999999999939
20
-167.1160399999999981
11
56.5269999999999939
21
-167.4288399999999797
0
LINE
8
BLACK
6
CONTINUOUS
10
57.3669999999999973
20
-167.4288399999999797
11
56.9029999999999987
21
-167.4288399999999797
0
LINE
8
BLACK
6
CONTINUOUS
10
56.9029999999999987
20
-167.4288399999999797
11
56.9029999999999987
21
-167.1160399999999981
0
LINE
8
BLACK
6
CONTINUOUS
10
56.9029999999999987
20
-167.1160399999999981
11
57.3669999999999973
21
-167.1160399999999981
0
LINE
8
BLACK
6
CONTINUOUS
10
57.3669999999999973
20
-167.1160399999999981
11
57.3669999999999973
21
-167.4288399999999797
0
LINE
8
BLACK
6
CONTINUOUS
10
58.5272000000000006
20
-167.366439999999983
11
58.0127999999999986
21
-167.366439999999983
0
LINE
8
BLACK
6
CONTINUOUS
10
58.0127999999999986
20
-167.366439999999983
11
58.0127999999999986
21
-167.2384399999999971
0
LINE
8
BLACK
6
CONTINUOUS
10
58.0127999999999986
20
-167.2384399999999971
11
58.5272000000000006
21
-167.2384399999999971
0
LINE
8
BLACK
6
CONTINUOUS
10
58.5272000000000006
20
-167.2384399999999971
11
58.5272000000000006
21
-167.366439999999983
0
LINE
8
BLACK
6
CONTINUOUS
10
68.3472000000000008
20
-167.366439999999983
11
67.8327999999999918
21
-167.366439999999983
0
LINE
8
BLACK
6
CONTINUOUS
10
67.8327999999999918
20
-167.366439999999983
11
67.8327999999999918
21
-167.2384399999999971
0
LINE
8
BLACK
6
CONTINUOUS
10
67.8327999999999918
20
-167.2384399999999971
11
68.3472000000000008
21
-167.2384399999999971
0
LINE
8
BLACK
6
CONTINUOUS
10
68.3472000000000008
20
-167.2384399999999971
11
68.3472000000000008
21
-167.366439999999983
0
LINE
8
BLACK
6
CONTINUOUS
10
50.0599689999999953
20
-166.9160709999999881
11
50.0935149999999965
21
-166.9384849999999858
0
LINE
8
BLACK
6
CONTINUOUS
10
50.0935149999999965
20
-166.9384849999999858
11
50.1159290000000013
21
-166.972030999999987
0
LINE
8
BLACK
6
CONTINUOUS
10
50.1159290000000013
20
-166.972030999999987
11
50.1237999999999957
21
-167.0115999999999872
0
LINE
8
BLACK
6
CONTINUOUS
10
50.1237999999999957
20
-167.0115999999999872
11
50.1237999999999957
21
-167.2184000000000026
0
LINE
8
BLACK
6
CONTINUOUS
10
50.1237999999999957
20
-167.2184000000000026
11
50.1159290000000013
21
-167.2579690000000028
0
LINE
8
BLACK
6
CONTINUOUS
10
50.1159290000000013
20
-167.2579690000000028
11
50.0935149999999965
21
-167.291515000000004
0
LINE
8
BLACK
6
CONTINUOUS
10
50.0935149999999965
20
-167.291515000000004
11
50.0599689999999953
21
-167.3139290000000017
0
LINE
8
BLACK
6
CONTINUOUS
10
50.0599689999999953
20
-167.3139290000000017
11
50.0203999999999951
21
-167.3217999999999961
0
LINE
8
BLACK
6
CONTINUOUS
10
50.0203999999999951
20
-167.3217999999999961
11
49.7295999999999978
21
-167.3217999999999961
0
LINE
8
BLACK
6
CONTINUOUS
10
49.7295999999999978
20
-167.3217999999999961
11
49.6900309999999976
21
-167.3139290000000017
0
LINE
8
BLACK
6
CONTINUOUS
10
49.6900309999999976
20
-167.3139290000000017
11
49.6564849999999964
21
-167.291515000000004
0
LINE
8
BLACK
6
CONTINUOUS
10
49.6564849999999964
20
-167.291515000000004
11
49.6340709999999987
21
-167.2579690000000028
0
LINE
8
BLACK
6
CONTINUOUS
10
49.6340709999999987
20
-167.2579690000000028
11
49.6261999999999972
21
-167.2184000000000026
0
LINE
8
BLACK
6
CONTINUOUS
10
49.6261999999999972
20
-167.2184000000000026
11
49.6261999999999972
21
-167.0115999999999872
0
LINE
8
BLACK
6
CONTINUOUS
10
49.6261999999999972
20
-167.0115999999999872
11
49.6340709999999987
21
-166.972030999999987
0
LINE
8
BLACK
6
CONTINUOUS
10
49.6340709999999987
20
-166.972030999999987
11
49.6564849999999964
21
-166.9384849999999858
0
LINE
8
BLACK
6
CONTINUOUS
10
49.6564849999999964
20
-166.9384849999999858
11
49.6900309999999976
21
-166.9160709999999881
0
LINE
8
BLACK
6
CONTINUOUS
10
49.6900309999999976
20
-166.9160709999999881
11
49.7295999999999978
21
-166.9081999999999937
0
LINE
8
BLACK
6
CONTINUOUS
10
49.7295999999999978
20
-166.9081999999999937
11
50.0203999999999951
21
-166.9081999999999937
0
LINE
8
BLACK
6
CONTINUOUS
10
50.0203999999999951
20
-166.9081999999999937
11
50.0599689999999953
21
-166.9160709999999881
0
LINE
8
BLACK
6
CONTINUOUS
10
58.5272000000000006
20
-166.9664400000000057
11
58.0127999999999986
21
-166.9664400000000057
0
LINE
8
BLACK
6
CONTINUOUS
10
58.0127999999999986
20
-166.9664400000000057
11
58.0127999999999986
21
-166.8384399999999914
0
LINE
8
BLACK
6
CONTINUOUS
10
58.0127999999999986
20
-166.8384399999999914
11
58.5272000000000006
21
-166.8384399999999914
0
LINE
8
BLACK
6
CONTINUOUS
10
58.5272000000000006
20
-166.8384399999999914
11
58.5272000000000006
21
-166.9664400000000057
0
LINE
8
BLACK
6
CONTINUOUS
10
68.3472000000000008
20
-166.9664400000000057
11
67.8327999999999918
21
-166.9664400000000057
0
LINE
8
BLACK
6
CONTINUOUS
10
67.8327999999999918
20
-166.9664400000000057
11
67.8327999999999918
21
-166.8384399999999914
0
LINE
8
BLACK
6
CONTINUOUS
10
67.8327999999999918
20
-166.8384399999999914
11
68.3472000000000008
21
-166.8384399999999914
0
LINE
8
BLACK
6
CONTINUOUS
10
68.3472000000000008
20
-166.8384399999999914
11
68.3472000000000008
21
-166.9664400000000057
0
LINE
8
BLACK
6
CONTINUOUS
10
76.0569169999999986
20
-166.5079910000000041
11
76.091825
21
-166.5313150000000064
0
LINE
8
BLACK
6
CONTINUOUS
10
76.091825
20
-166.5313150000000064
11
76.1151490000000024
21
-166.5662229999999795
0
LINE
8
BLACK
6
CONTINUOUS
10
76.1151490000000024
20
-166.5662229999999795
11
76.1233399999999989
21
-166.6073999999999842
0
LINE
8
BLACK
6
CONTINUOUS
10
76.1233399999999989
20
-166.6073999999999842
11
76.1233399999999989
21
-166.8225999999999942
0
LINE
8
BLACK
6
CONTINUOUS
10
76.1233399999999989
20
-166.8225999999999942
11
76.1151490000000024
21
-166.8637769999999989
0
LINE
8
BLACK
6
CONTINUOUS
10
76.1151490000000024
20
-166.8637769999999989
11
76.091825
21
-166.8986850000000004
0
LINE
8
BLACK
6
CONTINUOUS
10
76.091825
20
-166.8986850000000004
11
76.0569169999999986
21
-166.9220090000000027
0
LINE
8
BLACK
6
CONTINUOUS
10
76.0569169999999986
20
-166.9220090000000027
11
76.0157399999999939
21
-166.930199999999985
0
LINE
8
BLACK
6
CONTINUOUS
10
76.0157399999999939
20
-166.930199999999985
11
75.7501400000000018
21
-166.930199999999985
0
LINE
8
BLACK
6
CONTINUOUS
10
75.7501400000000018
20
-166.930199999999985
11
75.7089629999999971
21
-166.9220090000000027
0
LINE
8
BLACK
6
CONTINUOUS
10
75.7089629999999971
20
-166.9220090000000027
11
75.6740549999999956
21
-166.8986850000000004
0
LINE
8
BLACK
6
CONTINUOUS
10
75.6740549999999956
20
-166.8986850000000004
11
75.6507309999999933
21
-166.8637769999999989
0
LINE
8
BLACK
6
CONTINUOUS
10
75.6507309999999933
20
-166.8637769999999989
11
75.6425399999999968
21
-166.8225999999999942
0
LINE
8
BLACK
6
CONTINUOUS
10
75.6425399999999968
20
-166.8225999999999942
11
75.6425399999999968
21
-166.6073999999999842
0
LINE
8
BLACK
6
CONTINUOUS
10
75.6425399999999968
20
-166.6073999999999842
11
75.6507309999999933
21
-166.5662229999999795
0
LINE
8
BLACK
6
CONTINUOUS
10
75.6507309999999933
20
-166.5662229999999795
11
75.6740549999999956
21
-166.5313150000000064
0
LINE
8
BLACK
6
CONTINUOUS
10
75.6740549999999956
20
-166.5313150000000064
11
75.7089629999999971
21
-166.5079910000000041
0
LINE
8
BLACK
6
CONTINUOUS
10
75.7089629999999971
20
-166.5079910000000041
11
75.7501400000000018
21
-166.4997999999999934
0
LINE
8
BLACK
6
CONTINUOUS
10
75.7501400000000018
20
-166.4997999999999934
11
76.0157399999999939
21
-166.4997999999999934
0
LINE
8
BLACK
6
CONTINUOUS
10
76.0157399999999939
20
-166.4997999999999934
11
76.0569169999999986
21
-166.5079910000000041
0
LINE
8
BLACK
6
CONTINUOUS
10
77.4946640000000002
20
-166.2804490000000044
11
77.5215910000000008
21
-166.307376000000005
0
LINE
8
BLACK
6
CONTINUOUS
10
77.5215910000000008
20
-166.307376000000005
11
77.5361649999999969
21
-166.3425589999999943
0
LINE
8
BLACK
6
CONTINUOUS
10
77.5361649999999969
20
-166.3425589999999943
11
77.5380399999999952
21
-166.3615999999999815
0
LINE
8
BLACK
6
CONTINUOUS
10
77.5380399999999952
20
-166.3615999999999815
11
77.5380399999999952
21
-166.7983999999999867
0
LINE
8
BLACK
6
CONTINUOUS
10
77.5380399999999952
20
-166.7983999999999867
11
77.5361649999999969
21
-166.8174410000000023
0
LINE
8
BLACK
6
CONTINUOUS
10
77.5361649999999969
20
-166.8174410000000023
11
77.5215910000000008
21
-166.8526239999999916
0
LINE
8
BLACK
6
CONTINUOUS
10
77.5215910000000008
20
-166.8526239999999916
11
77.4946640000000002
21
-166.8795509999999922
0
LINE
8
BLACK
6
CONTINUOUS
10
77.4946640000000002
20
-166.8795509999999922
11
77.4594809999999967
21
-166.8941250000000025
0
LINE
8
BLACK
6
CONTINUOUS
10
77.4594809999999967
20
-166.8941250000000025
11
77.4213989999999939
21
-166.8941250000000025
0
LINE
8
BLACK
6
CONTINUOUS
10
77.4213989999999939
20
-166.8941250000000025
11
77.3862159999999903
21
-166.8795509999999922
0
LINE
8
BLACK
6
CONTINUOUS
10
77.3862159999999903
20
-166.8795509999999922
11
77.3592889999999898
21
-166.8526239999999916
0
LINE
8
BLACK
6
CONTINUOUS
10
77.3592889999999898
20
-166.8526239999999916
11
77.3447149999999937
21
-166.8174410000000023
0
LINE
8
BLACK
6
CONTINUOUS
10
77.3447149999999937
20
-166.8174410000000023
11
77.3428399999999954
21
-166.7983999999999867
0
LINE
8
BLACK
6
CONTINUOUS
10
77.3428399999999954
20
-166.7983999999999867
11
77.3428399999999954
21
-166.3615999999999815
0
LINE
8
BLACK
6
CONTINUOUS
10
77.3428399999999954
20
-166.3615999999999815
11
77.3447149999999937
21
-166.3425589999999943
0
LINE
8
BLACK
6
CONTINUOUS
10
77.3447149999999937
20
-166.3425589999999943
11
77.3592889999999898
21
-166.307376000000005
0
LINE
8
BLACK
6
CONTINUOUS
10
77.3592889999999898
20
-166.307376000000005
11
77.3862159999999903
21
-166.2804490000000044
0
LINE
8
BLACK
6
CONTINUOUS
10
77.3862159999999903
20
-166.2804490000000044
11
77.4213989999999939
21
-166.2658749999999941
0
LINE
8
BLACK
6
CONTINUOUS
10
77.4213989999999939
20
-166.2658749999999941
11
77.4594809999999967
21
-166.2658749999999941
0
LINE
8
BLACK
6
CONTINUOUS
10
77.4594809999999967
20
-166.2658749999999941
11
77.4946640000000002
21
-166.2804490000000044
0
LINE
8
BLACK
6
CONTINUOUS
10
77.9946640000000002
20
-166.2804490000000044
11
78.0215910000000008
21
-166.307376000000005
0
LINE
8
BLACK
6
CONTINUOUS
10
78.0215910000000008
20
-166.307376000000005
11
78.0361649999999969
21
-166.3425589999999943
0
LINE
8
BLACK
6
CONTINUOUS
10
78.0361649999999969
20
-166.3425589999999943
11
78.0380399999999952
21
-166.3615999999999815
0
LINE
8
BLACK
6
CONTINUOUS
10
78.0380399999999952
20
-166.3615999999999815
11
78.0380399999999952
21
-166.7983999999999867
0
LINE
8
BLACK
6
CONTINUOUS
10
78.0380399999999952
20
-166.7983999999999867
11
78.0361649999999969
21
-166.8174410000000023
0
LINE
8
BLACK
6
CONTINUOUS
10
78.0361649999999969
20
-166.8174410000000023
11
78.0215910000000008
21
-166.8526239999999916
0
LINE
8
BLACK
6
CONTINUOUS
10
78.0215910000000008
20
-166.8526239999999916
11
77.9946640000000002
21
-166.8795509999999922
0
LINE
8
BLACK
6
CONTINUOUS
10
77.9946640000000002
20
-166.8795509999999922
11
77.9594809999999967
21
-166.8941250000000025
0
LINE
8
BLACK
6
CONTINUOUS
10
77.9594809999999967
20
-166.8941250000000025
11
77.9213989999999939
21
-166.8941250000000025
0
LINE
8
BLACK
6
CONTINUOUS
10
77.9213989999999939
20
-166.8941250000000025
11
77.8862159999999903
21
-166.8795509999999922
0
LINE
8
BLACK
6
CONTINUOUS
10
77.8862159999999903
20
-166.8795509999999922
11
77.8592889999999898
21
-166.8526239999999916
0
LINE
8
BLACK
6
CONTINUOUS
10
77.8592889999999898
20
-166.8526239999999916
11
77.8447149999999937
21
-166.8174410000000023
0
LINE
8
BLACK
6
CONTINUOUS
10
77.8447149999999937
20
-166.8174410000000023
11
77.8428399999999954
21
-166.7983999999999867
0
LINE
8
BLACK
6
CONTINUOUS
10
77.8428399999999954
20
-166.7983999999999867
11
77.8428399999999954
21
-166.3615999999999815
0
LINE
8
BLACK
6
CONTINUOUS
10
77.8428399999999954
20
-166.3615999999999815
11
77.8447149999999937
21
-166.3425589999999943
0
LINE
8
BLACK
6
CONTINUOUS
10
77.8447149999999937
20
-166.3425589999999943
11
77.8592889999999898
21
-166.307376000000005
0
LINE
8
BLACK
6
CONTINUOUS
10
77.8592889999999898
20
-166.307376000000005
11
77.8862159999999903
21
-166.2804490000000044
0
LINE
8
BLACK
6
CONTINUOUS
10
77.8862159999999903
20
-166.2804490000000044
11
77.9213989999999939
21
-166.2658749999999941
0
LINE
8
BLACK
6
CONTINUOUS
10
77.9213989999999939
20
-166.2658749999999941
11
77.9594809999999967
21
-166.2658749999999941
0
LINE
8
BLACK
6
CONTINUOUS
10
77.9594809999999967
20
-166.2658749999999941
11
77.9946640000000002
21
-166.2804490000000044
0
LINE
8
BLACK
6
CONTINUOUS
10
78.4946640000000002
20
-166.2804490000000044
11
78.5215910000000008
21
-166.307376000000005
0
LINE
8
BLACK
6
CONTINUOUS
10
78.5215910000000008
20
-166.307376000000005
11
78.5361649999999969
21
-166.3425589999999943
0
LINE
8
BLACK
6
CONTINUOUS
10
78.5361649999999969
20
-166.3425589999999943
11
78.5380399999999952
21
-166.3615999999999815
0
LINE
8
BLACK
6
CONTINUOUS
10
78.5380399999999952
20
-166.3615999999999815
11
78.5380399999999952
21
-166.7983999999999867
0
LINE
8
BLACK
6
CONTINUOUS
10
78.5380399999999952
20
-166.7983999999999867
11
78.5361649999999969
21
-166.8174410000000023
0
LINE
8
BLACK
6
CONTINUOUS
10
78.5361649999999969
20
-166.8174410000000023
11
78.5215910000000008
21
-166.8526239999999916
0
LINE
8
BLACK
6
CONTINUOUS
10
78.5215910000000008
20
-166.8526239999999916
11
78.4946640000000002
21
-166.8795509999999922
0
LINE
8
BLACK
6
CONTINUOUS
10
78.4946640000000002
20
-166.8795509999999922
11
78.4594809999999967
21
-166.8941250000000025
0
LINE
8
BLACK
6
CONTINUOUS
10
78.4594809999999967
20
-166.8941250000000025
11
78.4213989999999939
21
-166.8941250000000025
0
LINE
8
BLACK
6
CONTINUOUS
10
78.4213989999999939
20
-166.8941250000000025
11
78.3862159999999903
21
-166.8795509999999922
0
LINE
8
BLACK
6
CONTINUOUS
10
78.3862159999999903
20
-166.8795509999999922
11
78.3592889999999898
21
-166.8526239999999916
0
LINE
8
BLACK
6
CONTINUOUS
10
78.3592889999999898
20
-166.8526239999999916
11
78.3447149999999937
21
-166.8174410000000023
0
LINE
8
BLACK
6
CONTINUOUS
10
78.3447149999999937
20
-166.8174410000000023
11
78.3428399999999954
21
-166.7983999999999867
0
LINE
8
BLACK
6
CONTINUOUS
10
78.3428399999999954
20
-166.7983999999999867
11
78.3428399999999954
21
-166.3615999999999815
0
LINE
8
BLACK
6
CONTINUOUS
10
78.3428399999999954
20
-166.3615999999999815
11
78.3447149999999937
21
-166.3425589999999943
0
LINE
8
BLACK
6
CONTINUOUS
10
78.3447149999999937
20
-166.3425589999999943
11
78.3592889999999898
21
-166.307376000000005
0
LINE
8
BLACK
6
CONTINUOUS
10
78.3592889999999898
20
-166.307376000000005
11
78.3862159999999903
21
-166.2804490000000044
0
LINE
8
BLACK
6
CONTINUOUS
10
78.3862159999999903
20
-166.2804490000000044
11
78.4213989999999939
21
-166.2658749999999941
0
LINE
8
BLACK
6
CONTINUOUS
10
78.4213989999999939
20
-166.2658749999999941
11
78.4594809999999967
21
-166.2658749999999941
0
LINE
8
BLACK
6
CONTINUOUS
10
78.4594809999999967
20
-166.2658749999999941
11
78.4946640000000002
21
-166.2804490000000044
0
LINE
8
BLACK
6
CONTINUOUS
10
78.9946640000000002
20
-166.2804490000000044
11
79.0215910000000008
21
-166.307376000000005
0
LINE
8
BLACK
6
CONTINUOUS
10
79.0215910000000008
20
-166.307376000000005
11
79.0361649999999969
21
-166.3425589999999943
0
LINE
8
BLACK
6
CONTINUOUS
10
79.0361649999999969
20
-166.3425589999999943
11
79.0380399999999952
21
-166.3615999999999815
0
LINE
8
BLACK
6
CONTINUOUS
10
79.0380399999999952
20
-166.3615999999999815
11
79.0380399999999952
21
-166.7983999999999867
0
LINE
8
BLACK
6
CONTINUOUS
10
79.0380399999999952
20
-166.7983999999999867
11
79.0361649999999969
21
-166.8174410000000023
0
LINE
8
BLACK
6
CONTINUOUS
10
79.0361649999999969
20
-166.8174410000000023
11
79.0215910000000008
21
-166.8526239999999916
0
LINE
8
BLACK
6
CONTINUOUS
10
79.0215910000000008
20
-166.8526239999999916
11
78.9946640000000002
21
-166.8795509999999922
0
LINE
8
BLACK
6
CONTINUOUS
10
78.9946640000000002
20
-166.8795509999999922
11
78.9594809999999967
21
-166.8941250000000025
0
LINE
8
BLACK
6
CONTINUOUS
10
78.9594809999999967
20
-166.8941250000000025
11
78.9213989999999939
21
-166.8941250000000025
0
LINE
8
BLACK
6
CONTINUOUS
10
78.9213989999999939
20
-166.8941250000000025
11
78.8862159999999903
21
-166.8795509999999922
0
LINE
8
BLACK
6
CONTINUOUS
10
78.8862159999999903
20
-166.8795509999999922
11
78.8592889999999898
21
-166.8526239999999916
0
LINE
8
BLACK
6
CONTINUOUS
10
78.8592889999999898
20
-166.8526239999999916
11
78.8447149999999937
21
-166.8174410000000023
0
LINE
8
BLACK
6
CONTINUOUS
10
78.8447149999999937
20
-166.8174410000000023
11
78.8428399999999954
21
-166.7983999999999867
0
LINE
8
BLACK
6
CONTINUOUS
10
78.8428399999999954
20
-166.7983999999999867
11
78.8428399999999954
21
-166.3615999999999815
0
LINE
8
BLACK
6
CONTINUOUS
10
78.8428399999999954
20
-166.3615999999999815
11
78.8447149999999937
21
-166.3425589999999943
0
LINE
8
BLACK
6
CONTINUOUS
10
78.8447149999999937
20
-166.3425589999999943
11
78.8592889999999898
21
-166.307376000000005
0
LINE
8
BLACK
6
CONTINUOUS
10
78.8592889999999898
20
-166.307376000000005
11
78.8862159999999903
21
-166.2804490000000044
0
LINE
8
BLACK
6
CONTINUOUS
10
78.8862159999999903
20
-166.2804490000000044
11
78.9213989999999939
21
-166.2658749999999941
0
LINE
8
BLACK
6
CONTINUOUS
10
78.9213989999999939
20
-166.2658749999999941
11
78.9594809999999967
21
-166.2658749999999941
0
LINE
8
BLACK
6
CONTINUOUS
10
78.9594809999999967
20
-166.2658749999999941
11
78.9946640000000002
21
-166.2804490000000044
0
LINE
8
BLACK
6
CONTINUOUS
10
79.4946640000000002
20
-166.2804490000000044
11
79.5215910000000008
21
-166.307376000000005
0
LINE
8
BLACK
6
CONTINUOUS
10
79.5215910000000008
20
-166.307376000000005
11
79.5361649999999969
21
-166.3425589999999943
0
LINE
8
BLACK
6
CONTINUOUS
10
79.5361649999999969
20
-166.3425589999999943
11
79.5380399999999952
21
-166.3615999999999815
0
LINE
8
BLACK
6
CONTINUOUS
10
79.5380399999999952
20
-166.3615999999999815
11
79.5380399999999952
21
-166.7983999999999867
0
LINE
8
BLACK
6
CONTINUOUS
10
79.5380399999999952
20
-166.7983999999999867
11
79.5361649999999969
21
-166.8174410000000023
0
LINE
8
BLACK
6
CONTINUOUS
10
79.5361649999999969
20
-166.8174410000000023
11
79.5215910000000008
21
-166.8526239999999916
0
LINE
8
BLACK
6
CONTINUOUS
10
79.5215910000000008
20
-166.8526239999999916
11
79.4946640000000002
21
-166.8795509999999922
0
LINE
8
BLACK
6
CONTINUOUS
10
79.4946640000000002
20
-166.8795509999999922
11
79.4594809999999967
21
-166.8941250000000025
0
LINE
8
BLACK
6
CONTINUOUS
10
79.4594809999999967
20
-166.8941250000000025
11
79.4213989999999939
21
-166.8941250000000025
0
LINE
8
BLACK
6
CONTINUOUS
10
79.4213989999999939
20
-166.8941250000000025
11
79.3862159999999903
21
-166.8795509999999922
0
LINE
8
BLACK
6
CONTINUOUS
10
79.3862159999999903
20
-166.8795509999999922
11
79.3592889999999898
21
-166.8526239999999916
0
LINE
8
BLACK
6
CONTINUOUS
10
79.3592889999999898
20
-166.8526239999999916
11
79.3447149999999937
21
-166.8174410000000023
0
LINE
8
BLACK
6
CONTINUOUS
10
79.3447149999999937
20
-166.8174410000000023
11
79.3428399999999954
21
-166.7983999999999867
0
LINE
8
BLACK
6
CONTINUOUS
10
79.3428399999999954
20
-166.7983999999999867
11
79.3428399999999954
21
-166.3615999999999815
0
LINE
8
BLACK
6
CONTINUOUS
10
79.3428399999999954
20
-166.3615999999999815
11
79.3447149999999937
21
-166.3425589999999943
0
LINE
8
BLACK
6
CONTINUOUS
10
79.3447149999999937
20
-166.3425589999999943
11
79.3592889999999898
21
-166.307376000000005
0
LINE
8
BLACK
6
CONTINUOUS
10
79.3592889999999898
20
-166.307376000000005
11
79.3862159999999903
21
-166.2804490000000044
0
LINE
8
BLACK
6
CONTINUOUS
10
79.3862159999999903
20
-166.2804490000000044
11
79.4213989999999939
21
-166.2658749999999941
0
LINE
8
BLACK
6
CONTINUOUS
10
79.4213989999999939
20
-166.2658749999999941
11
79.4594809999999967
21
-166.2658749999999941
0
LINE
8
BLACK
6
CONTINUOUS
10
79.4594809999999967
20
-166.2658749999999941
11
79.4946640000000002
21
-166.2804490000000044
0
LINE
8
BLACK
6
CONTINUOUS
10
79.9946640000000002
20
-166.2804490000000044
11
80.0215910000000008
21
-166.307376000000005
0
LINE
8
BLACK
6
CONTINUOUS
10
80.0215910000000008
20
-166.307376000000005
11
80.0361649999999969
21
-166.3425589999999943
0
LINE
8
BLACK
6
CONTINUOUS
10
80.0361649999999969
20
-166.3425589999999943
11
80.0380399999999952
21
-166.3615999999999815
0
LINE
8
BLACK
6
CONTINUOUS
10
80.0380399999999952
20
-166.3615999999999815
11
80.0380399999999952
21
-166.7983999999999867
0
LINE
8
BLACK
6
CONTINUOUS
10
80.0380399999999952
20
-166.7983999999999867
11
80.0361649999999969
21
-166.8174410000000023
0
LINE
8
BLACK
6
CONTINUOUS
10
80.0361649999999969
20
-166.8174410000000023
11
80.0215910000000008
21
-166.8526239999999916
0
LINE
8
BLACK
6
CONTINUOUS
10
80.0215910000000008
20
-166.8526239999999916
11
79.9946640000000002
21
-166.8795509999999922
0
LINE
8
BLACK
6
CONTINUOUS
10
79.9946640000000002
20
-166.8795509999999922
11
79.9594809999999967
21
-166.8941250000000025
0
LINE
8
BLACK
6
CONTINUOUS
10
79.9594809999999967
20
-166.8941250000000025
11
79.9213989999999939
21
-166.8941250000000025
0
LINE
8
BLACK
6
CONTINUOUS
10
79.9213989999999939
20
-166.8941250000000025
11
79.8862159999999903
21
-166.8795509999999922
0
LINE
8
BLACK
6
CONTINUOUS
10
79.8862159999999903
20
-166.8795509999999922
11
79.8592889999999898
21
-166.8526239999999916
0
LINE
8
BLACK
6
CONTINUOUS
10
79.8592889999999898
20
-166.8526239999999916
11
79.8447149999999937
21
-166.8174410000000023
0
LINE
8
BLACK
6
CONTINUOUS
10
79.8447149999999937
20
-166.8174410000000023
11
79.8428399999999954
21
-166.7983999999999867
0
LINE
8
BLACK
6
CONTINUOUS
10
79.8428399999999954
20
-166.7983999999999867
11
79.8428399999999954
21
-166.3615999999999815
0
LINE
8
BLACK
6
CONTINUOUS
10
79.8428399999999954
20
-166.3615999999999815
11
79.8447149999999937
21
-166.3425589999999943
0
LINE
8
BLACK
6
CONTINUOUS
10
79.8447149999999937
20
-166.3425589999999943
11
79.8592889999999898
21
-166.307376000000005
0
LINE
8
BLACK
6
CONTINUOUS
10
79.8592889999999898
20
-166.307376000000005
11
79.8862159999999903
21
-166.2804490000000044
0
LINE
8
BLACK
6
CONTINUOUS
10
79.8862159999999903
20
-166.2804490000000044
11
79.9213989999999939
21
-166.2658749999999941
0
LINE
8
BLACK
6
CONTINUOUS
10
79.9213989999999939
20
-166.2658749999999941
11
79.9594809999999967
21
-166.2658749999999941
0
LINE
8
BLACK
6
CONTINUOUS
10
79.9594809999999967
20
-166.2658749999999941
11
79.9946640000000002
21
-166.2804490000000044
0
LINE
8
BLACK
6
CONTINUOUS
10
58.5272000000000006
20
-166.5664400000000001
11
58.0127999999999986
21
-166.5664400000000001
0
LINE
8
BLACK
6
CONTINUOUS
10
58.0127999999999986
20
-166.5664400000000001
11
58.0127999999999986
21
-166.4384399999999857
0
LINE
8
BLACK
6
CONTINUOUS
10
58.0127999999999986
20
-166.4384399999999857
11
58.5272000000000006
21
-166.4384399999999857
0
LINE
8
BLACK
6
CONTINUOUS
10
58.5272000000000006
20
-166.4384399999999857
11
58.5272000000000006
21
-166.5664400000000001
0
LINE
8
BLACK
6
CONTINUOUS
10
68.3472000000000008
20
-166.5664400000000001
11
67.8327999999999918
21
-166.5664400000000001
0
LINE
8
BLACK
6
CONTINUOUS
10
67.8327999999999918
20
-166.5664400000000001
11
67.8327999999999918
21
-166.4384399999999857
0
LINE
8
BLACK
6
CONTINUOUS
10
67.8327999999999918
20
-166.4384399999999857
11
68.3472000000000008
21
-166.4384399999999857
0
LINE
8
BLACK
6
CONTINUOUS
10
68.3472000000000008
20
-166.4384399999999857
11
68.3472000000000008
21
-166.5664400000000001
0
LINE
8
BLACK
6
CONTINUOUS
10
69.0289769999999976
20
-166.1054309999999816
11
69.0638849999999991
21
-166.128754999999984
0
LINE
8
BLACK
6
CONTINUOUS
10
69.0638849999999991
20
-166.128754999999984
11
69.0872090000000014
21
-166.1636629999999855
0
LINE
8
BLACK
6
CONTINUOUS
10
69.0872090000000014
20
-166.1636629999999855
11
69.0953999999999979
21
-166.2048399999999901
0
LINE
8
BLACK
6
CONTINUOUS
10
69.0953999999999979
20
-166.2048399999999901
11
69.0953999999999979
21
-166.4200400000000002
0
LINE
8
BLACK
6
CONTINUOUS
10
69.0953999999999979
20
-166.4200400000000002
11
69.0872090000000014
21
-166.4612170000000049
0
LINE
8
BLACK
6
CONTINUOUS
10
69.0872090000000014
20
-166.4612170000000049
11
69.0638849999999991
21
-166.4961250000000064
0
LINE
8
BLACK
6
CONTINUOUS
10
69.0638849999999991
20
-166.4961250000000064
11
69.0289769999999976
21
-166.5194489999999803
0
LINE
8
BLACK
6
CONTINUOUS
10
69.0289769999999976
20
-166.5194489999999803
11
68.9877999999999929
21
-166.527639999999991
0
LINE
8
BLACK
6
CONTINUOUS
10
68.9877999999999929
20
-166.527639999999991
11
68.7222000000000008
21
-166.527639999999991
0
LINE
8
BLACK
6
CONTINUOUS
10
68.7222000000000008
20
-166.527639999999991
11
68.6810229999999962
21
-166.5194489999999803
0
LINE
8
BLACK
6
CONTINUOUS
10
68.6810229999999962
20
-166.5194489999999803
11
68.6461149999999947
21
-166.4961250000000064
0
LINE
8
BLACK
6
CONTINUOUS
10
68.6461149999999947
20
-166.4961250000000064
11
68.6227909999999923
21
-166.4612170000000049
0
LINE
8
BLACK
6
CONTINUOUS
10
68.6227909999999923
20
-166.4612170000000049
11
68.6145999999999958
21
-166.4200400000000002
0
LINE
8
BLACK
6
CONTINUOUS
10
68.6145999999999958
20
-166.4200400000000002
11
68.6145999999999958
21
-166.2048399999999901
0
LINE
8
BLACK
6
CONTINUOUS
10
68.6145999999999958
20
-166.2048399999999901
11
68.6227909999999923
21
-166.1636629999999855
0
LINE
8
BLACK
6
CONTINUOUS
10
68.6227909999999923
20
-166.1636629999999855
11
68.6461149999999947
21
-166.128754999999984
0
LINE
8
BLACK
6
CONTINUOUS
10
68.6461149999999947
20
-166.128754999999984
11
68.6810229999999962
21
-166.1054309999999816
0
LINE
8
BLACK
6
CONTINUOUS
10
68.6810229999999962
20
-166.1054309999999816
11
68.7222000000000008
21
-166.0972399999999993
0
LINE
8
BLACK
6
CONTINUOUS
10
68.7222000000000008
20
-166.0972399999999993
11
68.9877999999999929
21
-166.0972399999999993
0
LINE
8
BLACK
6
CONTINUOUS
10
68.9877999999999929
20
-166.0972399999999993
11
69.0289769999999976
21
-166.1054309999999816
0
LINE
8
BLACK
6
CONTINUOUS
10
69.868977000000001
20
-166.1004309999999862
11
69.9038850000000025
21
-166.1237549999999885
0
LINE
8
BLACK
6
CONTINUOUS
10
69.9038850000000025
20
-166.1237549999999885
11
69.9272089999999906
21
-166.15866299999999
0
LINE
8
BLACK
6
CONTINUOUS
10
69.9272089999999906
20
-166.15866299999999
11
69.9354000000000013
21
-166.1998399999999947
0
LINE
8
BLACK
6
CONTINUOUS
10
69.9354000000000013
20
-166.1998399999999947
11
69.9354000000000013
21
-166.4150400000000047
0
LINE
8
BLACK
6
CONTINUOUS
10
69.9354000000000013
20
-166.4150400000000047
11
69.9272089999999906
21
-166.456216999999981
0
LINE
8
BLACK
6
CONTINUOUS
10
69.9272089999999906
20
-166.456216999999981
11
69.9038850000000025
21
-166.4911249999999825
0
LINE
8
BLACK
6
CONTINUOUS
10
69.9038850000000025
20
-166.4911249999999825
11
69.868977000000001
21
-166.5144489999999848
0
LINE
8
BLACK
6
CONTINUOUS
10
69.868977000000001
20
-166.5144489999999848
11
69.8277999999999963
21
-166.5226399999999956
0
LINE
8
BLACK
6
CONTINUOUS
10
69.8277999999999963
20
-166.5226399999999956
11
69.56219999999999
21
-166.5226399999999956
0
LINE
8
BLACK
6
CONTINUOUS
10
69.56219999999999
20
-166.5226399999999956
11
69.5210229999999996
21
-166.5144489999999848
0
LINE
8
BLACK
6
CONTINUOUS
10
69.5210229999999996
20
-166.5144489999999848
11
69.4861149999999981
21
-166.4911249999999825
0
LINE
8
BLACK
6
CONTINUOUS
10
69.4861149999999981
20
-166.4911249999999825
11
69.4627909999999957
21
-166.456216999999981
0
LINE
8
BLACK
6
CONTINUOUS
10
69.4627909999999957
20
-166.456216999999981
11
69.4545999999999992
21
-166.4150400000000047
0
LINE
8
BLACK
6
CONTINUOUS
10
69.4545999999999992
20
-166.4150400000000047
11
69.4545999999999992
21
-166.1998399999999947
0
LINE
8
BLACK
6
CONTINUOUS
10
69.4545999999999992
20
-166.1998399999999947
11
69.4627909999999957
21
-166.15866299999999
0
LINE
8
BLACK
6
CONTINUOUS
10
69.4627909999999957
20
-166.15866299999999
11
69.4861149999999981
21
-166.1237549999999885
0
LINE
8
BLACK
6
CONTINUOUS
10
69.4861149999999981
20
-166.1237549999999885
11
69.5210229999999996
21
-166.1004309999999862
0
LINE
8
BLACK
6
CONTINUOUS
10
69.5210229999999996
20
-166.1004309999999862
11
69.56219999999999
21
-166.0922400000000039
0
LINE
8
BLACK
6
CONTINUOUS
10
69.56219999999999
20
-166.0922400000000039
11
69.8277999999999963
21
-166.0922400000000039
0
LINE
8
BLACK
6
CONTINUOUS
10
69.8277999999999963
20
-166.0922400000000039
11
69.868977000000001
21
-166.1004309999999862
0
LINE
8
BLACK
6
CONTINUOUS
10
50.0599689999999953
20
-165.8960710000000063
11
50.0935149999999965
21
-165.918485000000004
0
LINE
8
BLACK
6
CONTINUOUS
10
50.0935149999999965
20
-165.918485000000004
11
50.1159290000000013
21
-165.9520310000000052
0
LINE
8
BLACK
6
CONTINUOUS
10
50.1159290000000013
20
-165.9520310000000052
11
50.1237999999999957
21
-165.9916000000000054
0
LINE
8
BLACK
6
CONTINUOUS
10
50.1237999999999957
20
-165.9916000000000054
11
50.1237999999999957
21
-166.1983999999999924
0
LINE
8
BLACK
6
CONTINUOUS
10
50.1237999999999957
20
-166.1983999999999924
11
50.1159290000000013
21
-166.2379689999999925
0
LINE
8
BLACK
6
CONTINUOUS
10
50.1159290000000013
20
-166.2379689999999925
11
50.0935149999999965
21
-166.2715149999999937
0
LINE
8
BLACK
6
CONTINUOUS
10
50.0935149999999965
20
-166.2715149999999937
11
50.0599689999999953
21
-166.2939289999999914
0
LINE
8
BLACK
6
CONTINUOUS
10
50.0599689999999953
20
-166.2939289999999914
11
50.0203999999999951
21
-166.3017999999999859
0
LINE
8
BLACK
6
CONTINUOUS
10
50.0203999999999951
20
-166.3017999999999859
11
49.7295999999999978
21
-166.3017999999999859
0
LINE
8
BLACK
6
CONTINUOUS
10
49.7295999999999978
20
-166.3017999999999859
11
49.6900309999999976
21
-166.2939289999999914
0
LINE
8
BLACK
6
CONTINUOUS
10
49.6900309999999976
20
-166.2939289999999914
11
49.6564849999999964
21
-166.2715149999999937
0
LINE
8
BLACK
6
CONTINUOUS
10
49.6564849999999964
20
-166.2715149999999937
11
49.6340709999999987
21
-166.2379689999999925
0
LINE
8
BLACK
6
CONTINUOUS
10
49.6340709999999987
20
-166.2379689999999925
11
49.6261999999999972
21
-166.1983999999999924
0
LINE
8
BLACK
6
CONTINUOUS
10
49.6261999999999972
20
-166.1983999999999924
11
49.6261999999999972
21
-165.9916000000000054
0
LINE
8
BLACK
6
CONTINUOUS
10
49.6261999999999972
20
-165.9916000000000054
11
49.6340709999999987
21
-165.9520310000000052
0
LINE
8
BLACK
6
CONTINUOUS
10
49.6340709999999987
20
-165.9520310000000052
11
49.6564849999999964
21
-165.918485000000004
0
LINE
8
BLACK
6
CONTINUOUS
10
49.6564849999999964
20
-165.918485000000004
11
49.6900309999999976
21
-165.8960710000000063
0
LINE
8
BLACK
6
CONTINUOUS
10
49.6900309999999976
20
-165.8960710000000063
11
49.7295999999999978
21
-165.8881999999999834
0
LINE
8
BLACK
6
CONTINUOUS
10
49.7295999999999978
20
-165.8881999999999834
11
50.0203999999999951
21
-165.8881999999999834
0
LINE
8
BLACK
6
CONTINUOUS
10
50.0203999999999951
20
-165.8881999999999834
11
50.0599689999999953
21
-165.8960710000000063
0
LINE
8
BLACK
6
CONTINUOUS
10
58.5272000000000006
20
-166.1664399999999944
11
58.0127999999999986
21
-166.1664399999999944
0
LINE
8
BLACK
6
CONTINUOUS
10
58.0127999999999986
20
-166.1664399999999944
11
58.0127999999999986
21
-166.03843999999998
0
LINE
8
BLACK
6
CONTINUOUS
10
58.0127999999999986
20
-166.03843999999998
11
58.5272000000000006
21
-166.03843999999998
0
LINE
8
BLACK
6
CONTINUOUS
10
58.5272000000000006
20
-166.03843999999998
11
58.5272000000000006
21
-166.1664399999999944
0
LINE
8
BLACK
6
CONTINUOUS
10
68.3472000000000008
20
-166.1664399999999944
11
67.8327999999999918
21
-166.1664399999999944
0
LINE
8
BLACK
6
CONTINUOUS
10
67.8327999999999918
20
-166.1664399999999944
11
67.8327999999999918
21
-166.03843999999998
0
LINE
8
BLACK
6
CONTINUOUS
10
67.8327999999999918
20
-166.03843999999998
11
68.3472000000000008
21
-166.03843999999998
0
LINE
8
BLACK
6
CONTINUOUS
10
68.3472000000000008
20
-166.03843999999998
11
68.3472000000000008
21
-166.1664399999999944
0
LINE
8
BLACK
6
CONTINUOUS
10
64.5879999999999939
20
-166.1104399999999828
11
61.7719999999999985
21
-166.1104399999999828
0
LINE
8
BLACK
6
CONTINUOUS
10
61.7719999999999985
20
-166.1104399999999828
11
61.7719999999999985
21
-163.2944399999999803
0
LINE
8
BLACK
6
CONTINUOUS
10
61.7719999999999985
20
-163.2944399999999803
11
64.5879999999999939
21
-163.2944399999999803
0
LINE
8
BLACK
6
CONTINUOUS
10
64.5879999999999939
20
-163.2944399999999803
11
64.5879999999999939
21
-166.1104399999999828
0
LINE
8
BLACK
6
CONTINUOUS
10
76.0569169999999986
20
-165.5479909999999961
11
76.091825
21
-165.5713149999999985
0
LINE
8
BLACK
6
CONTINUOUS
10
76.091825
20
-165.5713149999999985
11
76.1151490000000024
21
-165.606223
0
LINE
8
BLACK
6
CONTINUOUS
10
76.1151490000000024
20
-165.606223
11
76.1233399999999989
21
-165.6474000000000046
0
LINE
8
BLACK
6
CONTINUOUS
10
76.1233399999999989
20
-165.6474000000000046
11
76.1233399999999989
21
-165.8625999999999863
0
LINE
8
BLACK
6
CONTINUOUS
10
76.1233399999999989
20
-165.8625999999999863
11
76.1151490000000024
21
-165.9037769999999909
0
LINE
8
BLACK
6
CONTINUOUS
10
76.1151490000000024
20
-165.9037769999999909
11
76.091825
21
-165.9386849999999924
0
LINE
8
BLACK
6
CONTINUOUS
10
76.091825
20
-165.9386849999999924
11
76.0569169999999986
21
-165.9620089999999948
0
LINE
8
BLACK
6
CONTINUOUS
10
76.0569169999999986
20
-165.9620089999999948
11
76.0157399999999939
21
-165.9702000000000055
0
LINE
8
BLACK
6
CONTINUOUS
10
76.0157399999999939
20
-165.9702000000000055
11
75.7501400000000018
21
-165.9702000000000055
0
LINE
8
BLACK
6
CONTINUOUS
10
75.7501400000000018
20
-165.9702000000000055
11
75.7089629999999971
21
-165.9620089999999948
0
LINE
8
BLACK
6
CONTINUOUS
10
75.7089629999999971
20
-165.9620089999999948
11
75.6740549999999956
21
-165.9386849999999924
0
LINE
8
BLACK
6
CONTINUOUS
10
75.6740549999999956
20
-165.9386849999999924
11
75.6507309999999933
21
-165.9037769999999909
0
LINE
8
BLACK
6
CONTINUOUS
10
75.6507309999999933
20
-165.9037769999999909
11
75.6425399999999968
21
-165.8625999999999863
0
LINE
8
BLACK
6
CONTINUOUS
10
75.6425399999999968
20
-165.8625999999999863
11
75.6425399999999968
21
-165.6474000000000046
0
LINE
8
BLACK
6
CONTINUOUS
10
75.6425399999999968
20
-165.6474000000000046
11
75.6507309999999933
21
-165.606223
0
LINE
8
BLACK
6
CONTINUOUS
10
75.6507309999999933
20
-165.606223
11
75.6740549999999956
21
-165.5713149999999985
0
LINE
8
BLACK
6
CONTINUOUS
10
75.6740549999999956
20
-165.5713149999999985
11
75.7089629999999971
21
-165.5479909999999961
0
LINE
8
BLACK
6
CONTINUOUS
10
75.7089629999999971
20
-165.5479909999999961
11
75.7501400000000018
21
-165.5397999999999854
0
LINE
8
BLACK
6
CONTINUOUS
10
75.7501400000000018
20
-165.5397999999999854
11
76.0157399999999939
21
-165.5397999999999854
0
LINE
8
BLACK
6
CONTINUOUS
10
76.0157399999999939
20
-165.5397999999999854
11
76.0569169999999986
21
-165.5479909999999961
0
LINE
8
BLACK
6
CONTINUOUS
10
76.9278809999999993
20
-165.7342749999999967
11
76.9630640000000028
21
-165.7488489999999786
0
LINE
8
BLACK
6
CONTINUOUS
10
76.9630640000000028
20
-165.7488489999999786
11
76.9899910000000034
21
-165.7757759999999791
0
LINE
8
BLACK
6
CONTINUOUS
10
76.9899910000000034
20
-165.7757759999999791
11
77.0045649999999995
21
-165.8109589999999969
0
LINE
8
BLACK
6
CONTINUOUS
10
77.0045649999999995
20
-165.8109589999999969
11
77.0045649999999995
21
-165.8490409999999997
0
LINE
8
BLACK
6
CONTINUOUS
10
77.0045649999999995
20
-165.8490409999999997
11
76.9899910000000034
21
-165.884223999999989
0
LINE
8
BLACK
6
CONTINUOUS
10
76.9899910000000034
20
-165.884223999999989
11
76.9630640000000028
21
-165.9111509999999896
0
LINE
8
BLACK
6
CONTINUOUS
10
76.9630640000000028
20
-165.9111509999999896
11
76.9278809999999993
21
-165.9257249999999999
0
LINE
8
BLACK
6
CONTINUOUS
10
76.9278809999999993
20
-165.9257249999999999
11
76.9088399999999979
21
-165.927599999999984
0
LINE
8
BLACK
6
CONTINUOUS
10
76.9088399999999979
20
-165.927599999999984
11
76.4720399999999927
21
-165.927599999999984
0
LINE
8
BLACK
6
CONTINUOUS
10
76.4720399999999927
20
-165.927599999999984
11
76.4529989999999913
21
-165.9257249999999999
0
LINE
8
BLACK
6
CONTINUOUS
10
76.4529989999999913
20
-165.9257249999999999
11
76.417816000000002
21
-165.9111509999999896
0
LINE
8
BLACK
6
CONTINUOUS
10
76.417816000000002
20
-165.9111509999999896
11
76.3908890000000014
21
-165.884223999999989
0
LINE
8
BLACK
6
CONTINUOUS
10
76.3908890000000014
20
-165.884223999999989
11
76.3763149999999911
21
-165.8490409999999997
0
LINE
8
BLACK
6
CONTINUOUS
10
76.3763149999999911
20
-165.8490409999999997
11
76.3763149999999911
21
-165.8109589999999969
0
LINE
8
BLACK
6
CONTINUOUS
10
76.3763149999999911
20
-165.8109589999999969
11
76.3908890000000014
21
-165.7757759999999791
0
LINE
8
BLACK
6
CONTINUOUS
10
76.3908890000000014
20
-165.7757759999999791
11
76.417816000000002
21
-165.7488489999999786
0
LINE
8
BLACK
6
CONTINUOUS
10
76.417816000000002
20
-165.7488489999999786
11
76.4529989999999913
21
-165.7342749999999967
0
LINE
8
BLACK
6
CONTINUOUS
10
76.4529989999999913
20
-165.7342749999999967
11
76.4720399999999927
21
-165.7323999999999842
0
LINE
8
BLACK
6
CONTINUOUS
10
76.4720399999999927
20
-165.7323999999999842
11
76.9088399999999979
21
-165.7323999999999842
0
LINE
8
BLACK
6
CONTINUOUS
10
76.9088399999999979
20
-165.7323999999999842
11
76.9278809999999993
21
-165.7342749999999967
0
LINE
8
BLACK
6
CONTINUOUS
10
80.9278809999999993
20
-165.7342749999999967
11
80.9630640000000028
21
-165.7488489999999786
0
LINE
8
BLACK
6
CONTINUOUS
10
80.9630640000000028
20
-165.7488489999999786
11
80.9899910000000034
21
-165.7757759999999791
0
LINE
8
BLACK
6
CONTINUOUS
10
80.9899910000000034
20
-165.7757759999999791
11
81.0045649999999995
21
-165.8109589999999969
0
LINE
8
BLACK
6
CONTINUOUS
10
81.0045649999999995
20
-165.8109589999999969
11
81.0045649999999995
21
-165.8490409999999997
0
LINE
8
BLACK
6
CONTINUOUS
10
81.0045649999999995
20
-165.8490409999999997
11
80.9899910000000034
21
-165.884223999999989
0
LINE
8
BLACK
6
CONTINUOUS
10
80.9899910000000034
20
-165.884223999999989
11
80.9630640000000028
21
-165.9111509999999896
0
LINE
8
BLACK
6
CONTINUOUS
10
80.9630640000000028
20
-165.9111509999999896
11
80.9278809999999993
21
-165.9257249999999999
0
LINE
8
BLACK
6
CONTINUOUS
10
80.9278809999999993
20
-165.9257249999999999
11
80.9088399999999979
21
-165.927599999999984
0
LINE
8
BLACK
6
CONTINUOUS
10
80.9088399999999979
20
-165.927599999999984
11
80.4720399999999927
21
-165.927599999999984
0
LINE
8
BLACK
6
CONTINUOUS
10
80.4720399999999927
20
-165.927599999999984
11
80.4529989999999913
21
-165.9257249999999999
0
LINE
8
BLACK
6
CONTINUOUS
10
80.4529989999999913
20
-165.9257249999999999
11
80.417816000000002
21
-165.9111509999999896
0
LINE
8
BLACK
6
CONTINUOUS
10
80.417816000000002
20
-165.9111509999999896
11
80.3908890000000014
21
-165.884223999999989
0
LINE
8
BLACK
6
CONTINUOUS
10
80.3908890000000014
20
-165.884223999999989
11
80.3763149999999911
21
-165.8490409999999997
0
LINE
8
BLACK
6
CONTINUOUS
10
80.3763149999999911
20
-165.8490409999999997
11
80.3763149999999911
21
-165.8109589999999969
0
LINE
8
BLACK
6
CONTINUOUS
10
80.3763149999999911
20
-165.8109589999999969
11
80.3908890000000014
21
-165.7757759999999791
0
LINE
8
BLACK
6
CONTINUOUS
10
80.3908890000000014
20
-165.7757759999999791
11
80.417816000000002
21
-165.7488489999999786
0
LINE
8
BLACK
6
CONTINUOUS
10
80.417816000000002
20
-165.7488489999999786
11
80.4529989999999913
21
-165.7342749999999967
0
LINE
8
BLACK
6
CONTINUOUS
10
80.4529989999999913
20
-165.7342749999999967
11
80.4720399999999927
21
-165.7323999999999842
0
LINE
8
BLACK
6
CONTINUOUS
10
80.4720399999999927
20
-165.7323999999999842
11
80.9088399999999979
21
-165.7323999999999842
0
LINE
8
BLACK
6
CONTINUOUS
10
80.9088399999999979
20
-165.7323999999999842
11
80.9278809999999993
21
-165.7342749999999967
0
LINE
8
BLACK
6
CONTINUOUS
10
68.9587769999999978
20
-165.3002309999999966
11
68.9936849999999993
21
-165.3235549999999989
0
LINE
8
BLACK
6
CONTINUOUS
10
68.9936849999999993
20
-165.3235549999999989
11
69.0170090000000016
21
-165.3584630000000004
0
LINE
8
BLACK
6
CONTINUOUS
10
69.0170090000000016
20
-165.3584630000000004
11
69.0251999999999981
21
-165.3996400000000051
0
LINE
8
BLACK
6
CONTINUOUS
10
69.0251999999999981
20
-165.3996400000000051
11
69.0251999999999981
21
-165.665239999999983
0
LINE
8
BLACK
6
CONTINUOUS
10
69.0251999999999981
20
-165.665239999999983
11
69.0170090000000016
21
-165.7064169999999876
0
LINE
8
BLACK
6
CONTINUOUS
10
69.0170090000000016
20
-165.7064169999999876
11
68.9936849999999993
21
-165.7413249999999891
0
LINE
8
BLACK
6
CONTINUOUS
10
68.9936849999999993
20
-165.7413249999999891
11
68.9587769999999978
21
-165.7646489999999915
0
LINE
8
BLACK
6
CONTINUOUS
10
68.9587769999999978
20
-165.7646489999999915
11
68.9175999999999931
21
-165.7728400000000022
0
LINE
8
BLACK
6
CONTINUOUS
10
68.9175999999999931
20
-165.7728400000000022
11
68.7023999999999972
21
-165.7728400000000022
0
LINE
8
BLACK
6
CONTINUOUS
10
68.7023999999999972
20
-165.7728400000000022
11
68.6612229999999926
21
-165.7646489999999915
0
LINE
8
BLACK
6
CONTINUOUS
10
68.6612229999999926
20
-165.7646489999999915
11
68.6263149999999911
21
-165.7413249999999891
0
LINE
8
BLACK
6
CONTINUOUS
10
68.6263149999999911
20
-165.7413249999999891
11
68.6029910000000029
21
-165.7064169999999876
0
LINE
8
BLACK
6
CONTINUOUS
10
68.6029910000000029
20
-165.7064169999999876
11
68.5947999999999922
21
-165.665239999999983
0
LINE
8
BLACK
6
CONTINUOUS
10
68.5947999999999922
20
-165.665239999999983
11
68.5947999999999922
21
-165.3996400000000051
0
LINE
8
BLACK
6
CONTINUOUS
10
68.5947999999999922
20
-165.3996400000000051
11
68.6029910000000029
21
-165.3584630000000004
0
LINE
8
BLACK
6
CONTINUOUS
10
68.6029910000000029
20
-165.3584630000000004
11
68.6263149999999911
21
-165.3235549999999989
0
LINE
8
BLACK
6
CONTINUOUS
10
68.6263149999999911
20
-165.3235549999999989
11
68.6612229999999926
21
-165.3002309999999966
0
LINE
8
BLACK
6
CONTINUOUS
10
68.6612229999999926
20
-165.3002309999999966
11
68.7023999999999972
21
-165.2920399999999859
0
LINE
8
BLACK
6
CONTINUOUS
10
68.7023999999999972
20
-165.2920399999999859
11
68.9175999999999931
21
-165.2920399999999859
0
LINE
8
BLACK
6
CONTINUOUS
10
68.9175999999999931
20
-165.2920399999999859
11
68.9587769999999978
21
-165.3002309999999966
0
LINE
8
BLACK
6
CONTINUOUS
10
69.9187769999999915
20
-165.3002309999999966
11
69.953684999999993
21
-165.3235549999999989
0
LINE
8
BLACK
6
CONTINUOUS
10
69.953684999999993
20
-165.3235549999999989
11
69.9770089999999954
21
-165.3584630000000004
0
LINE
8
BLACK
6
CONTINUOUS
10
69.9770089999999954
20
-165.3584630000000004
11
69.9851999999999919
21
-165.3996400000000051
0
LINE
8
BLACK
6
CONTINUOUS
10
69.9851999999999919
20
-165.3996400000000051
11
69.9851999999999919
21
-165.665239999999983
0
LINE
8
BLACK
6
CONTINUOUS
10
69.9851999999999919
20
-165.665239999999983
11
69.9770089999999954
21
-165.7064169999999876
0
LINE
8
BLACK
6
CONTINUOUS
10
69.9770089999999954
20
-165.7064169999999876
11
69.953684999999993
21
-165.7413249999999891
0
LINE
8
BLACK
6
CONTINUOUS
10
69.953684999999993
20
-165.7413249999999891
11
69.9187769999999915
21
-165.7646489999999915
0
LINE
8
BLACK
6
CONTINUOUS
10
69.9187769999999915
20
-165.7646489999999915
11
69.877600000000001
21
-165.7728400000000022
0
LINE
8
BLACK
6
CONTINUOUS
10
69.877600000000001
20
-165.7728400000000022
11
69.662399999999991
21
-165.7728400000000022
0
LINE
8
BLACK
6
CONTINUOUS
10
69.662399999999991
20
-165.7728400000000022
11
69.6212230000000005
21
-165.7646489999999915
0
LINE
8
BLACK
6
CONTINUOUS
10
69.6212230000000005
20
-165.7646489999999915
11
69.586314999999999
21
-165.7413249999999891
0
LINE
8
BLACK
6
CONTINUOUS
10
69.586314999999999
20
-165.7413249999999891
11
69.5629909999999967
21
-165.7064169999999876
0
LINE
8
BLACK
6
CONTINUOUS
10
69.5629909999999967
20
-165.7064169999999876
11
69.5548000000000002
21
-165.665239999999983
0
LINE
8
BLACK
6
CONTINUOUS
10
69.5548000000000002
20
-165.665239999999983
11
69.5548000000000002
21
-165.3996400000000051
0
LINE
8
BLACK
6
CONTINUOUS
10
69.5548000000000002
20
-165.3996400000000051
11
69.5629909999999967
21
-165.3584630000000004
0
LINE
8
BLACK
6
CONTINUOUS
10
69.5629909999999967
20
-165.3584630000000004
11
69.586314999999999
21
-165.3235549999999989
0
LINE
8
BLACK
6
CONTINUOUS
10
69.586314999999999
20
-165.3235549999999989
11
69.6212230000000005
21
-165.3002309999999966
0
LINE
8
BLACK
6
CONTINUOUS
10
69.6212230000000005
20
-165.3002309999999966
11
69.662399999999991
21
-165.2920399999999859
0
LINE
8
BLACK
6
CONTINUOUS
10
69.662399999999991
20
-165.2920399999999859
11
69.877600000000001
21
-165.2920399999999859
0
LINE
8
BLACK
6
CONTINUOUS
10
69.877600000000001
20
-165.2920399999999859
11
69.9187769999999915
21
-165.3002309999999966
0
LINE
8
BLACK
6
CONTINUOUS
10
58.5272000000000006
20
-165.7664399999999887
11
58.0127999999999986
21
-165.7664399999999887
0
LINE
8
BLACK
6
CONTINUOUS
10
58.0127999999999986
20
-165.7664399999999887
11
58.0127999999999986
21
-165.6384400000000028
0
LINE
8
BLACK
6
CONTINUOUS
10
58.0127999999999986
20
-165.6384400000000028
11
58.5272000000000006
21
-165.6384400000000028
0
LINE
8
BLACK
6
CONTINUOUS
10
58.5272000000000006
20
-165.6384400000000028
11
58.5272000000000006
21
-165.7664399999999887
0
LINE
8
BLACK
6
CONTINUOUS
10
68.3472000000000008
20
-165.7664399999999887
11
67.8327999999999918
21
-165.7664399999999887
0
LINE
8
BLACK
6
CONTINUOUS
10
67.8327999999999918
20
-165.7664399999999887
11
67.8327999999999918
21
-165.6384400000000028
0
LINE
8
BLACK
6
CONTINUOUS
10
67.8327999999999918
20
-165.6384400000000028
11
68.3472000000000008
21
-165.6384400000000028
0
LINE
8
BLACK
6
CONTINUOUS
10
68.3472000000000008
20
-165.6384400000000028
11
68.3472000000000008
21
-165.7664399999999887
0
LINE
8
BLACK
6
CONTINUOUS
10
76.9278809999999993
20
-165.2342749999999967
11
76.9630640000000028
21
-165.2488489999999786
0
LINE
8
BLACK
6
CONTINUOUS
10
76.9630640000000028
20
-165.2488489999999786
11
76.9899910000000034
21
-165.2757759999999791
0
LINE
8
BLACK
6
CONTINUOUS
10
76.9899910000000034
20
-165.2757759999999791
11
77.0045649999999995
21
-165.3109589999999969
0
LINE
8
BLACK
6
CONTINUOUS
10
77.0045649999999995
20
-165.3109589999999969
11
77.0045649999999995
21
-165.3490409999999997
0
LINE
8
BLACK
6
CONTINUOUS
10
77.0045649999999995
20
-165.3490409999999997
11
76.9899910000000034
21
-165.384223999999989
0
LINE
8
BLACK
6
CONTINUOUS
10
76.9899910000000034
20
-165.384223999999989
11
76.9630640000000028
21
-165.4111509999999896
0
LINE
8
BLACK
6
CONTINUOUS
10
76.9630640000000028
20
-165.4111509999999896
11
76.9278809999999993
21
-165.4257249999999999
0
LINE
8
BLACK
6
CONTINUOUS
10
76.9278809999999993
20
-165.4257249999999999
11
76.9088399999999979
21
-165.427599999999984
0
LINE
8
BLACK
6
CONTINUOUS
10
76.9088399999999979
20
-165.427599999999984
11
76.4720399999999927
21
-165.427599999999984
0
LINE
8
BLACK
6
CONTINUOUS
10
76.4720399999999927
20
-165.427599999999984
11
76.4529989999999913
21
-165.4257249999999999
0
LINE
8
BLACK
6
CONTINUOUS
10
76.4529989999999913
20
-165.4257249999999999
11
76.417816000000002
21
-165.4111509999999896
0
LINE
8
BLACK
6
CONTINUOUS
10
76.417816000000002
20
-165.4111509999999896
11
76.3908890000000014
21
-165.384223999999989
0
LINE
8
BLACK
6
CONTINUOUS
10
76.3908890000000014
20
-165.384223999999989
11
76.3763149999999911
21
-165.3490409999999997
0
LINE
8
BLACK
6
CONTINUOUS
10
76.3763149999999911
20
-165.3490409999999997
11
76.3763149999999911
21
-165.3109589999999969
0
LINE
8
BLACK
6
CONTINUOUS
10
76.3763149999999911
20
-165.3109589999999969
11
76.3908890000000014
21
-165.2757759999999791
0
LINE
8
BLACK
6
CONTINUOUS
10
76.3908890000000014
20
-165.2757759999999791
11
76.417816000000002
21
-165.2488489999999786
0
LINE
8
BLACK
6
CONTINUOUS
10
76.417816000000002
20
-165.2488489999999786
11
76.4529989999999913
21
-165.2342749999999967
0
LINE
8
BLACK
6
CONTINUOUS
10
76.4529989999999913
20
-165.2342749999999967
11
76.4720399999999927
21
-165.2323999999999842
0
LINE
8
BLACK
6
CONTINUOUS
10
76.4720399999999927
20
-165.2323999999999842
11
76.9088399999999979
21
-165.2323999999999842
0
LINE
8
BLACK
6
CONTINUOUS
10
76.9088399999999979
20
-165.2323999999999842
11
76.9278809999999993
21
-165.2342749999999967
0
LINE
8
BLACK
6
CONTINUOUS
10
80.9278809999999993
20
-165.2342749999999967
11
80.9630640000000028
21
-165.2488489999999786
0
LINE
8
BLACK
6
CONTINUOUS
10
80.9630640000000028
20
-165.2488489999999786
11
80.9899910000000034
21
-165.2757759999999791
0
LINE
8
BLACK
6
CONTINUOUS
10
80.9899910000000034
20
-165.2757759999999791
11
81.0045649999999995
21
-165.3109589999999969
0
LINE
8
BLACK
6
CONTINUOUS
10
81.0045649999999995
20
-165.3109589999999969
11
81.0045649999999995
21
-165.3490409999999997
0
LINE
8
BLACK
6
CONTINUOUS
10
81.0045649999999995
20
-165.3490409999999997
11
80.9899910000000034
21
-165.384223999999989
0
LINE
8
BLACK
6
CONTINUOUS
10
80.9899910000000034
20
-165.384223999999989
11
80.9630640000000028
21
-165.4111509999999896
0
LINE
8
BLACK
6
CONTINUOUS
10
80.9630640000000028
20
-165.4111509999999896
11
80.9278809999999993
21
-165.4257249999999999
0
LINE
8
BLACK
6
CONTINUOUS
10
80.9278809999999993
20
-165.4257249999999999
11
80.9088399999999979
21
-165.427599999999984
0
LINE
8
BLACK
6
CONTINUOUS
10
80.9088399999999979
20
-165.427599999999984
11
80.4720399999999927
21
-165.427599999999984
0
LINE
8
BLACK
6
CONTINUOUS
10
80.4720399999999927
20
-165.427599999999984
11
80.4529989999999913
21
-165.4257249999999999
0
LINE
8
BLACK
6
CONTINUOUS
10
80.4529989999999913
20
-165.4257249999999999
11
80.417816000000002
21
-165.4111509999999896
0
LINE
8
BLACK
6
CONTINUOUS
10
80.417816000000002
20
-165.4111509999999896
11
80.3908890000000014
21
-165.384223999999989
0
LINE
8
BLACK
6
CONTINUOUS
10
80.3908890000000014
20
-165.384223999999989
11
80.3763149999999911
21
-165.3490409999999997
0
LINE
8
BLACK
6
CONTINUOUS
10
80.3763149999999911
20
-165.3490409999999997
11
80.3763149999999911
21
-165.3109589999999969
0
LINE
8
BLACK
6
CONTINUOUS
10
80.3763149999999911
20
-165.3109589999999969
11
80.3908890000000014
21
-165.2757759999999791
0
LINE
8
BLACK
6
CONTINUOUS
10
80.3908890000000014
20
-165.2757759999999791
11
80.417816000000002
21
-165.2488489999999786
0
LINE
8
BLACK
6
CONTINUOUS
10
80.417816000000002
20
-165.2488489999999786
11
80.4529989999999913
21
-165.2342749999999967
0
LINE
8
BLACK
6
CONTINUOUS
10
80.4529989999999913
20
-165.2342749999999967
11
80.4720399999999927
21
-165.2323999999999842
0
LINE
8
BLACK
6
CONTINUOUS
10
80.4720399999999927
20
-165.2323999999999842
11
80.9088399999999979
21
-165.2323999999999842
0
LINE
8
BLACK
6
CONTINUOUS
10
80.9088399999999979
20
-165.2323999999999842
11
80.9278809999999993
21
-165.2342749999999967
0
LINE
8
BLACK
6
CONTINUOUS
10
58.5272000000000006
20
-165.366439999999983
11
58.0127999999999986
21
-165.366439999999983
0
LINE
8
BLACK
6
CONTINUOUS
10
58.0127999999999986
20
-165.366439999999983
11
58.0127999999999986
21
-165.2384399999999971
0
LINE
8
BLACK
6
CONTINUOUS
10
58.0127999999999986
20
-165.2384399999999971
11
58.5272000000000006
21
-165.2384399999999971
0
LINE
8
BLACK
6
CONTINUOUS
10
58.5272000000000006
20
-165.2384399999999971
11
58.5272000000000006
21
-165.366439999999983
0
LINE
8
BLACK
6
CONTINUOUS
10
68.3472000000000008
20
-165.366439999999983
11
67.8327999999999918
21
-165.366439999999983
0
LINE
8
BLACK
6
CONTINUOUS
10
67.8327999999999918
20
-165.366439999999983
11
67.8327999999999918
21
-165.2384399999999971
0
LINE
8
BLACK
6
CONTINUOUS
10
67.8327999999999918
20
-165.2384399999999971
11
68.3472000000000008
21
-165.2384399999999971
0
LINE
8
BLACK
6
CONTINUOUS
10
68.3472000000000008
20
-165.2384399999999971
11
68.3472000000000008
21
-165.366439999999983
0
LINE
8
BLACK
6
CONTINUOUS
10
55.2249689999999944
20
-164.9435110000000009
11
55.2585149999999956
21
-164.9659249999999986
0
LINE
8
BLACK
6
CONTINUOUS
10
55.2585149999999956
20
-164.9659249999999986
11
55.2809290000000004
21
-164.9994709999999998
0
LINE
8
BLACK
6
CONTINUOUS
10
55.2809290000000004
20
-164.9994709999999998
11
55.2887999999999948
21
-165.03904
0
LINE
8
BLACK
6
CONTINUOUS
10
55.2887999999999948
20
-165.03904
11
55.2887999999999948
21
-165.245839999999987
0
LINE
8
BLACK
6
CONTINUOUS
10
55.2887999999999948
20
-165.245839999999987
11
55.2809290000000004
21
-165.2854089999999871
0
LINE
8
BLACK
6
CONTINUOUS
10
55.2809290000000004
20
-165.2854089999999871
11
55.2585149999999956
21
-165.3189549999999883
0
LINE
8
BLACK
6
CONTINUOUS
10
55.2585149999999956
20
-165.3189549999999883
11
55.2249689999999944
21
-165.341368999999986
0
LINE
8
BLACK
6
CONTINUOUS
10
55.2249689999999944
20
-165.341368999999986
11
55.1853999999999942
21
-165.3492399999999805
0
LINE
8
BLACK
6
CONTINUOUS
10
55.1853999999999942
20
-165.3492399999999805
11
54.894599999999997
21
-165.3492399999999805
0
LINE
8
BLACK
6
CONTINUOUS
10
54.894599999999997
20
-165.3492399999999805
11
54.8550309999999968
21
-165.341368999999986
0
LINE
8
BLACK
6
CONTINUOUS
10
54.8550309999999968
20
-165.341368999999986
11
54.8214849999999956
21
-165.3189549999999883
0
LINE
8
BLACK
6
CONTINUOUS
10
54.8214849999999956
20
-165.3189549999999883
11
54.7990709999999979
21
-165.2854089999999871
0
LINE
8
BLACK
6
CONTINUOUS
10
54.7990709999999979
20
-165.2854089999999871
11
54.7911999999999964
21
-165.245839999999987
0
LINE
8
BLACK
6
CONTINUOUS
10
54.7911999999999964
20
-165.245839999999987
11
54.7911999999999964
21
-165.03904
0
LINE
8
BLACK
6
CONTINUOUS
10
54.7911999999999964
20
-165.03904
11
54.7990709999999979
21
-164.9994709999999998
0
LINE
8
BLACK
6
CONTINUOUS
10
54.7990709999999979
20
-164.9994709999999998
11
54.8214849999999956
21
-164.9659249999999986
0
LINE
8
BLACK
6
CONTINUOUS
10
54.8214849999999956
20
-164.9659249999999986
11
54.8550309999999968
21
-164.9435110000000009
0
LINE
8
BLACK
6
CONTINUOUS
10
54.8550309999999968
20
-164.9435110000000009
11
54.894599999999997
21
-164.9356400000000065
0
LINE
8
BLACK
6
CONTINUOUS
10
54.894599999999997
20
-164.9356400000000065
11
55.1853999999999942
21
-164.9356400000000065
0
LINE
8
BLACK
6
CONTINUOUS
10
55.1853999999999942
20
-164.9356400000000065
11
55.2249689999999944
21
-164.9435110000000009
0
LINE
8
BLACK
6
CONTINUOUS
10
79.2264399999999966
20
-165.1059999999999945
11
78.1744399999999899
21
-165.1059999999999945
0
LINE
8
BLACK
6
CONTINUOUS
10
78.1744399999999899
20
-165.1059999999999945
11
78.1744399999999899
21
-164.054000000000002
0
LINE
8
BLACK
6
CONTINUOUS
10
78.1744399999999899
20
-164.054000000000002
11
79.2264399999999966
21
-164.054000000000002
0
LINE
8
BLACK
6
CONTINUOUS
10
79.2264399999999966
20
-164.054000000000002
11
79.2264399999999966
21
-165.1059999999999945
0
LINE
8
BLACK
6
CONTINUOUS
10
58.5272000000000006
20
-164.9664400000000057
11
58.0127999999999986
21
-164.9664400000000057
0
LINE
8
BLACK
6
CONTINUOUS
10
58.0127999999999986
20
-164.9664400000000057
11
58.0127999999999986
21
-164.8384399999999914
0
LINE
8
BLACK
6
CONTINUOUS
10
58.0127999999999986
20
-164.8384399999999914
11
58.5272000000000006
21
-164.8384399999999914
0
LINE
8
BLACK
6
CONTINUOUS
10
58.5272000000000006
20
-164.8384399999999914
11
58.5272000000000006
21
-164.9664400000000057
0
LINE
8
BLACK
6
CONTINUOUS
10
68.3472000000000008
20
-164.9664400000000057
11
67.8327999999999918
21
-164.9664400000000057
0
LINE
8
BLACK
6
CONTINUOUS
10
67.8327999999999918
20
-164.9664400000000057
11
67.8327999999999918
21
-164.8384399999999914
0
LINE
8
BLACK
6
CONTINUOUS
10
67.8327999999999918
20
-164.8384399999999914
11
68.3472000000000008
21
-164.8384399999999914
0
LINE
8
BLACK
6
CONTINUOUS
10
68.3472000000000008
20
-164.8384399999999914
11
68.3472000000000008
21
-164.9664400000000057
0
LINE
8
BLACK
6
CONTINUOUS
10
76.9278809999999993
20
-164.7342749999999967
11
76.9630640000000028
21
-164.7488489999999786
0
LINE
8
BLACK
6
CONTINUOUS
10
76.9630640000000028
20
-164.7488489999999786
11
76.9899910000000034
21
-164.7757759999999791
0
LINE
8
BLACK
6
CONTINUOUS
10
76.9899910000000034
20
-164.7757759999999791
11
77.0045649999999995
21
-164.8109589999999969
0
LINE
8
BLACK
6
CONTINUOUS
10
77.0045649999999995
20
-164.8109589999999969
11
77.0045649999999995
21
-164.8490409999999997
0
LINE
8
BLACK
6
CONTINUOUS
10
77.0045649999999995
20
-164.8490409999999997
11
76.9899910000000034
21
-164.884223999999989
0
LINE
8
BLACK
6
CONTINUOUS
10
76.9899910000000034
20
-164.884223999999989
11
76.9630640000000028
21
-164.9111509999999896
0
LINE
8
BLACK
6
CONTINUOUS
10
76.9630640000000028
20
-164.9111509999999896
11
76.9278809999999993
21
-164.9257249999999999
0
LINE
8
BLACK
6
CONTINUOUS
10
76.9278809999999993
20
-164.9257249999999999
11
76.9088399999999979
21
-164.927599999999984
0
LINE
8
BLACK
6
CONTINUOUS
10
76.9088399999999979
20
-164.927599999999984
11
76.4720399999999927
21
-164.927599999999984
0
LINE
8
BLACK
6
CONTINUOUS
10
76.4720399999999927
20
-164.927599999999984
11
76.4529989999999913
21
-164.9257249999999999
0
LINE
8
BLACK
6
CONTINUOUS
10
76.4529989999999913
20
-164.9257249999999999
11
76.417816000000002
21
-164.9111509999999896
0
LINE
8
BLACK
6
CONTINUOUS
10
76.417816000000002
20
-164.9111509999999896
11
76.3908890000000014
21
-164.884223999999989
0
LINE
8
BLACK
6
CONTINUOUS
10
76.3908890000000014
20
-164.884223999999989
11
76.3763149999999911
21
-164.8490409999999997
0
LINE
8
BLACK
6
CONTINUOUS
10
76.3763149999999911
20
-164.8490409999999997
11
76.3763149999999911
21
-164.8109589999999969
0
LINE
8
BLACK
6
CONTINUOUS
10
76.3763149999999911
20
-164.8109589999999969
11
76.3908890000000014
21
-164.7757759999999791
0
LINE
8
BLACK
6
CONTINUOUS
10
76.3908890000000014
20
-164.7757759999999791
11
76.417816000000002
21
-164.7488489999999786
0
LINE
8
BLACK
6
CONTINUOUS
10
76.417816000000002
20
-164.7488489999999786
11
76.4529989999999913
21
-164.7342749999999967
0
LINE
8
BLACK
6
CONTINUOUS
10
76.4529989999999913
20
-164.7342749999999967
11
76.4720399999999927
21
-164.7323999999999842
0
LINE
8
BLACK
6
CONTINUOUS
10
76.4720399999999927
20
-164.7323999999999842
11
76.9088399999999979
21
-164.7323999999999842
0
LINE
8
BLACK
6
CONTINUOUS
10
76.9088399999999979
20
-164.7323999999999842
11
76.9278809999999993
21
-164.7342749999999967
0
LINE
8
BLACK
6
CONTINUOUS
10
80.9278809999999993
20
-164.7342749999999967
11
80.9630640000000028
21
-164.7488489999999786
0
LINE
8
BLACK
6
CONTINUOUS
10
80.9630640000000028
20
-164.7488489999999786
11
80.9899910000000034
21
-164.7757759999999791
0
LINE
8
BLACK
6
CONTINUOUS
10
80.9899910000000034
20
-164.7757759999999791
11
81.0045649999999995
21
-164.8109589999999969
0
LINE
8
BLACK
6
CONTINUOUS
10
81.0045649999999995
20
-164.8109589999999969
11
81.0045649999999995
21
-164.8490409999999997
0
LINE
8
BLACK
6
CONTINUOUS
10
81.0045649999999995
20
-164.8490409999999997
11
80.9899910000000034
21
-164.884223999999989
0
LINE
8
BLACK
6
CONTINUOUS
10
80.9899910000000034
20
-164.884223999999989
11
80.9630640000000028
21
-164.9111509999999896
0
LINE
8
BLACK
6
CONTINUOUS
10
80.9630640000000028
20
-164.9111509999999896
11
80.9278809999999993
21
-164.9257249999999999
0
LINE
8
BLACK
6
CONTINUOUS
10
80.9278809999999993
20
-164.9257249999999999
11
80.9088399999999979
21
-164.927599999999984
0
LINE
8
BLACK
6
CONTINUOUS
10
80.9088399999999979
20
-164.927599999999984
11
80.4720399999999927
21
-164.927599999999984
0
LINE
8
BLACK
6
CONTINUOUS
10
80.4720399999999927
20
-164.927599999999984
11
80.4529989999999913
21
-164.9257249999999999
0
LINE
8
BLACK
6
CONTINUOUS
10
80.4529989999999913
20
-164.9257249999999999
11
80.417816000000002
21
-164.9111509999999896
0
LINE
8
BLACK
6
CONTINUOUS
10
80.417816000000002
20
-164.9111509999999896
11
80.3908890000000014
21
-164.884223999999989
0
LINE
8
BLACK
6
CONTINUOUS
10
80.3908890000000014
20
-164.884223999999989
11
80.3763149999999911
21
-164.8490409999999997
0
LINE
8
BLACK
6
CONTINUOUS
10
80.3763149999999911
20
-164.8490409999999997
11
80.3763149999999911
21
-164.8109589999999969
0
LINE
8
BLACK
6
CONTINUOUS
10
80.3763149999999911
20
-164.8109589999999969
11
80.3908890000000014
21
-164.7757759999999791
0
LINE
8
BLACK
6
CONTINUOUS
10
80.3908890000000014
20
-164.7757759999999791
11
80.417816000000002
21
-164.7488489999999786
0
LINE
8
BLACK
6
CONTINUOUS
10
80.417816000000002
20
-164.7488489999999786
11
80.4529989999999913
21
-164.7342749999999967
0
LINE
8
BLACK
6
CONTINUOUS
10
80.4529989999999913
20
-164.7342749999999967
11
80.4720399999999927
21
-164.7323999999999842
0
LINE
8
BLACK
6
CONTINUOUS
10
80.4720399999999927
20
-164.7323999999999842
11
80.9088399999999979
21
-164.7323999999999842
0
LINE
8
BLACK
6
CONTINUOUS
10
80.9088399999999979
20
-164.7323999999999842
11
80.9278809999999993
21
-164.7342749999999967
0
LINE
8
BLACK
6
CONTINUOUS
10
58.5272000000000006
20
-164.5664400000000001
11
58.0127999999999986
21
-164.5664400000000001
0
LINE
8
BLACK
6
CONTINUOUS
10
58.0127999999999986
20
-164.5664400000000001
11
58.0127999999999986
21
-164.4384399999999857
0
LINE
8
BLACK
6
CONTINUOUS
10
58.0127999999999986
20
-164.4384399999999857
11
58.5272000000000006
21
-164.4384399999999857
0
LINE
8
BLACK
6
CONTINUOUS
10
58.5272000000000006
20
-164.4384399999999857
11
58.5272000000000006
21
-164.5664400000000001
0
LINE
8
BLACK
6
CONTINUOUS
10
68.3472000000000008
20
-164.5664400000000001
11
67.8327999999999918
21
-164.5664400000000001
0
LINE
8
BLACK
6
CONTINUOUS
10
67.8327999999999918
20
-164.5664400000000001
11
67.8327999999999918
21
-164.4384399999999857
0
LINE
8
BLACK
6
CONTINUOUS
10
67.8327999999999918
20
-164.4384399999999857
11
68.3472000000000008
21
-164.4384399999999857
0
LINE
8
BLACK
6
CONTINUOUS
10
68.3472000000000008
20
-164.4384399999999857
11
68.3472000000000008
21
-164.5664400000000001
0
LINE
8
BLACK
6
CONTINUOUS
10
76.9278809999999993
20
-164.2342749999999967
11
76.9630640000000028
21
-164.2488489999999786
0
LINE
8
BLACK
6
CONTINUOUS
10
76.9630640000000028
20
-164.2488489999999786
11
76.9899910000000034
21
-164.2757759999999791
0
LINE
8
BLACK
6
CONTINUOUS
10
76.9899910000000034
20
-164.2757759999999791
11
77.0045649999999995
21
-164.3109589999999969
0
LINE
8
BLACK
6
CONTINUOUS
10
77.0045649999999995
20
-164.3109589999999969
11
77.0045649999999995
21
-164.3490409999999997
0
LINE
8
BLACK
6
CONTINUOUS
10
77.0045649999999995
20
-164.3490409999999997
11
76.9899910000000034
21
-164.384223999999989
0
LINE
8
BLACK
6
CONTINUOUS
10
76.9899910000000034
20
-164.384223999999989
11
76.9630640000000028
21
-164.4111509999999896
0
LINE
8
BLACK
6
CONTINUOUS
10
76.9630640000000028
20
-164.4111509999999896
11
76.9278809999999993
21
-164.4257249999999999
0
LINE
8
BLACK
6
CONTINUOUS
10
76.9278809999999993
20
-164.4257249999999999
11
76.9088399999999979
21
-164.427599999999984
0
LINE
8
BLACK
6
CONTINUOUS
10
76.9088399999999979
20
-164.427599999999984
11
76.4720399999999927
21
-164.427599999999984
0
LINE
8
BLACK
6
CONTINUOUS
10
76.4720399999999927
20
-164.427599999999984
11
76.4529989999999913
21
-164.4257249999999999
0
LINE
8
BLACK
6
CONTINUOUS
10
76.4529989999999913
20
-164.4257249999999999
11
76.417816000000002
21
-164.4111509999999896
0
LINE
8
BLACK
6
CONTINUOUS
10
76.417816000000002
20
-164.4111509999999896
11
76.3908890000000014
21
-164.384223999999989
0
LINE
8
BLACK
6
CONTINUOUS
10
76.3908890000000014
20
-164.384223999999989
11
76.3763149999999911
21
-164.3490409999999997
0
LINE
8
BLACK
6
CONTINUOUS
10
76.3763149999999911
20
-164.3490409999999997
11
76.3763149999999911
21
-164.3109589999999969
0
LINE
8
BLACK
6
CONTINUOUS
10
76.3763149999999911
20
-164.3109589999999969
11
76.3908890000000014
21
-164.2757759999999791
0
LINE
8
BLACK
6
CONTINUOUS
10
76.3908890000000014
20
-164.2757759999999791
11
76.417816000000002
21
-164.2488489999999786
0
LINE
8
BLACK
6
CONTINUOUS
10
76.417816000000002
20
-164.2488489999999786
11
76.4529989999999913
21
-164.2342749999999967
0
LINE
8
BLACK
6
CONTINUOUS
10
76.4529989999999913
20
-164.2342749999999967
11
76.4720399999999927
21
-164.2323999999999842
0
LINE
8
BLACK
6
CONTINUOUS
10
76.4720399999999927
20
-164.2323999999999842
11
76.9088399999999979
21
-164.2323999999999842
0
LINE
8
BLACK
6
CONTINUOUS
10
76.9088399999999979
20
-164.2323999999999842
11
76.9278809999999993
21
-164.2342749999999967
0
LINE
8
BLACK
6
CONTINUOUS
10
80.9278809999999993
20
-164.2342749999999967
11
80.9630640000000028
21
-164.2488489999999786
0
LINE
8
BLACK
6
CONTINUOUS
10
80.9630640000000028
20
-164.2488489999999786
11
80.9899910000000034
21
-164.2757759999999791
0
LINE
8
BLACK
6
CONTINUOUS
10
80.9899910000000034
20
-164.2757759999999791
11
81.0045649999999995
21
-164.3109589999999969
0
LINE
8
BLACK
6
CONTINUOUS
10
81.0045649999999995
20
-164.3109589999999969
11
81.0045649999999995
21
-164.3490409999999997
0
LINE
8
BLACK
6
CONTINUOUS
10
81.0045649999999995
20
-164.3490409999999997
11
80.9899910000000034
21
-164.384223999999989
0
LINE
8
BLACK
6
CONTINUOUS
10
80.9899910000000034
20
-164.384223999999989
11
80.9630640000000028
21
-164.4111509999999896
0
LINE
8
BLACK
6
CONTINUOUS
10
80.9630640000000028
20
-164.4111509999999896
11
80.9278809999999993
21
-164.4257249999999999
0
LINE
8
BLACK
6
CONTINUOUS
10
80.9278809999999993
20
-164.4257249999999999
11
80.9088399999999979
21
-164.427599999999984
0
LINE
8
BLACK
6
CONTINUOUS
10
80.9088399999999979
20
-164.427599999999984
11
80.4720399999999927
21
-164.427599999999984
0
LINE
8
BLACK
6
CONTINUOUS
10
80.4720399999999927
20
-164.427599999999984
11
80.4529989999999913
21
-164.4257249999999999
0
LINE
8
BLACK
6
CONTINUOUS
10
80.4529989999999913
20
-164.4257249999999999
11
80.417816000000002
21
-164.4111509999999896
0
LINE
8
BLACK
6
CONTINUOUS
10
80.417816000000002
20
-164.4111509999999896
11
80.3908890000000014
21
-164.384223999999989
0
LINE
8
BLACK
6
CONTINUOUS
10
80.3908890000000014
20
-164.384223999999989
11
80.3763149999999911
21
-164.3490409999999997
0
LINE
8
BLACK
6
CONTINUOUS
10
80.3763149999999911
20
-164.3490409999999997
11
80.3763149999999911
21
-164.3109589999999969
0
LINE
8
BLACK
6
CONTINUOUS
10
80.3763149999999911
20
-164.3109589999999969
11
80.3908890000000014
21
-164.2757759999999791
0
LINE
8
BLACK
6
CONTINUOUS
10
80.3908890000000014
20
-164.2757759999999791
11
80.417816000000002
21
-164.2488489999999786
0
LINE
8
BLACK
6
CONTINUOUS
10
80.417816000000002
20
-164.2488489999999786
11
80.4529989999999913
21
-164.2342749999999967
0
LINE
8
BLACK
6
CONTINUOUS
10
80.4529989999999913
20
-164.2342749999999967
11
80.4720399999999927
21
-164.2323999999999842
0
LINE
8
BLACK
6
CONTINUOUS
10
80.4720399999999927
20
-164.2323999999999842
11
80.9088399999999979
21
-164.2323999999999842
0
LINE
8
BLACK
6
CONTINUOUS
10
80.9088399999999979
20
-164.2323999999999842
11
80.9278809999999993
21
-164.2342749999999967
0
LINE
8
BLACK
6
CONTINUOUS
10
55.2249689999999944
20
-163.9235109999999906
11
55.2585149999999956
21
-163.9459249999999884
0
LINE
8
BLACK
6
CONTINUOUS
10
55.2585149999999956
20
-163.9459249999999884
11
55.2809290000000004
21
-163.9794709999999895
0
LINE
8
BLACK
6
CONTINUOUS
10
55.2809290000000004
20
-163.9794709999999895
11
55.2887999999999948
21
-164.0190399999999897
0
LINE
8
BLACK
6
CONTINUOUS
10
55.2887999999999948
20
-164.0190399999999897
11
55.2887999999999948
21
-164.2258400000000051
0
LINE
8
BLACK
6
CONTINUOUS
10
55.2887999999999948
20
-164.2258400000000051
11
55.2809290000000004
21
-164.2654090000000053
0
LINE
8
BLACK
6
CONTINUOUS
10
55.2809290000000004
20
-164.2654090000000053
11
55.2585149999999956
21
-164.2989550000000065
0
LINE
8
BLACK
6
CONTINUOUS
10
55.2585149999999956
20
-164.2989550000000065
11
55.2249689999999944
21
-164.3213690000000042
0
LINE
8
BLACK
6
CONTINUOUS
10
55.2249689999999944
20
-164.3213690000000042
11
55.1853999999999942
21
-164.3292399999999986
0
LINE
8
BLACK
6
CONTINUOUS
10
55.1853999999999942
20
-164.3292399999999986
11
54.894599999999997
21
-164.3292399999999986
0
LINE
8
BLACK
6
CONTINUOUS
10
54.894599999999997
20
-164.3292399999999986
11
54.8550309999999968
21
-164.3213690000000042
0
LINE
8
BLACK
6
CONTINUOUS
10
54.8550309999999968
20
-164.3213690000000042
11
54.8214849999999956
21
-164.2989550000000065
0
LINE
8
BLACK
6
CONTINUOUS
10
54.8214849999999956
20
-164.2989550000000065
11
54.7990709999999979
21
-164.2654090000000053
0
LINE
8
BLACK
6
CONTINUOUS
10
54.7990709999999979
20
-164.2654090000000053
11
54.7911999999999964
21
-164.2258400000000051
0
LINE
8
BLACK
6
CONTINUOUS
10
54.7911999999999964
20
-164.2258400000000051
11
54.7911999999999964
21
-164.0190399999999897
0
LINE
8
BLACK
6
CONTINUOUS
10
54.7911999999999964
20
-164.0190399999999897
11
54.7990709999999979
21
-163.9794709999999895
0
LINE
8
BLACK
6
CONTINUOUS
10
54.7990709999999979
20
-163.9794709999999895
11
54.8214849999999956
21
-163.9459249999999884
0
LINE
8
BLACK
6
CONTINUOUS
10
54.8214849999999956
20
-163.9459249999999884
11
54.8550309999999968
21
-163.9235109999999906
0
LINE
8
BLACK
6
CONTINUOUS
10
54.8550309999999968
20
-163.9235109999999906
11
54.894599999999997
21
-163.9156399999999962
0
LINE
8
BLACK
6
CONTINUOUS
10
54.894599999999997
20
-163.9156399999999962
11
55.1853999999999942
21
-163.9156399999999962
0
LINE
8
BLACK
6
CONTINUOUS
10
55.1853999999999942
20
-163.9156399999999962
11
55.2249689999999944
21
-163.9235109999999906
0
LINE
8
BLACK
6
CONTINUOUS
10
68.9537770000000023
20
-163.6952309999999784
11
68.9886850000000038
21
-163.7185549999999807
0
LINE
8
BLACK
6
CONTINUOUS
10
68.9886850000000038
20
-163.7185549999999807
11
69.0120089999999919
21
-163.7534629999999822
0
LINE
8
BLACK
6
CONTINUOUS
10
69.0120089999999919
20
-163.7534629999999822
11
69.0202000000000027
21
-163.7946399999999869
0
LINE
8
BLACK
6
CONTINUOUS
10
69.0202000000000027
20
-163.7946399999999869
11
69.0202000000000027
21
-164.0602399999999932
0
LINE
8
BLACK
6
CONTINUOUS
10
69.0202000000000027
20
-164.0602399999999932
11
69.0120089999999919
21
-164.1014169999999979
0
LINE
8
BLACK
6
CONTINUOUS
10
69.0120089999999919
20
-164.1014169999999979
11
68.9886850000000038
21
-164.1363249999999994
0
LINE
8
BLACK
6
CONTINUOUS
10
68.9886850000000038
20
-164.1363249999999994
11
68.9537770000000023
21
-164.1596490000000017
0
LINE
8
BLACK
6
CONTINUOUS
10
68.9537770000000023
20
-164.1596490000000017
11
68.9125999999999976
21
-164.167839999999984
0
LINE
8
BLACK
6
CONTINUOUS
10
68.9125999999999976
20
-164.167839999999984
11
68.6974000000000018
21
-164.167839999999984
0
LINE
8
BLACK
6
CONTINUOUS
10
68.6974000000000018
20
-164.167839999999984
11
68.6562229999999971
21
-164.1596490000000017
0
LINE
8
BLACK
6
CONTINUOUS
10
68.6562229999999971
20
-164.1596490000000017
11
68.6213149999999956
21
-164.1363249999999994
0
LINE
8
BLACK
6
CONTINUOUS
10
68.6213149999999956
20
-164.1363249999999994
11
68.5979909999999933
21
-164.1014169999999979
0
LINE
8
BLACK
6
CONTINUOUS
10
68.5979909999999933
20
-164.1014169999999979
11
68.5897999999999968
21
-164.0602399999999932
0
LINE
8
BLACK
6
CONTINUOUS
10
68.5897999999999968
20
-164.0602399999999932
11
68.5897999999999968
21
-163.7946399999999869
0
LINE
8
BLACK
6
CONTINUOUS
10
68.5897999999999968
20
-163.7946399999999869
11
68.5979909999999933
21
-163.7534629999999822
0
LINE
8
BLACK
6
CONTINUOUS
10
68.5979909999999933
20
-163.7534629999999822
11
68.6213149999999956
21
-163.7185549999999807
0
LINE
8
BLACK
6
CONTINUOUS
10
68.6213149999999956
20
-163.7185549999999807
11
68.6562229999999971
21
-163.6952309999999784
0
LINE
8
BLACK
6
CONTINUOUS
10
68.6562229999999971
20
-163.6952309999999784
11
68.6974000000000018
21
-163.6870399999999961
0
LINE
8
BLACK
6
CONTINUOUS
10
68.6974000000000018
20
-163.6870399999999961
11
68.9125999999999976
21
-163.6870399999999961
0
LINE
8
BLACK
6
CONTINUOUS
10
68.9125999999999976
20
-163.6870399999999961
11
68.9537770000000023
21
-163.6952309999999784
0
LINE
8
BLACK
6
CONTINUOUS
10
69.9137769999999961
20
-163.6952309999999784
11
69.9486849999999976
21
-163.7185549999999807
0
LINE
8
BLACK
6
CONTINUOUS
10
69.9486849999999976
20
-163.7185549999999807
11
69.9720089999999999
21
-163.7534629999999822
0
LINE
8
BLACK
6
CONTINUOUS
10
69.9720089999999999
20
-163.7534629999999822
11
69.9801999999999964
21
-163.7946399999999869
0
LINE
8
BLACK
6
CONTINUOUS
10
69.9801999999999964
20
-163.7946399999999869
11
69.9801999999999964
21
-164.0602399999999932
0
LINE
8
BLACK
6
CONTINUOUS
10
69.9801999999999964
20
-164.0602399999999932
11
69.9720089999999999
21
-164.1014169999999979
0
LINE
8
BLACK
6
CONTINUOUS
10
69.9720089999999999
20
-164.1014169999999979
11
69.9486849999999976
21
-164.1363249999999994
0
LINE
8
BLACK
6
CONTINUOUS
10
69.9486849999999976
20
-164.1363249999999994
11
69.9137769999999961
21
-164.1596490000000017
0
LINE
8
BLACK
6
CONTINUOUS
10
69.9137769999999961
20
-164.1596490000000017
11
69.8725999999999914
21
-164.167839999999984
0
LINE
8
BLACK
6
CONTINUOUS
10
69.8725999999999914
20
-164.167839999999984
11
69.6573999999999955
21
-164.167839999999984
0
LINE
8
BLACK
6
CONTINUOUS
10
69.6573999999999955
20
-164.167839999999984
11
69.6162229999999909
21
-164.1596490000000017
0
LINE
8
BLACK
6
CONTINUOUS
10
69.6162229999999909
20
-164.1596490000000017
11
69.5813150000000036
21
-164.1363249999999994
0
LINE
8
BLACK
6
CONTINUOUS
10
69.5813150000000036
20
-164.1363249999999994
11
69.5579910000000012
21
-164.1014169999999979
0
LINE
8
BLACK
6
CONTINUOUS
10
69.5579910000000012
20
-164.1014169999999979
11
69.5497999999999905
21
-164.0602399999999932
0
LINE
8
BLACK
6
CONTINUOUS
10
69.5497999999999905
20
-164.0602399999999932
11
69.5497999999999905
21
-163.7946399999999869
0
LINE
8
BLACK
6
CONTINUOUS
10
69.5497999999999905
20
-163.7946399999999869
11
69.5579910000000012
21
-163.7534629999999822
0
LINE
8
BLACK
6
CONTINUOUS
10
69.5579910000000012
20
-163.7534629999999822
11
69.5813150000000036
21
-163.7185549999999807
0
LINE
8
BLACK
6
CONTINUOUS
10
69.5813150000000036
20
-163.7185549999999807
11
69.6162229999999909
21
-163.6952309999999784
0
LINE
8
BLACK
6
CONTINUOUS
10
69.6162229999999909
20
-163.6952309999999784
11
69.6573999999999955
21
-163.6870399999999961
0
LINE
8
BLACK
6
CONTINUOUS
10
69.6573999999999955
20
-163.6870399999999961
11
69.8725999999999914
21
-163.6870399999999961
0
LINE
8
BLACK
6
CONTINUOUS
10
69.8725999999999914
20
-163.6870399999999961
11
69.9137769999999961
21
-163.6952309999999784
0
LINE
8
BLACK
6
CONTINUOUS
10
58.5272000000000006
20
-164.1664399999999944
11
58.0127999999999986
21
-164.1664399999999944
0
LINE
8
BLACK
6
CONTINUOUS
10
58.0127999999999986
20
-164.1664399999999944
11
58.0127999999999986
21
-164.03843999999998
0
LINE
8
BLACK
6
CONTINUOUS
10
58.0127999999999986
20
-164.03843999999998
11
58.5272000000000006
21
-164.03843999999998
0
LINE
8
BLACK
6
CONTINUOUS
10
58.5272000000000006
20
-164.03843999999998
11
58.5272000000000006
21
-164.1664399999999944
0
LINE
8
BLACK
6
CONTINUOUS
10
68.3472000000000008
20
-164.1664399999999944
11
67.8327999999999918
21
-164.1664399999999944
0
LINE
8
BLACK
6
CONTINUOUS
10
67.8327999999999918
20
-164.1664399999999944
11
67.8327999999999918
21
-164.03843999999998
0
LINE
8
BLACK
6
CONTINUOUS
10
67.8327999999999918
20
-164.03843999999998
11
68.3472000000000008
21
-164.03843999999998
0
LINE
8
BLACK
6
CONTINUOUS
10
68.3472000000000008
20
-164.03843999999998
11
68.3472000000000008
21
-164.1664399999999944
0
LINE
8
BLACK
6
CONTINUOUS
10
56.5269999999999939
20
-164.1488399999999785
11
56.0629999999999953
21
-164.1488399999999785
0
LINE
8
BLACK
6
CONTINUOUS
10
56.0629999999999953
20
-164.1488399999999785
11
56.0629999999999953
21
-163.836039999999997
0
LINE
8
BLACK
6
CONTINUOUS
10
56.0629999999999953
20
-163.836039999999997
11
56.5269999999999939
21
-163.836039999999997
0
LINE
8
BLACK
6
CONTINUOUS
10
56.5269999999999939
20
-163.836039999999997
11
56.5269999999999939
21
-164.1488399999999785
0
LINE
8
BLACK
6
CONTINUOUS
10
57.3669999999999973
20
-164.1488399999999785
11
56.9029999999999987
21
-164.1488399999999785
0
LINE
8
BLACK
6
CONTINUOUS
10
56.9029999999999987
20
-164.1488399999999785
11
56.9029999999999987
21
-163.836039999999997
0
LINE
8
BLACK
6
CONTINUOUS
10
56.9029999999999987
20
-163.836039999999997
11
57.3669999999999973
21
-163.836039999999997
0
LINE
8
BLACK
6
CONTINUOUS
10
57.3669999999999973
20
-163.836039999999997
11
57.3669999999999973
21
-164.1488399999999785
0
LINE
8
BLACK
6
CONTINUOUS
10
76.9278809999999993
20
-163.7342749999999967
11
76.9630640000000028
21
-163.7488489999999786
0
LINE
8
BLACK
6
CONTINUOUS
10
76.9630640000000028
20
-163.7488489999999786
11
76.9899910000000034
21
-163.7757759999999791
0
LINE
8
BLACK
6
CONTINUOUS
10
76.9899910000000034
20
-163.7757759999999791
11
77.0045649999999995
21
-163.8109589999999969
0
LINE
8
BLACK
6
CONTINUOUS
10
77.0045649999999995
20
-163.8109589999999969
11
77.0045649999999995
21
-163.8490409999999997
0
LINE
8
BLACK
6
CONTINUOUS
10
77.0045649999999995
20
-163.8490409999999997
11
76.9899910000000034
21
-163.884223999999989
0
LINE
8
BLACK
6
CONTINUOUS
10
76.9899910000000034
20
-163.884223999999989
11
76.9630640000000028
21
-163.9111509999999896
0
LINE
8
BLACK
6
CONTINUOUS
10
76.9630640000000028
20
-163.9111509999999896
11
76.9278809999999993
21
-163.9257249999999999
0
LINE
8
BLACK
6
CONTINUOUS
10
76.9278809999999993
20
-163.9257249999999999
11
76.9088399999999979
21
-163.927599999999984
0
LINE
8
BLACK
6
CONTINUOUS
10
76.9088399999999979
20
-163.927599999999984
11
76.4720399999999927
21
-163.927599999999984
0
LINE
8
BLACK
6
CONTINUOUS
10
76.4720399999999927
20
-163.927599999999984
11
76.4529989999999913
21
-163.9257249999999999
0
LINE
8
BLACK
6
CONTINUOUS
10
76.4529989999999913
20
-163.9257249999999999
11
76.417816000000002
21
-163.9111509999999896
0
LINE
8
BLACK
6
CONTINUOUS
10
76.417816000000002
20
-163.9111509999999896
11
76.3908890000000014
21
-163.884223999999989
0
LINE
8
BLACK
6
CONTINUOUS
10
76.3908890000000014
20
-163.884223999999989
11
76.3763149999999911
21
-163.8490409999999997
0
LINE
8
BLACK
6
CONTINUOUS
10
76.3763149999999911
20
-163.8490409999999997
11
76.3763149999999911
21
-163.8109589999999969
0
LINE
8
BLACK
6
CONTINUOUS
10
76.3763149999999911
20
-163.8109589999999969
11
76.3908890000000014
21
-163.7757759999999791
0
LINE
8
BLACK
6
CONTINUOUS
10
76.3908890000000014
20
-163.7757759999999791
11
76.417816000000002
21
-163.7488489999999786
0
LINE
8
BLACK
6
CONTINUOUS
10
76.417816000000002
20
-163.7488489999999786
11
76.4529989999999913
21
-163.7342749999999967
0
LINE
8
BLACK
6
CONTINUOUS
10
76.4529989999999913
20
-163.7342749999999967
11
76.4720399999999927
21
-163.7323999999999842
0
LINE
8
BLACK
6
CONTINUOUS
10
76.4720399999999927
20
-163.7323999999999842
11
76.9088399999999979
21
-163.7323999999999842
0
LINE
8
BLACK
6
CONTINUOUS
10
76.9088399999999979
20
-163.7323999999999842
11
76.9278809999999993
21
-163.7342749999999967
0
LINE
8
BLACK
6
CONTINUOUS
10
80.9278809999999993
20
-163.7342749999999967
11
80.9630640000000028
21
-163.7488489999999786
0
LINE
8
BLACK
6
CONTINUOUS
10
80.9630640000000028
20
-163.7488489999999786
11
80.9899910000000034
21
-163.7757759999999791
0
LINE
8
BLACK
6
CONTINUOUS
10
80.9899910000000034
20
-163.7757759999999791
11
81.0045649999999995
21
-163.8109589999999969
0
LINE
8
BLACK
6
CONTINUOUS
10
81.0045649999999995
20
-163.8109589999999969
11
81.0045649999999995
21
-163.8490409999999997
0
LINE
8
BLACK
6
CONTINUOUS
10
81.0045649999999995
20
-163.8490409999999997
11
80.9899910000000034
21
-163.884223999999989
0
LINE
8
BLACK
6
CONTINUOUS
10
80.9899910000000034
20
-163.884223999999989
11
80.9630640000000028
21
-163.9111509999999896
0
LINE
8
BLACK
6
CONTINUOUS
10
80.9630640000000028
20
-163.9111509999999896
11
80.9278809999999993
21
-163.9257249999999999
0
LINE
8
BLACK
6
CONTINUOUS
10
80.9278809999999993
20
-163.9257249999999999
11
80.9088399999999979
21
-163.927599999999984
0
LINE
8
BLACK
6
CONTINUOUS
10
80.9088399999999979
20
-163.927599999999984
11
80.4720399999999927
21
-163.927599999999984
0
LINE
8
BLACK
6
CONTINUOUS
10
80.4720399999999927
20
-163.927599999999984
11
80.4529989999999913
21
-163.9257249999999999
0
LINE
8
BLACK
6
CONTINUOUS
10
80.4529989999999913
20
-163.9257249999999999
11
80.417816000000002
21
-163.9111509999999896
0
LINE
8
BLACK
6
CONTINUOUS
10
80.417816000000002
20
-163.9111509999999896
11
80.3908890000000014
21
-163.884223999999989
0
LINE
8
BLACK
6
CONTINUOUS
10
80.3908890000000014
20
-163.884223999999989
11
80.3763149999999911
21
-163.8490409999999997
0
LINE
8
BLACK
6
CONTINUOUS
10
80.3763149999999911
20
-163.8490409999999997
11
80.3763149999999911
21
-163.8109589999999969
0
LINE
8
BLACK
6
CONTINUOUS
10
80.3763149999999911
20
-163.8109589999999969
11
80.3908890000000014
21
-163.7757759999999791
0
LINE
8
BLACK
6
CONTINUOUS
10
80.3908890000000014
20
-163.7757759999999791
11
80.417816000000002
21
-163.7488489999999786
0
LINE
8
BLACK
6
CONTINUOUS
10
80.417816000000002
20
-163.7488489999999786
11
80.4529989999999913
21
-163.7342749999999967
0
LINE
8
BLACK
6
CONTINUOUS
10
80.4529989999999913
20
-163.7342749999999967
11
80.4720399999999927
21
-163.7323999999999842
0
LINE
8
BLACK
6
CONTINUOUS
10
80.4720399999999927
20
-163.7323999999999842
11
80.9088399999999979
21
-163.7323999999999842
0
LINE
8
BLACK
6
CONTINUOUS
10
80.9088399999999979
20
-163.7323999999999842
11
80.9278809999999993
21
-163.7342749999999967
0
LINE
8
BLACK
6
CONTINUOUS
10
58.5272000000000006
20
-163.7664399999999887
11
58.0127999999999986
21
-163.7664399999999887
0
LINE
8
BLACK
6
CONTINUOUS
10
58.0127999999999986
20
-163.7664399999999887
11
58.0127999999999986
21
-163.6384400000000028
0
LINE
8
BLACK
6
CONTINUOUS
10
58.0127999999999986
20
-163.6384400000000028
11
58.5272000000000006
21
-163.6384400000000028
0
LINE
8
BLACK
6
CONTINUOUS
10
58.5272000000000006
20
-163.6384400000000028
11
58.5272000000000006
21
-163.7664399999999887
0
LINE
8
BLACK
6
CONTINUOUS
10
68.3472000000000008
20
-163.7664399999999887
11
67.8327999999999918
21
-163.7664399999999887
0
LINE
8
BLACK
6
CONTINUOUS
10
67.8327999999999918
20
-163.7664399999999887
11
67.8327999999999918
21
-163.6384400000000028
0
LINE
8
BLACK
6
CONTINUOUS
10
67.8327999999999918
20
-163.6384400000000028
11
68.3472000000000008
21
-163.6384400000000028
0
LINE
8
BLACK
6
CONTINUOUS
10
68.3472000000000008
20
-163.6384400000000028
11
68.3472000000000008
21
-163.7664399999999887
0
LINE
8
BLACK
6
CONTINUOUS
10
56.0069999999999979
20
-163.4924399999999878
11
54.7029999999999959
21
-163.4924399999999878
0
LINE
8
BLACK
6
CONTINUOUS
10
54.7029999999999959
20
-163.4924399999999878
11
54.7029999999999959
21
-162.6924400000000048
0
LINE
8
BLACK
6
CONTINUOUS
10
54.7029999999999959
20
-162.6924400000000048
11
56.0069999999999979
21
-162.6924400000000048
0
LINE
8
BLACK
6
CONTINUOUS
10
56.0069999999999979
20
-162.6924400000000048
11
56.0069999999999979
21
-163.4924399999999878
0
LINE
8
BLACK
6
CONTINUOUS
10
56.7087769999999978
20
-163.0002309999999852
11
56.7436849999999993
21
-163.0235549999999876
0
LINE
8
BLACK
6
CONTINUOUS
10
56.7436849999999993
20
-163.0235549999999876
11
56.7670089999999945
21
-163.0584629999999891
0
LINE
8
BLACK
6
CONTINUOUS
10
56.7670089999999945
20
-163.0584629999999891
11
56.7751999999999981
21
-163.0996399999999937
0
LINE
8
BLACK
6
CONTINUOUS
10
56.7751999999999981
20
-163.0996399999999937
11
56.7751999999999981
21
-163.36524
0
LINE
8
BLACK
6
CONTINUOUS
10
56.7751999999999981
20
-163.36524
11
56.7670089999999945
21
-163.4064170000000047
0
LINE
8
BLACK
6
CONTINUOUS
10
56.7670089999999945
20
-163.4064170000000047
11
56.7436849999999993
21
-163.4413250000000062
0
LINE
8
BLACK
6
CONTINUOUS
10
56.7436849999999993
20
-163.4413250000000062
11
56.7087769999999978
21
-163.4646489999999801
0
LINE
8
BLACK
6
CONTINUOUS
10
56.7087769999999978
20
-163.4646489999999801
11
56.6676000000000002
21
-163.4728399999999908
0
LINE
8
BLACK
6
CONTINUOUS
10
56.6676000000000002
20
-163.4728399999999908
11
56.4523999999999972
21
-163.4728399999999908
0
LINE
8
BLACK
6
CONTINUOUS
10
56.4523999999999972
20
-163.4728399999999908
11
56.4112229999999997
21
-163.4646489999999801
0
LINE
8
BLACK
6
CONTINUOUS
10
56.4112229999999997
20
-163.4646489999999801
11
56.3763149999999982
21
-163.4413250000000062
0
LINE
8
BLACK
6
CONTINUOUS
10
56.3763149999999982
20
-163.4413250000000062
11
56.3529909999999958
21
-163.4064170000000047
0
LINE
8
BLACK
6
CONTINUOUS
10
56.3529909999999958
20
-163.4064170000000047
11
56.3447999999999993
21
-163.36524
0
LINE
8
BLACK
6
CONTINUOUS
10
56.3447999999999993
20
-163.36524
11
56.3447999999999993
21
-163.0996399999999937
0
LINE
8
BLACK
6
CONTINUOUS
10
56.3447999999999993
20
-163.0996399999999937
11
56.3529909999999958
21
-163.0584629999999891
0
LINE
8
BLACK
6
CONTINUOUS
10
56.3529909999999958
20
-163.0584629999999891
11
56.3763149999999982
21
-163.0235549999999876
0
LINE
8
BLACK
6
CONTINUOUS
10
56.3763149999999982
20
-163.0235549999999876
11
56.4112229999999997
21
-163.0002309999999852
0
LINE
8
BLACK
6
CONTINUOUS
10
56.4112229999999997
20
-163.0002309999999852
11
56.4523999999999972
21
-162.9920400000000029
0
LINE
8
BLACK
6
CONTINUOUS
10
56.4523999999999972
20
-162.9920400000000029
11
56.6676000000000002
21
-162.9920400000000029
0
LINE
8
BLACK
6
CONTINUOUS
10
56.6676000000000002
20
-162.9920400000000029
11
56.7087769999999978
21
-163.0002309999999852
0
LINE
8
BLACK
6
CONTINUOUS
10
57.6687769999999986
20
-163.0002309999999852
11
57.7036850000000001
21
-163.0235549999999876
0
LINE
8
BLACK
6
CONTINUOUS
10
57.7036850000000001
20
-163.0235549999999876
11
57.7270089999999954
21
-163.0584629999999891
0
LINE
8
BLACK
6
CONTINUOUS
10
57.7270089999999954
20
-163.0584629999999891
11
57.735199999999999
21
-163.0996399999999937
0
LINE
8
BLACK
6
CONTINUOUS
10
57.735199999999999
20
-163.0996399999999937
11
57.735199999999999
21
-163.36524
0
LINE
8
BLACK
6
CONTINUOUS
10
57.735199999999999
20
-163.36524
11
57.7270089999999954
21
-163.4064170000000047
0
LINE
8
BLACK
6
CONTINUOUS
10
57.7270089999999954
20
-163.4064170000000047
11
57.7036850000000001
21
-163.4413250000000062
0
LINE
8
BLACK
6
CONTINUOUS
10
57.7036850000000001
20
-163.4413250000000062
11
57.6687769999999986
21
-163.4646489999999801
0
LINE
8
BLACK
6
CONTINUOUS
10
57.6687769999999986
20
-163.4646489999999801
11
57.6275999999999939
21
-163.4728399999999908
0
LINE
8
BLACK
6
CONTINUOUS
10
57.6275999999999939
20
-163.4728399999999908
11
57.4123999999999981
21
-163.4728399999999908
0
LINE
8
BLACK
6
CONTINUOUS
10
57.4123999999999981
20
-163.4728399999999908
11
57.3712230000000005
21
-163.4646489999999801
0
LINE
8
BLACK
6
CONTINUOUS
10
57.3712230000000005
20
-163.4646489999999801
11
57.336314999999999
21
-163.4413250000000062
0
LINE
8
BLACK
6
CONTINUOUS
10
57.336314999999999
20
-163.4413250000000062
11
57.3129909999999967
21
-163.4064170000000047
0
LINE
8
BLACK
6
CONTINUOUS
10
57.3129909999999967
20
-163.4064170000000047
11
57.3048000000000002
21
-163.36524
0
LINE
8
BLACK
6
CONTINUOUS
10
57.3048000000000002
20
-163.36524
11
57.3048000000000002
21
-163.0996399999999937
0
LINE
8
BLACK
6
CONTINUOUS
10
57.3048000000000002
20
-163.0996399999999937
11
57.3129909999999967
21
-163.0584629999999891
0
LINE
8
BLACK
6
CONTINUOUS
10
57.3129909999999967
20
-163.0584629999999891
11
57.336314999999999
21
-163.0235549999999876
0
LINE
8
BLACK
6
CONTINUOUS
10
57.336314999999999
20
-163.0235549999999876
11
57.3712230000000005
21
-163.0002309999999852
0
LINE
8
BLACK
6
CONTINUOUS
10
57.3712230000000005
20
-163.0002309999999852
11
57.4123999999999981
21
-162.9920400000000029
0
LINE
8
BLACK
6
CONTINUOUS
10
57.4123999999999981
20
-162.9920400000000029
11
57.6275999999999939
21
-162.9920400000000029
0
LINE
8
BLACK
6
CONTINUOUS
10
57.6275999999999939
20
-162.9920400000000029
11
57.6687769999999986
21
-163.0002309999999852
0
LINE
8
BLACK
6
CONTINUOUS
10
76.9278809999999993
20
-163.2342749999999967
11
76.9630640000000028
21
-163.2488489999999786
0
LINE
8
BLACK
6
CONTINUOUS
10
76.9630640000000028
20
-163.2488489999999786
11
76.9899910000000034
21
-163.2757759999999791
0
LINE
8
BLACK
6
CONTINUOUS
10
76.9899910000000034
20
-163.2757759999999791
11
77.0045649999999995
21
-163.3109589999999969
0
LINE
8
BLACK
6
CONTINUOUS
10
77.0045649999999995
20
-163.3109589999999969
11
77.0045649999999995
21
-163.3490409999999997
0
LINE
8
BLACK
6
CONTINUOUS
10
77.0045649999999995
20
-163.3490409999999997
11
76.9899910000000034
21
-163.384223999999989
0
LINE
8
BLACK
6
CONTINUOUS
10
76.9899910000000034
20
-163.384223999999989
11
76.9630640000000028
21
-163.4111509999999896
0
LINE
8
BLACK
6
CONTINUOUS
10
76.9630640000000028
20
-163.4111509999999896
11
76.9278809999999993
21
-163.4257249999999999
0
LINE
8
BLACK
6
CONTINUOUS
10
76.9278809999999993
20
-163.4257249999999999
11
76.9088399999999979
21
-163.427599999999984
0
LINE
8
BLACK
6
CONTINUOUS
10
76.9088399999999979
20
-163.427599999999984
11
76.4720399999999927
21
-163.427599999999984
0
LINE
8
BLACK
6
CONTINUOUS
10
76.4720399999999927
20
-163.427599999999984
11
76.4529989999999913
21
-163.4257249999999999
0
LINE
8
BLACK
6
CONTINUOUS
10
76.4529989999999913
20
-163.4257249999999999
11
76.417816000000002
21
-163.4111509999999896
0
LINE
8
BLACK
6
CONTINUOUS
10
76.417816000000002
20
-163.4111509999999896
11
76.3908890000000014
21
-163.384223999999989
0
LINE
8
BLACK
6
CONTINUOUS
10
76.3908890000000014
20
-163.384223999999989
11
76.3763149999999911
21
-163.3490409999999997
0
LINE
8
BLACK
6
CONTINUOUS
10
76.3763149999999911
20
-163.3490409999999997
11
76.3763149999999911
21
-163.3109589999999969
0
LINE
8
BLACK
6
CONTINUOUS
10
76.3763149999999911
20
-163.3109589999999969
11
76.3908890000000014
21
-163.2757759999999791
0
LINE
8
BLACK
6
CONTINUOUS
10
76.3908890000000014
20
-163.2757759999999791
11
76.417816000000002
21
-163.2488489999999786
0
LINE
8
BLACK
6
CONTINUOUS
10
76.417816000000002
20
-163.2488489999999786
11
76.4529989999999913
21
-163.2342749999999967
0
LINE
8
BLACK
6
CONTINUOUS
10
76.4529989999999913
20
-163.2342749999999967
11
76.4720399999999927
21
-163.2323999999999842
0
LINE
8
BLACK
6
CONTINUOUS
10
76.4720399999999927
20
-163.2323999999999842
11
76.9088399999999979
21
-163.2323999999999842
0
LINE
8
BLACK
6
CONTINUOUS
10
76.9088399999999979
20
-163.2323999999999842
11
76.9278809999999993
21
-163.2342749999999967
0
LINE
8
BLACK
6
CONTINUOUS
10
80.9278809999999993
20
-163.2342749999999967
11
80.9630640000000028
21
-163.2488489999999786
0
LINE
8
BLACK
6
CONTINUOUS
10
80.9630640000000028
20
-163.2488489999999786
11
80.9899910000000034
21
-163.2757759999999791
0
LINE
8
BLACK
6
CONTINUOUS
10
80.9899910000000034
20
-163.2757759999999791
11
81.0045649999999995
21
-163.3109589999999969
0
LINE
8
BLACK
6
CONTINUOUS
10
81.0045649999999995
20
-163.3109589999999969
11
81.0045649999999995
21
-163.3490409999999997
0
LINE
8
BLACK
6
CONTINUOUS
10
81.0045649999999995
20
-163.3490409999999997
11
80.9899910000000034
21
-163.384223999999989
0
LINE
8
BLACK
6
CONTINUOUS
10
80.9899910000000034
20
-163.384223999999989
11
80.9630640000000028
21
-163.4111509999999896
0
LINE
8
BLACK
6
CONTINUOUS
10
80.9630640000000028
20
-163.4111509999999896
11
80.9278809999999993
21
-163.4257249999999999
0
LINE
8
BLACK
6
CONTINUOUS
10
80.9278809999999993
20
-163.4257249999999999
11
80.9088399999999979
21
-163.427599999999984
0
LINE
8
BLACK
6
CONTINUOUS
10
80.9088399999999979
20
-163.427599999999984
11
80.4720399999999927
21
-163.427599999999984
0
LINE
8
BLACK
6
CONTINUOUS
10
80.4720399999999927
20
-163.427599999999984
11
80.4529989999999913
21
-163.4257249999999999
0
LINE
8
BLACK
6
CONTINUOUS
10
80.4529989999999913
20
-163.4257249999999999
11
80.417816000000002
21
-163.4111509999999896
0
LINE
8
BLACK
6
CONTINUOUS
10
80.417816000000002
20
-163.4111509999999896
11
80.3908890000000014
21
-163.384223999999989
0
LINE
8
BLACK
6
CONTINUOUS
10
80.3908890000000014
20
-163.384223999999989
11
80.3763149999999911
21
-163.3490409999999997
0
LINE
8
BLACK
6
CONTINUOUS
10
80.3763149999999911
20
-163.3490409999999997
11
80.3763149999999911
21
-163.3109589999999969
0
LINE
8
BLACK
6
CONTINUOUS
10
80.3763149999999911
20
-163.3109589999999969
11
80.3908890000000014
21
-163.2757759999999791
0
LINE
8
BLACK
6
CONTINUOUS
10
80.3908890000000014
20
-163.2757759999999791
11
80.417816000000002
21
-163.2488489999999786
0
LINE
8
BLACK
6
CONTINUOUS
10
80.417816000000002
20
-163.2488489999999786
11
80.4529989999999913
21
-163.2342749999999967
0
LINE
8
BLACK
6
CONTINUOUS
10
80.4529989999999913
20
-163.2342749999999967
11
80.4720399999999927
21
-163.2323999999999842
0
LINE
8
BLACK
6
CONTINUOUS
10
80.4720399999999927
20
-163.2323999999999842
11
80.9088399999999979
21
-163.2323999999999842
0
LINE
8
BLACK
6
CONTINUOUS
10
80.9088399999999979
20
-163.2323999999999842
11
80.9278809999999993
21
-163.2342749999999967
0
LINE
8
BLACK
6
CONTINUOUS
10
68.9379689999999954
20
-162.926511000000005
11
68.9715149999999966
21
-162.9489250000000027
0
LINE
8
BLACK
6
CONTINUOUS
10
68.9715149999999966
20
-162.9489250000000027
11
68.9939289999999943
21
-162.9824710000000039
0
LINE
8
BLACK
6
CONTINUOUS
10
68.9939289999999943
20
-162.9824710000000039
11
69.0018000000000029
21
-163.0220400000000041
0
LINE
8
BLACK
6
CONTINUOUS
10
69.0018000000000029
20
-163.0220400000000041
11
69.0018000000000029
21
-163.3128399999999942
0
LINE
8
BLACK
6
CONTINUOUS
10
69.0018000000000029
20
-163.3128399999999942
11
68.9939289999999943
21
-163.3524089999999944
0
LINE
8
BLACK
6
CONTINUOUS
10
68.9939289999999943
20
-163.3524089999999944
11
68.9715149999999966
21
-163.3859549999999956
0
LINE
8
BLACK
6
CONTINUOUS
10
68.9715149999999966
20
-163.3859549999999956
11
68.9379689999999954
21
-163.4083689999999933
0
LINE
8
BLACK
6
CONTINUOUS
10
68.9379689999999954
20
-163.4083689999999933
11
68.8983999999999952
21
-163.4162399999999877
0
LINE
8
BLACK
6
CONTINUOUS
10
68.8983999999999952
20
-163.4162399999999877
11
68.691599999999994
21
-163.4162399999999877
0
LINE
8
BLACK
6
CONTINUOUS
10
68.691599999999994
20
-163.4162399999999877
11
68.6520309999999938
21
-163.4083689999999933
0
LINE
8
BLACK
6
CONTINUOUS
10
68.6520309999999938
20
-163.4083689999999933
11
68.6184849999999926
21
-163.3859549999999956
0
LINE
8
BLACK
6
CONTINUOUS
10
68.6184849999999926
20
-163.3859549999999956
11
68.5960709999999949
21
-163.3524089999999944
0
LINE
8
BLACK
6
CONTINUOUS
10
68.5960709999999949
20
-163.3524089999999944
11
68.5882000000000005
21
-163.3128399999999942
0
LINE
8
BLACK
6
CONTINUOUS
10
68.5882000000000005
20
-163.3128399999999942
11
68.5882000000000005
21
-163.0220400000000041
0
LINE
8
BLACK
6
CONTINUOUS
10
68.5882000000000005
20
-163.0220400000000041
11
68.5960709999999949
21
-162.9824710000000039
0
LINE
8
BLACK
6
CONTINUOUS
10
68.5960709999999949
20
-162.9824710000000039
11
68.6184849999999926
21
-162.9489250000000027
0
LINE
8
BLACK
6
CONTINUOUS
10
68.6184849999999926
20
-162.9489250000000027
11
68.6520309999999938
21
-162.926511000000005
0
LINE
8
BLACK
6
CONTINUOUS
10
68.6520309999999938
20
-162.926511000000005
11
68.691599999999994
21
-162.9186399999999821
0
LINE
8
BLACK
6
CONTINUOUS
10
68.691599999999994
20
-162.9186399999999821
11
68.8983999999999952
21
-162.9186399999999821
0
LINE
8
BLACK
6
CONTINUOUS
10
68.8983999999999952
20
-162.9186399999999821
11
68.9379689999999954
21
-162.926511000000005
0
LINE
8
BLACK
6
CONTINUOUS
10
69.9579689999999914
20
-162.926511000000005
11
69.9915149999999926
21
-162.9489250000000027
0
LINE
8
BLACK
6
CONTINUOUS
10
69.9915149999999926
20
-162.9489250000000027
11
70.0139289999999903
21
-162.9824710000000039
0
LINE
8
BLACK
6
CONTINUOUS
10
70.0139289999999903
20
-162.9824710000000039
11
70.0217999999999989
21
-163.0220400000000041
0
LINE
8
BLACK
6
CONTINUOUS
10
70.0217999999999989
20
-163.0220400000000041
11
70.0217999999999989
21
-163.3128399999999942
0
LINE
8
BLACK
6
CONTINUOUS
10
70.0217999999999989
20
-163.3128399999999942
11
70.0139289999999903
21
-163.3524089999999944
0
LINE
8
BLACK
6
CONTINUOUS
10
70.0139289999999903
20
-163.3524089999999944
11
69.9915149999999926
21
-163.3859549999999956
0
LINE
8
BLACK
6
CONTINUOUS
10
69.9915149999999926
20
-163.3859549999999956
11
69.9579689999999914
21
-163.4083689999999933
0
LINE
8
BLACK
6
CONTINUOUS
10
69.9579689999999914
20
-163.4083689999999933
11
69.9183999999999912
21
-163.4162399999999877
0
LINE
8
BLACK
6
CONTINUOUS
10
69.9183999999999912
20
-163.4162399999999877
11
69.71159999999999
21
-163.4162399999999877
0
LINE
8
BLACK
6
CONTINUOUS
10
69.71159999999999
20
-163.4162399999999877
11
69.6720309999999898
21
-163.4083689999999933
0
LINE
8
BLACK
6
CONTINUOUS
10
69.6720309999999898
20
-163.4083689999999933
11
69.6384850000000029
21
-163.3859549999999956
0
LINE
8
BLACK
6
CONTINUOUS
10
69.6384850000000029
20
-163.3859549999999956
11
69.6160709999999909
21
-163.3524089999999944
0
LINE
8
BLACK
6
CONTINUOUS
10
69.6160709999999909
20
-163.3524089999999944
11
69.6081999999999965
21
-163.3128399999999942
0
LINE
8
BLACK
6
CONTINUOUS
10
69.6081999999999965
20
-163.3128399999999942
11
69.6081999999999965
21
-163.0220400000000041
0
LINE
8
BLACK
6
CONTINUOUS
10
69.6081999999999965
20
-163.0220400000000041
11
69.6160709999999909
21
-162.9824710000000039
0
LINE
8
BLACK
6
CONTINUOUS
10
69.6160709999999909
20
-162.9824710000000039
11
69.6384850000000029
21
-162.9489250000000027
0
LINE
8
BLACK
6
CONTINUOUS
10
69.6384850000000029
20
-162.9489250000000027
11
69.6720309999999898
21
-162.926511000000005
0
LINE
8
BLACK
6
CONTINUOUS
10
69.6720309999999898
20
-162.926511000000005
11
69.71159999999999
21
-162.9186399999999821
0
LINE
8
BLACK
6
CONTINUOUS
10
69.71159999999999
20
-162.9186399999999821
11
69.9183999999999912
21
-162.9186399999999821
0
LINE
8
BLACK
6
CONTINUOUS
10
69.9183999999999912
20
-162.9186399999999821
11
69.9579689999999914
21
-162.926511000000005
0
LINE
8
BLACK
6
CONTINUOUS
10
58.5272000000000006
20
-163.366439999999983
11
58.0127999999999986
21
-163.366439999999983
0
LINE
8
BLACK
6
CONTINUOUS
10
58.0127999999999986
20
-163.366439999999983
11
58.0127999999999986
21
-163.2384399999999971
0
LINE
8
BLACK
6
CONTINUOUS
10
58.0127999999999986
20
-163.2384399999999971
11
58.5272000000000006
21
-163.2384399999999971
0
LINE
8
BLACK
6
CONTINUOUS
10
58.5272000000000006
20
-163.2384399999999971
11
58.5272000000000006
21
-163.366439999999983
0
LINE
8
BLACK
6
CONTINUOUS
10
68.3472000000000008
20
-163.366439999999983
11
67.8327999999999918
21
-163.366439999999983
0
LINE
8
BLACK
6
CONTINUOUS
10
67.8327999999999918
20
-163.366439999999983
11
67.8327999999999918
21
-163.2384399999999971
0
LINE
8
BLACK
6
CONTINUOUS
10
67.8327999999999918
20
-163.2384399999999971
11
68.3472000000000008
21
-163.2384399999999971
0
LINE
8
BLACK
6
CONTINUOUS
10
68.3472000000000008
20
-163.2384399999999971
11
68.3472000000000008
21
-163.366439999999983
0
LINE
8
BLACK
6
CONTINUOUS
10
81.3819170000000014
20
-162.557990999999987
11
81.4168250000000029
21
-162.5813149999999894
0
LINE
8
BLACK
6
CONTINUOUS
10
81.4168250000000029
20
-162.5813149999999894
11
81.440148999999991
21
-162.6162229999999909
0
LINE
8
BLACK
6
CONTINUOUS
10
81.440148999999991
20
-162.6162229999999909
11
81.4483400000000017
21
-162.6573999999999955
0
LINE
8
BLACK
6
CONTINUOUS
10
81.4483400000000017
20
-162.6573999999999955
11
81.4483400000000017
21
-162.8726000000000056
0
LINE
8
BLACK
6
CONTINUOUS
10
81.4483400000000017
20
-162.8726000000000056
11
81.440148999999991
21
-162.9137769999999819
0
LINE
8
BLACK
6
CONTINUOUS
10
81.440148999999991
20
-162.9137769999999819
11
81.4168250000000029
21
-162.9486849999999833
0
LINE
8
BLACK
6
CONTINUOUS
10
81.4168250000000029
20
-162.9486849999999833
11
81.3819170000000014
21
-162.9720089999999857
0
LINE
8
BLACK
6
CONTINUOUS
10
81.3819170000000014
20
-162.9720089999999857
11
81.3407399999999967
21
-162.9801999999999964
0
LINE
8
BLACK
6
CONTINUOUS
10
81.3407399999999967
20
-162.9801999999999964
11
81.0751399999999904
21
-162.9801999999999964
0
LINE
8
BLACK
6
CONTINUOUS
10
81.0751399999999904
20
-162.9801999999999964
11
81.033963
21
-162.9720089999999857
0
LINE
8
BLACK
6
CONTINUOUS
10
81.033963
20
-162.9720089999999857
11
80.9990549999999985
21
-162.9486849999999833
0
LINE
8
BLACK
6
CONTINUOUS
10
80.9990549999999985
20
-162.9486849999999833
11
80.9757309999999961
21
-162.9137769999999819
0
LINE
8
BLACK
6
CONTINUOUS
10
80.9757309999999961
20
-162.9137769999999819
11
80.9675399999999996
21
-162.8726000000000056
0
LINE
8
BLACK
6
CONTINUOUS
10
80.9675399999999996
20
-162.8726000000000056
11
80.9675399999999996
21
-162.6573999999999955
0
LINE
8
BLACK
6
CONTINUOUS
10
80.9675399999999996
20
-162.6573999999999955
11
80.9757309999999961
21
-162.6162229999999909
0
LINE
8
BLACK
6
CONTINUOUS
10
80.9757309999999961
20
-162.6162229999999909
11
80.9990549999999985
21
-162.5813149999999894
0
LINE
8
BLACK
6
CONTINUOUS
10
80.9990549999999985
20
-162.5813149999999894
11
81.033963
21
-162.557990999999987
0
LINE
8
BLACK
6
CONTINUOUS
10
81.033963
20
-162.557990999999987
11
81.0751399999999904
21
-162.5498000000000047
0
LINE
8
BLACK
6
CONTINUOUS
10
81.0751399999999904
20
-162.5498000000000047
11
81.3407399999999967
21
-162.5498000000000047
0
LINE
8
BLACK
6
CONTINUOUS
10
81.3407399999999967
20
-162.5498000000000047
11
81.3819170000000014
21
-162.557990999999987
0
LINE
8
BLACK
6
CONTINUOUS
10
58.5272000000000006
20
-162.9664400000000057
11
58.0127999999999986
21
-162.9664400000000057
0
LINE
8
BLACK
6
CONTINUOUS
10
58.0127999999999986
20
-162.9664400000000057
11
58.0127999999999986
21
-162.8384399999999914
0
LINE
8
BLACK
6
CONTINUOUS
10
58.0127999999999986
20
-162.8384399999999914
11
58.5272000000000006
21
-162.8384399999999914
0
LINE
8
BLACK
6
CONTINUOUS
10
58.5272000000000006
20
-162.8384399999999914
11
58.5272000000000006
21
-162.9664400000000057
0
LINE
8
BLACK
6
CONTINUOUS
10
68.3472000000000008
20
-162.9664400000000057
11
67.8327999999999918
21
-162.9664400000000057
0
LINE
8
BLACK
6
CONTINUOUS
10
67.8327999999999918
20
-162.9664400000000057
11
67.8327999999999918
21
-162.8384399999999914
0
LINE
8
BLACK
6
CONTINUOUS
10
67.8327999999999918
20
-162.8384399999999914
11
68.3472000000000008
21
-162.8384399999999914
0
LINE
8
BLACK
6
CONTINUOUS
10
68.3472000000000008
20
-162.8384399999999914
11
68.3472000000000008
21
-162.9664400000000057
0
LINE
8
BLACK
6
CONTINUOUS
10
77.5046639999999911
20
-162.2804490000000044
11
77.5315909999999917
21
-162.307376000000005
0
LINE
8
BLACK
6
CONTINUOUS
10
77.5315909999999917
20
-162.307376000000005
11
77.546165000000002
21
-162.3425589999999943
0
LINE
8
BLACK
6
CONTINUOUS
10
77.546165000000002
20
-162.3425589999999943
11
77.5480400000000003
21
-162.3615999999999815
0
LINE
8
BLACK
6
CONTINUOUS
10
77.5480400000000003
20
-162.3615999999999815
11
77.5480400000000003
21
-162.7983999999999867
0
LINE
8
BLACK
6
CONTINUOUS
10
77.5480400000000003
20
-162.7983999999999867
11
77.546165000000002
21
-162.8174410000000023
0
LINE
8
BLACK
6
CONTINUOUS
10
77.546165000000002
20
-162.8174410000000023
11
77.5315909999999917
21
-162.8526239999999916
0
LINE
8
BLACK
6
CONTINUOUS
10
77.5315909999999917
20
-162.8526239999999916
11
77.5046639999999911
21
-162.8795509999999922
0
LINE
8
BLACK
6
CONTINUOUS
10
77.5046639999999911
20
-162.8795509999999922
11
77.4694810000000018
21
-162.8941250000000025
0
LINE
8
BLACK
6
CONTINUOUS
10
77.4694810000000018
20
-162.8941250000000025
11
77.431398999999999
21
-162.8941250000000025
0
LINE
8
BLACK
6
CONTINUOUS
10
77.431398999999999
20
-162.8941250000000025
11
77.3962159999999955
21
-162.8795509999999922
0
LINE
8
BLACK
6
CONTINUOUS
10
77.3962159999999955
20
-162.8795509999999922
11
77.3692889999999949
21
-162.8526239999999916
0
LINE
8
BLACK
6
CONTINUOUS
10
77.3692889999999949
20
-162.8526239999999916
11
77.3547149999999988
21
-162.8174410000000023
0
LINE
8
BLACK
6
CONTINUOUS
10
77.3547149999999988
20
-162.8174410000000023
11
77.3528400000000005
21
-162.7983999999999867
0
LINE
8
BLACK
6
CONTINUOUS
10
77.3528400000000005
20
-162.7983999999999867
11
77.3528400000000005
21
-162.3615999999999815
0
LINE
8
BLACK
6
CONTINUOUS
10
77.3528400000000005
20
-162.3615999999999815
11
77.3547149999999988
21
-162.3425589999999943
0
LINE
8
BLACK
6
CONTINUOUS
10
77.3547149999999988
20
-162.3425589999999943
11
77.3692889999999949
21
-162.307376000000005
0
LINE
8
BLACK
6
CONTINUOUS
10
77.3692889999999949
20
-162.307376000000005
11
77.3962159999999955
21
-162.2804490000000044
0
LINE
8
BLACK
6
CONTINUOUS
10
77.3962159999999955
20
-162.2804490000000044
11
77.431398999999999
21
-162.2658749999999941
0
LINE
8
BLACK
6
CONTINUOUS
10
77.431398999999999
20
-162.2658749999999941
11
77.4694810000000018
21
-162.2658749999999941
0
LINE
8
BLACK
6
CONTINUOUS
10
77.4694810000000018
20
-162.2658749999999941
11
77.5046639999999911
21
-162.2804490000000044
0
LINE
8
BLACK
6
CONTINUOUS
10
77.9946640000000002
20
-162.2804490000000044
11
78.0215910000000008
21
-162.307376000000005
0
LINE
8
BLACK
6
CONTINUOUS
10
78.0215910000000008
20
-162.307376000000005
11
78.0361649999999969
21
-162.3425589999999943
0
LINE
8
BLACK
6
CONTINUOUS
10
78.0361649999999969
20
-162.3425589999999943
11
78.0380399999999952
21
-162.3615999999999815
0
LINE
8
BLACK
6
CONTINUOUS
10
78.0380399999999952
20
-162.3615999999999815
11
78.0380399999999952
21
-162.7983999999999867
0
LINE
8
BLACK
6
CONTINUOUS
10
78.0380399999999952
20
-162.7983999999999867
11
78.0361649999999969
21
-162.8174410000000023
0
LINE
8
BLACK
6
CONTINUOUS
10
78.0361649999999969
20
-162.8174410000000023
11
78.0215910000000008
21
-162.8526239999999916
0
LINE
8
BLACK
6
CONTINUOUS
10
78.0215910000000008
20
-162.8526239999999916
11
77.9946640000000002
21
-162.8795509999999922
0
LINE
8
BLACK
6
CONTINUOUS
10
77.9946640000000002
20
-162.8795509999999922
11
77.9594809999999967
21
-162.8941250000000025
0
LINE
8
BLACK
6
CONTINUOUS
10
77.9594809999999967
20
-162.8941250000000025
11
77.9213989999999939
21
-162.8941250000000025
0
LINE
8
BLACK
6
CONTINUOUS
10
77.9213989999999939
20
-162.8941250000000025
11
77.8862159999999903
21
-162.8795509999999922
0
LINE
8
BLACK
6
CONTINUOUS
10
77.8862159999999903
20
-162.8795509999999922
11
77.8592889999999898
21
-162.8526239999999916
0
LINE
8
BLACK
6
CONTINUOUS
10
77.8592889999999898
20
-162.8526239999999916
11
77.8447149999999937
21
-162.8174410000000023
0
LINE
8
BLACK
6
CONTINUOUS
10
77.8447149999999937
20
-162.8174410000000023
11
77.8428399999999954
21
-162.7983999999999867
0
LINE
8
BLACK
6
CONTINUOUS
10
77.8428399999999954
20
-162.7983999999999867
11
77.8428399999999954
21
-162.3615999999999815
0
LINE
8
BLACK
6
CONTINUOUS
10
77.8428399999999954
20
-162.3615999999999815
11
77.8447149999999937
21
-162.3425589999999943
0
LINE
8
BLACK
6
CONTINUOUS
10
77.8447149999999937
20
-162.3425589999999943
11
77.8592889999999898
21
-162.307376000000005
0
LINE
8
BLACK
6
CONTINUOUS
10
77.8592889999999898
20
-162.307376000000005
11
77.8862159999999903
21
-162.2804490000000044
0
LINE
8
BLACK
6
CONTINUOUS
10
77.8862159999999903
20
-162.2804490000000044
11
77.9213989999999939
21
-162.2658749999999941
0
LINE
8
BLACK
6
CONTINUOUS
10
77.9213989999999939
20
-162.2658749999999941
11
77.9594809999999967
21
-162.2658749999999941
0
LINE
8
BLACK
6
CONTINUOUS
10
77.9594809999999967
20
-162.2658749999999941
11
77.9946640000000002
21
-162.2804490000000044
0
LINE
8
BLACK
6
CONTINUOUS
10
78.4946640000000002
20
-162.2804490000000044
11
78.5215910000000008
21
-162.307376000000005
0
LINE
8
BLACK
6
CONTINUOUS
10
78.5215910000000008
20
-162.307376000000005
11
78.5361649999999969
21
-162.3425589999999943
0
LINE
8
BLACK
6
CONTINUOUS
10
78.5361649999999969
20
-162.3425589999999943
11
78.5380399999999952
21
-162.3615999999999815
0
LINE
8
BLACK
6
CONTINUOUS
10
78.5380399999999952
20
-162.3615999999999815
11
78.5380399999999952
21
-162.7983999999999867
0
LINE
8
BLACK
6
CONTINUOUS
10
78.5380399999999952
20
-162.7983999999999867
11
78.5361649999999969
21
-162.8174410000000023
0
LINE
8
BLACK
6
CONTINUOUS
10
78.5361649999999969
20
-162.8174410000000023
11
78.5215910000000008
21
-162.8526239999999916
0
LINE
8
BLACK
6
CONTINUOUS
10
78.5215910000000008
20
-162.8526239999999916
11
78.4946640000000002
21
-162.8795509999999922
0
LINE
8
BLACK
6
CONTINUOUS
10
78.4946640000000002
20
-162.8795509999999922
11
78.4594809999999967
21
-162.8941250000000025
0
LINE
8
BLACK
6
CONTINUOUS
10
78.4594809999999967
20
-162.8941250000000025
11
78.4213989999999939
21
-162.8941250000000025
0
LINE
8
BLACK
6
CONTINUOUS
10
78.4213989999999939
20
-162.8941250000000025
11
78.3862159999999903
21
-162.8795509999999922
0
LINE
8
BLACK
6
CONTINUOUS
10
78.3862159999999903
20
-162.8795509999999922
11
78.3592889999999898
21
-162.8526239999999916
0
LINE
8
BLACK
6
CONTINUOUS
10
78.3592889999999898
20
-162.8526239999999916
11
78.3447149999999937
21
-162.8174410000000023
0
LINE
8
BLACK
6
CONTINUOUS
10
78.3447149999999937
20
-162.8174410000000023
11
78.3428399999999954
21
-162.7983999999999867
0
LINE
8
BLACK
6
CONTINUOUS
10
78.3428399999999954
20
-162.7983999999999867
11
78.3428399999999954
21
-162.3615999999999815
0
LINE
8
BLACK
6
CONTINUOUS
10
78.3428399999999954
20
-162.3615999999999815
11
78.3447149999999937
21
-162.3425589999999943
0
LINE
8
BLACK
6
CONTINUOUS
10
78.3447149999999937
20
-162.3425589999999943
11
78.3592889999999898
21
-162.307376000000005
0
LINE
8
BLACK
6
CONTINUOUS
10
78.3592889999999898
20
-162.307376000000005
11
78.3862159999999903
21
-162.2804490000000044
0
LINE
8
BLACK
6
CONTINUOUS
10
78.3862159999999903
20
-162.2804490000000044
11
78.4213989999999939
21
-162.2658749999999941
0
LINE
8
BLACK
6
CONTINUOUS
10
78.4213989999999939
20
-162.2658749999999941
11
78.4594809999999967
21
-162.2658749999999941
0
LINE
8
BLACK
6
CONTINUOUS
10
78.4594809999999967
20
-162.2658749999999941
11
78.4946640000000002
21
-162.2804490000000044
0
LINE
8
BLACK
6
CONTINUOUS
10
78.9946640000000002
20
-162.2804490000000044
11
79.0215910000000008
21
-162.307376000000005
0
LINE
8
BLACK
6
CONTINUOUS
10
79.0215910000000008
20
-162.307376000000005
11
79.0361649999999969
21
-162.3425589999999943
0
LINE
8
BLACK
6
CONTINUOUS
10
79.0361649999999969
20
-162.3425589999999943
11
79.0380399999999952
21
-162.3615999999999815
0
LINE
8
BLACK
6
CONTINUOUS
10
79.0380399999999952
20
-162.3615999999999815
11
79.0380399999999952
21
-162.7983999999999867
0
LINE
8
BLACK
6
CONTINUOUS
10
79.0380399999999952
20
-162.7983999999999867
11
79.0361649999999969
21
-162.8174410000000023
0
LINE
8
BLACK
6
CONTINUOUS
10
79.0361649999999969
20
-162.8174410000000023
11
79.0215910000000008
21
-162.8526239999999916
0
LINE
8
BLACK
6
CONTINUOUS
10
79.0215910000000008
20
-162.8526239999999916
11
78.9946640000000002
21
-162.8795509999999922
0
LINE
8
BLACK
6
CONTINUOUS
10
78.9946640000000002
20
-162.8795509999999922
11
78.9594809999999967
21
-162.8941250000000025
0
LINE
8
BLACK
6
CONTINUOUS
10
78.9594809999999967
20
-162.8941250000000025
11
78.9213989999999939
21
-162.8941250000000025
0
LINE
8
BLACK
6
CONTINUOUS
10
78.9213989999999939
20
-162.8941250000000025
11
78.8862159999999903
21
-162.8795509999999922
0
LINE
8
BLACK
6
CONTINUOUS
10
78.8862159999999903
20
-162.8795509999999922
11
78.8592889999999898
21
-162.8526239999999916
0
LINE
8
BLACK
6
CONTINUOUS
10
78.8592889999999898
20
-162.8526239999999916
11
78.8447149999999937
21
-162.8174410000000023
0
LINE
8
BLACK
6
CONTINUOUS
10
78.8447149999999937
20
-162.8174410000000023
11
78.8428399999999954
21
-162.7983999999999867
0
LINE
8
BLACK
6
CONTINUOUS
10
78.8428399999999954
20
-162.7983999999999867
11
78.8428399999999954
21
-162.3615999999999815
0
LINE
8
BLACK
6
CONTINUOUS
10
78.8428399999999954
20
-162.3615999999999815
11
78.8447149999999937
21
-162.3425589999999943
0
LINE
8
BLACK
6
CONTINUOUS
10
78.8447149999999937
20
-162.3425589999999943
11
78.8592889999999898
21
-162.307376000000005
0
LINE
8
BLACK
6
CONTINUOUS
10
78.8592889999999898
20
-162.307376000000005
11
78.8862159999999903
21
-162.2804490000000044
0
LINE
8
BLACK
6
CONTINUOUS
10
78.8862159999999903
20
-162.2804490000000044
11
78.9213989999999939
21
-162.2658749999999941
0
LINE
8
BLACK
6
CONTINUOUS
10
78.9213989999999939
20
-162.2658749999999941
11
78.9594809999999967
21
-162.2658749999999941
0
LINE
8
BLACK
6
CONTINUOUS
10
78.9594809999999967
20
-162.2658749999999941
11
78.9946640000000002
21
-162.2804490000000044
0
LINE
8
BLACK
6
CONTINUOUS
10
79.4946640000000002
20
-162.2804490000000044
11
79.5215910000000008
21
-162.307376000000005
0
LINE
8
BLACK
6
CONTINUOUS
10
79.5215910000000008
20
-162.307376000000005
11
79.5361649999999969
21
-162.3425589999999943
0
LINE
8
BLACK
6
CONTINUOUS
10
79.5361649999999969
20
-162.3425589999999943
11
79.5380399999999952
21
-162.3615999999999815
0
LINE
8
BLACK
6
CONTINUOUS
10
79.5380399999999952
20
-162.3615999999999815
11
79.5380399999999952
21
-162.7983999999999867
0
LINE
8
BLACK
6
CONTINUOUS
10
79.5380399999999952
20
-162.7983999999999867
11
79.5361649999999969
21
-162.8174410000000023
0
LINE
8
BLACK
6
CONTINUOUS
10
79.5361649999999969
20
-162.8174410000000023
11
79.5215910000000008
21
-162.8526239999999916
0
LINE
8
BLACK
6
CONTINUOUS
10
79.5215910000000008
20
-162.8526239999999916
11
79.4946640000000002
21
-162.8795509999999922
0
LINE
8
BLACK
6
CONTINUOUS
10
79.4946640000000002
20
-162.8795509999999922
11
79.4594809999999967
21
-162.8941250000000025
0
LINE
8
BLACK
6
CONTINUOUS
10
79.4594809999999967
20
-162.8941250000000025
11
79.4213989999999939
21
-162.8941250000000025
0
LINE
8
BLACK
6
CONTINUOUS
10
79.4213989999999939
20
-162.8941250000000025
11
79.3862159999999903
21
-162.8795509999999922
0
LINE
8
BLACK
6
CONTINUOUS
10
79.3862159999999903
20
-162.8795509999999922
11
79.3592889999999898
21
-162.8526239999999916
0
LINE
8
BLACK
6
CONTINUOUS
10
79.3592889999999898
20
-162.8526239999999916
11
79.3447149999999937
21
-162.8174410000000023
0
LINE
8
BLACK
6
CONTINUOUS
10
79.3447149999999937
20
-162.8174410000000023
11
79.3428399999999954
21
-162.7983999999999867
0
LINE
8
BLACK
6
CONTINUOUS
10
79.3428399999999954
20
-162.7983999999999867
11
79.3428399999999954
21
-162.3615999999999815
0
LINE
8
BLACK
6
CONTINUOUS
10
79.3428399999999954
20
-162.3615999999999815
11
79.3447149999999937
21
-162.3425589999999943
0
LINE
8
BLACK
6
CONTINUOUS
10
79.3447149999999937
20
-162.3425589999999943
11
79.3592889999999898
21
-162.307376000000005
0
LINE
8
BLACK
6
CONTINUOUS
10
79.3592889999999898
20
-162.307376000000005
11
79.3862159999999903
21
-162.2804490000000044
0
LINE
8
BLACK
6
CONTINUOUS
10
79.3862159999999903
20
-162.2804490000000044
11
79.4213989999999939
21
-162.2658749999999941
0
LINE
8
BLACK
6
CONTINUOUS
10
79.4213989999999939
20
-162.2658749999999941
11
79.4594809999999967
21
-162.2658749999999941
0
LINE
8
BLACK
6
CONTINUOUS
10
79.4594809999999967
20
-162.2658749999999941
11
79.4946640000000002
21
-162.2804490000000044
0
LINE
8
BLACK
6
CONTINUOUS
10
79.9946640000000002
20
-162.2804490000000044
11
80.0215910000000008
21
-162.307376000000005
0
LINE
8
BLACK
6
CONTINUOUS
10
80.0215910000000008
20
-162.307376000000005
11
80.0361649999999969
21
-162.3425589999999943
0
LINE
8
BLACK
6
CONTINUOUS
10
80.0361649999999969
20
-162.3425589999999943
11
80.0380399999999952
21
-162.3615999999999815
0
LINE
8
BLACK
6
CONTINUOUS
10
80.0380399999999952
20
-162.3615999999999815
11
80.0380399999999952
21
-162.7983999999999867
0
LINE
8
BLACK
6
CONTINUOUS
10
80.0380399999999952
20
-162.7983999999999867
11
80.0361649999999969
21
-162.8174410000000023
0
LINE
8
BLACK
6
CONTINUOUS
10
80.0361649999999969
20
-162.8174410000000023
11
80.0215910000000008
21
-162.8526239999999916
0
LINE
8
BLACK
6
CONTINUOUS
10
80.0215910000000008
20
-162.8526239999999916
11
79.9946640000000002
21
-162.8795509999999922
0
LINE
8
BLACK
6
CONTINUOUS
10
79.9946640000000002
20
-162.8795509999999922
11
79.9594809999999967
21
-162.8941250000000025
0
LINE
8
BLACK
6
CONTINUOUS
10
79.9594809999999967
20
-162.8941250000000025
11
79.9213989999999939
21
-162.8941250000000025
0
LINE
8
BLACK
6
CONTINUOUS
10
79.9213989999999939
20
-162.8941250000000025
11
79.8862159999999903
21
-162.8795509999999922
0
LINE
8
BLACK
6
CONTINUOUS
10
79.8862159999999903
20
-162.8795509999999922
11
79.8592889999999898
21
-162.8526239999999916
0
LINE
8
BLACK
6
CONTINUOUS
10
79.8592889999999898
20
-162.8526239999999916
11
79.8447149999999937
21
-162.8174410000000023
0
LINE
8
BLACK
6
CONTINUOUS
10
79.8447149999999937
20
-162.8174410000000023
11
79.8428399999999954
21
-162.7983999999999867
0
LINE
8
BLACK
6
CONTINUOUS
10
79.8428399999999954
20
-162.7983999999999867
11
79.8428399999999954
21
-162.3615999999999815
0
LINE
8
BLACK
6
CONTINUOUS
10
79.8428399999999954
20
-162.3615999999999815
11
79.8447149999999937
21
-162.3425589999999943
0
LINE
8
BLACK
6
CONTINUOUS
10
79.8447149999999937
20
-162.3425589999999943
11
79.8592889999999898
21
-162.307376000000005
0
LINE
8
BLACK
6
CONTINUOUS
10
79.8592889999999898
20
-162.307376000000005
11
79.8862159999999903
21
-162.2804490000000044
0
LINE
8
BLACK
6
CONTINUOUS
10
79.8862159999999903
20
-162.2804490000000044
11
79.9213989999999939
21
-162.2658749999999941
0
LINE
8
BLACK
6
CONTINUOUS
10
79.9213989999999939
20
-162.2658749999999941
11
79.9594809999999967
21
-162.2658749999999941
0
LINE
8
BLACK
6
CONTINUOUS
10
79.9594809999999967
20
-162.2658749999999941
11
79.9946640000000002
21
-162.2804490000000044
0
LINE
8
BLACK
6
CONTINUOUS
10
58.5272000000000006
20
-162.5664400000000001
11
58.0127999999999986
21
-162.5664400000000001
0
LINE
8
BLACK
6
CONTINUOUS
10
58.0127999999999986
20
-162.5664400000000001
11
58.0127999999999986
21
-162.4384399999999857
0
LINE
8
BLACK
6
CONTINUOUS
10
58.0127999999999986
20
-162.4384399999999857
11
58.5272000000000006
21
-162.4384399999999857
0
LINE
8
BLACK
6
CONTINUOUS
10
58.5272000000000006
20
-162.4384399999999857
11
58.5272000000000006
21
-162.5664400000000001
0
LINE
8
BLACK
6
CONTINUOUS
10
68.3472000000000008
20
-162.5664400000000001
11
67.8327999999999918
21
-162.5664400000000001
0
LINE
8
BLACK
6
CONTINUOUS
10
67.8327999999999918
20
-162.5664400000000001
11
67.8327999999999918
21
-162.4384399999999857
0
LINE
8
BLACK
6
CONTINUOUS
10
67.8327999999999918
20
-162.4384399999999857
11
68.3472000000000008
21
-162.4384399999999857
0
LINE
8
BLACK
6
CONTINUOUS
10
68.3472000000000008
20
-162.4384399999999857
11
68.3472000000000008
21
-162.5664400000000001
0
LINE
8
BLACK
6
CONTINUOUS
10
76.3110629999999901
20
-162.1585890000000063
11
76.1954599999999971
21
-162.4762049999999931
0
LINE
8
BLACK
6
CONTINUOUS
10
76.1954599999999971
20
-162.4762049999999931
11
75.8383769999999942
21
-162.3462370000000021
0
LINE
8
BLACK
6
CONTINUOUS
10
75.8383769999999942
20
-162.3462370000000021
11
75.9539800000000014
21
-162.0286209999999869
0
LINE
8
BLACK
6
CONTINUOUS
10
75.9539800000000014
20
-162.0286209999999869
11
76.3110629999999901
21
-162.1585890000000063
0
LINE
8
BLACK
6
CONTINUOUS
10
56.8639769999999984
20
-161.9854310000000055
11
56.8988849999999999
21
-162.0087549999999794
0
LINE
8
BLACK
6
CONTINUOUS
10
56.8988849999999999
20
-162.0087549999999794
11
56.9222089999999952
21
-162.0436629999999809
0
LINE
8
BLACK
6
CONTINUOUS
10
56.9222089999999952
20
-162.0436629999999809
11
56.9303999999999988
21
-162.0848399999999856
0
LINE
8
BLACK
6
CONTINUOUS
10
56.9303999999999988
20
-162.0848399999999856
11
56.9303999999999988
21
-162.3000399999999956
0
LINE
8
BLACK
6
CONTINUOUS
10
56.9303999999999988
20
-162.3000399999999956
11
56.9222089999999952
21
-162.3412170000000003
0
LINE
8
BLACK
6
CONTINUOUS
10
56.9222089999999952
20
-162.3412170000000003
11
56.8988849999999999
21
-162.3761250000000018
0
LINE
8
BLACK
6
CONTINUOUS
10
56.8988849999999999
20
-162.3761250000000018
11
56.8639769999999984
21
-162.3994490000000042
0
LINE
8
BLACK
6
CONTINUOUS
10
56.8639769999999984
20
-162.3994490000000042
11
56.8228000000000009
21
-162.4076399999999865
0
LINE
8
BLACK
6
CONTINUOUS
10
56.8228000000000009
20
-162.4076399999999865
11
56.5571999999999946
21
-162.4076399999999865
0
LINE
8
BLACK
6
CONTINUOUS
10
56.5571999999999946
20
-162.4076399999999865
11
56.516022999999997
21
-162.3994490000000042
0
LINE
8
BLACK
6
CONTINUOUS
10
56.516022999999997
20
-162.3994490000000042
11
56.4811149999999955
21
-162.3761250000000018
0
LINE
8
BLACK
6
CONTINUOUS
10
56.4811149999999955
20
-162.3761250000000018
11
56.4577910000000003
21
-162.3412170000000003
0
LINE
8
BLACK
6
CONTINUOUS
10
56.4577910000000003
20
-162.3412170000000003
11
56.4495999999999967
21
-162.3000399999999956
0
LINE
8
BLACK
6
CONTINUOUS
10
56.4495999999999967
20
-162.3000399999999956
11
56.4495999999999967
21
-162.0848399999999856
0
LINE
8
BLACK
6
CONTINUOUS
10
56.4495999999999967
20
-162.0848399999999856
11
56.4577910000000003
21
-162.0436629999999809
0
LINE
8
BLACK
6
CONTINUOUS
10
56.4577910000000003
20
-162.0436629999999809
11
56.4811149999999955
21
-162.0087549999999794
0
LINE
8
BLACK
6
CONTINUOUS
10
56.4811149999999955
20
-162.0087549999999794
11
56.516022999999997
21
-161.9854310000000055
0
LINE
8
BLACK
6
CONTINUOUS
10
56.516022999999997
20
-161.9854310000000055
11
56.5571999999999946
21
-161.9772399999999948
0
LINE
8
BLACK
6
CONTINUOUS
10
56.5571999999999946
20
-161.9772399999999948
11
56.8228000000000009
21
-161.9772399999999948
0
LINE
8
BLACK
6
CONTINUOUS
10
56.8228000000000009
20
-161.9772399999999948
11
56.8639769999999984
21
-161.9854310000000055
0
LINE
8
BLACK
6
CONTINUOUS
10
57.6639769999999956
20
-161.9854310000000055
11
57.6988849999999971
21
-162.0087549999999794
0
LINE
8
BLACK
6
CONTINUOUS
10
57.6988849999999971
20
-162.0087549999999794
11
57.7222089999999994
21
-162.0436629999999809
0
LINE
8
BLACK
6
CONTINUOUS
10
57.7222089999999994
20
-162.0436629999999809
11
57.7303999999999959
21
-162.0848399999999856
0
LINE
8
BLACK
6
CONTINUOUS
10
57.7303999999999959
20
-162.0848399999999856
11
57.7303999999999959
21
-162.3000399999999956
0
LINE
8
BLACK
6
CONTINUOUS
10
57.7303999999999959
20
-162.3000399999999956
11
57.7222089999999994
21
-162.3412170000000003
0
LINE
8
BLACK
6
CONTINUOUS
10
57.7222089999999994
20
-162.3412170000000003
11
57.6988849999999971
21
-162.3761250000000018
0
LINE
8
BLACK
6
CONTINUOUS
10
57.6988849999999971
20
-162.3761250000000018
11
57.6639769999999956
21
-162.3994490000000042
0
LINE
8
BLACK
6
CONTINUOUS
10
57.6639769999999956
20
-162.3994490000000042
11
57.622799999999998
21
-162.4076399999999865
0
LINE
8
BLACK
6
CONTINUOUS
10
57.622799999999998
20
-162.4076399999999865
11
57.3571999999999989
21
-162.4076399999999865
0
LINE
8
BLACK
6
CONTINUOUS
10
57.3571999999999989
20
-162.4076399999999865
11
57.3160229999999942
21
-162.3994490000000042
0
LINE
8
BLACK
6
CONTINUOUS
10
57.3160229999999942
20
-162.3994490000000042
11
57.2811149999999998
21
-162.3761250000000018
0
LINE
8
BLACK
6
CONTINUOUS
10
57.2811149999999998
20
-162.3761250000000018
11
57.2577909999999974
21
-162.3412170000000003
0
LINE
8
BLACK
6
CONTINUOUS
10
57.2577909999999974
20
-162.3412170000000003
11
57.2496000000000009
21
-162.3000399999999956
0
LINE
8
BLACK
6
CONTINUOUS
10
57.2496000000000009
20
-162.3000399999999956
11
57.2496000000000009
21
-162.0848399999999856
0
LINE
8
BLACK
6
CONTINUOUS
10
57.2496000000000009
20
-162.0848399999999856
11
57.2577909999999974
21
-162.0436629999999809
0
LINE
8
BLACK
6
CONTINUOUS
10
57.2577909999999974
20
-162.0436629999999809
11
57.2811149999999998
21
-162.0087549999999794
0
LINE
8
BLACK
6
CONTINUOUS
10
57.2811149999999998
20
-162.0087549999999794
11
57.3160229999999942
21
-161.9854310000000055
0
LINE
8
BLACK
6
CONTINUOUS
10
57.3160229999999942
20
-161.9854310000000055
11
57.3571999999999989
21
-161.9772399999999948
0
LINE
8
BLACK
6
CONTINUOUS
10
57.3571999999999989
20
-161.9772399999999948
11
57.622799999999998
21
-161.9772399999999948
0
LINE
8
BLACK
6
CONTINUOUS
10
57.622799999999998
20
-161.9772399999999948
11
57.6639769999999956
21
-161.9854310000000055
0
LINE
8
BLACK
6
CONTINUOUS
10
58.5272000000000006
20
-162.1664399999999944
11
58.0127999999999986
21
-162.1664399999999944
0
LINE
8
BLACK
6
CONTINUOUS
10
58.0127999999999986
20
-162.1664399999999944
11
58.0127999999999986
21
-162.03843999999998
0
LINE
8
BLACK
6
CONTINUOUS
10
58.0127999999999986
20
-162.03843999999998
11
58.5272000000000006
21
-162.03843999999998
0
LINE
8
BLACK
6
CONTINUOUS
10
58.5272000000000006
20
-162.03843999999998
11
58.5272000000000006
21
-162.1664399999999944
0
LINE
8
BLACK
6
CONTINUOUS
10
68.3472000000000008
20
-162.1664399999999944
11
67.8327999999999918
21
-162.1664399999999944
0
LINE
8
BLACK
6
CONTINUOUS
10
67.8327999999999918
20
-162.1664399999999944
11
67.8327999999999918
21
-162.03843999999998
0
LINE
8
BLACK
6
CONTINUOUS
10
67.8327999999999918
20
-162.03843999999998
11
68.3472000000000008
21
-162.03843999999998
0
LINE
8
BLACK
6
CONTINUOUS
10
68.3472000000000008
20
-162.03843999999998
11
68.3472000000000008
21
-162.1664399999999944
0
LINE
8
BLACK
6
CONTINUOUS
10
81.3819170000000014
20
-161.5979909999999791
11
81.4168250000000029
21
-161.6213149999999814
0
LINE
8
BLACK
6
CONTINUOUS
10
81.4168250000000029
20
-161.6213149999999814
11
81.440148999999991
21
-161.6562229999999829
0
LINE
8
BLACK
6
CONTINUOUS
10
81.440148999999991
20
-161.6562229999999829
11
81.4483400000000017
21
-161.6973999999999876
0
LINE
8
BLACK
6
CONTINUOUS
10
81.4483400000000017
20
-161.6973999999999876
11
81.4483400000000017
21
-161.9125999999999976
0
LINE
8
BLACK
6
CONTINUOUS
10
81.4483400000000017
20
-161.9125999999999976
11
81.440148999999991
21
-161.9537770000000023
0
LINE
8
BLACK
6
CONTINUOUS
10
81.440148999999991
20
-161.9537770000000023
11
81.4168250000000029
21
-161.9886850000000038
0
LINE
8
BLACK
6
CONTINUOUS
10
81.4168250000000029
20
-161.9886850000000038
11
81.3819170000000014
21
-162.0120090000000062
0
LINE
8
BLACK
6
CONTINUOUS
10
81.3819170000000014
20
-162.0120090000000062
11
81.3407399999999967
21
-162.0201999999999884
0
LINE
8
BLACK
6
CONTINUOUS
10
81.3407399999999967
20
-162.0201999999999884
11
81.0751399999999904
21
-162.0201999999999884
0
LINE
8
BLACK
6
CONTINUOUS
10
81.0751399999999904
20
-162.0201999999999884
11
81.033963
21
-162.0120090000000062
0
LINE
8
BLACK
6
CONTINUOUS
10
81.033963
20
-162.0120090000000062
11
80.9990549999999985
21
-161.9886850000000038
0
LINE
8
BLACK
6
CONTINUOUS
10
80.9990549999999985
20
-161.9886850000000038
11
80.9757309999999961
21
-161.9537770000000023
0
LINE
8
BLACK
6
CONTINUOUS
10
80.9757309999999961
20
-161.9537770000000023
11
80.9675399999999996
21
-161.9125999999999976
0
LINE
8
BLACK
6
CONTINUOUS
10
80.9675399999999996
20
-161.9125999999999976
11
80.9675399999999996
21
-161.6973999999999876
0
LINE
8
BLACK
6
CONTINUOUS
10
80.9675399999999996
20
-161.6973999999999876
11
80.9757309999999961
21
-161.6562229999999829
0
LINE
8
BLACK
6
CONTINUOUS
10
80.9757309999999961
20
-161.6562229999999829
11
80.9990549999999985
21
-161.6213149999999814
0
LINE
8
BLACK
6
CONTINUOUS
10
80.9990549999999985
20
-161.6213149999999814
11
81.033963
21
-161.5979909999999791
0
LINE
8
BLACK
6
CONTINUOUS
10
81.033963
20
-161.5979909999999791
11
81.0751399999999904
21
-161.5897999999999968
0
LINE
8
BLACK
6
CONTINUOUS
10
81.0751399999999904
20
-161.5897999999999968
11
81.3407399999999967
21
-161.5897999999999968
0
LINE
8
BLACK
6
CONTINUOUS
10
81.3407399999999967
20
-161.5897999999999968
11
81.3819170000000014
21
-161.5979909999999791
0
LINE
8
BLACK
6
CONTINUOUS
10
78.3569169999999957
20
-161.5329909999999813
11
78.3918249999999972
21
-161.5563149999999837
0
LINE
8
BLACK
6
CONTINUOUS
10
78.3918249999999972
20
-161.5563149999999837
11
78.4151489999999995
21
-161.5912229999999852
0
LINE
8
BLACK
6
CONTINUOUS
10
78.4151489999999995
20
-161.5912229999999852
11
78.4233399999999961
21
-161.6323999999999899
0
LINE
8
BLACK
6
CONTINUOUS
10
78.4233399999999961
20
-161.6323999999999899
11
78.4233399999999961
21
-161.8475999999999999
0
LINE
8
BLACK
6
CONTINUOUS
10
78.4233399999999961
20
-161.8475999999999999
11
78.4151489999999995
21
-161.8887770000000046
0
LINE
8
BLACK
6
CONTINUOUS
10
78.4151489999999995
20
-161.8887770000000046
11
78.3918249999999972
21
-161.9236850000000061
0
LINE
8
BLACK
6
CONTINUOUS
10
78.3918249999999972
20
-161.9236850000000061
11
78.3569169999999957
21
-161.94700899999998
0
LINE
8
BLACK
6
CONTINUOUS
10
78.3569169999999957
20
-161.94700899999998
11
78.315739999999991
21
-161.9551999999999907
0
LINE
8
BLACK
6
CONTINUOUS
10
78.315739999999991
20
-161.9551999999999907
11
78.050139999999999
21
-161.9551999999999907
0
LINE
8
BLACK
6
CONTINUOUS
10
78.050139999999999
20
-161.9551999999999907
11
78.0089629999999943
21
-161.94700899999998
0
LINE
8
BLACK
6
CONTINUOUS
10
78.0089629999999943
20
-161.94700899999998
11
77.9740549999999928
21
-161.9236850000000061
0
LINE
8
BLACK
6
CONTINUOUS
10
77.9740549999999928
20
-161.9236850000000061
11
77.9507309999999904
21
-161.8887770000000046
0
LINE
8
BLACK
6
CONTINUOUS
10
77.9507309999999904
20
-161.8887770000000046
11
77.9425399999999939
21
-161.8475999999999999
0
LINE
8
BLACK
6
CONTINUOUS
10
77.9425399999999939
20
-161.8475999999999999
11
77.9425399999999939
21
-161.6323999999999899
0
LINE
8
BLACK
6
CONTINUOUS
10
77.9425399999999939
20
-161.6323999999999899
11
77.9507309999999904
21
-161.5912229999999852
0
LINE
8
BLACK
6
CONTINUOUS
10
77.9507309999999904
20
-161.5912229999999852
11
77.9740549999999928
21
-161.5563149999999837
0
LINE
8
BLACK
6
CONTINUOUS
10
77.9740549999999928
20
-161.5563149999999837
11
78.0089629999999943
21
-161.5329909999999813
0
LINE
8
BLACK
6
CONTINUOUS
10
78.0089629999999943
20
-161.5329909999999813
11
78.050139999999999
21
-161.524799999999999
0
LINE
8
BLACK
6
CONTINUOUS
10
78.050139999999999
20
-161.524799999999999
11
78.315739999999991
21
-161.524799999999999
0
LINE
8
BLACK
6
CONTINUOUS
10
78.315739999999991
20
-161.524799999999999
11
78.3569169999999957
21
-161.5329909999999813
0
LINE
8
BLACK
6
CONTINUOUS
10
79.1319170000000014
20
-161.5329909999999813
11
79.1668250000000029
21
-161.5563149999999837
0
LINE
8
BLACK
6
CONTINUOUS
10
79.1668250000000029
20
-161.5563149999999837
11
79.190148999999991
21
-161.5912229999999852
0
LINE
8
BLACK
6
CONTINUOUS
10
79.190148999999991
20
-161.5912229999999852
11
79.1983400000000017
21
-161.6323999999999899
0
LINE
8
BLACK
6
CONTINUOUS
10
79.1983400000000017
20
-161.6323999999999899
11
79.1983400000000017
21
-161.8475999999999999
0
LINE
8
BLACK
6
CONTINUOUS
10
79.1983400000000017
20
-161.8475999999999999
11
79.190148999999991
21
-161.8887770000000046
0
LINE
8
BLACK
6
CONTINUOUS
10
79.190148999999991
20
-161.8887770000000046
11
79.1668250000000029
21
-161.9236850000000061
0
LINE
8
BLACK
6
CONTINUOUS
10
79.1668250000000029
20
-161.9236850000000061
11
79.1319170000000014
21
-161.94700899999998
0
LINE
8
BLACK
6
CONTINUOUS
10
79.1319170000000014
20
-161.94700899999998
11
79.0907399999999967
21
-161.9551999999999907
0
LINE
8
BLACK
6
CONTINUOUS
10
79.0907399999999967
20
-161.9551999999999907
11
78.8251399999999904
21
-161.9551999999999907
0
LINE
8
BLACK
6
CONTINUOUS
10
78.8251399999999904
20
-161.9551999999999907
11
78.783963
21
-161.94700899999998
0
LINE
8
BLACK
6
CONTINUOUS
10
78.783963
20
-161.94700899999998
11
78.7490549999999985
21
-161.9236850000000061
0
LINE
8
BLACK
6
CONTINUOUS
10
78.7490549999999985
20
-161.9236850000000061
11
78.7257309999999961
21
-161.8887770000000046
0
LINE
8
BLACK
6
CONTINUOUS
10
78.7257309999999961
20
-161.8887770000000046
11
78.7175399999999996
21
-161.8475999999999999
0
LINE
8
BLACK
6
CONTINUOUS
10
78.7175399999999996
20
-161.8475999999999999
11
78.7175399999999996
21
-161.6323999999999899
0
LINE
8
BLACK
6
CONTINUOUS
10
78.7175399999999996
20
-161.6323999999999899
11
78.7257309999999961
21
-161.5912229999999852
0
LINE
8
BLACK
6
CONTINUOUS
10
78.7257309999999961
20
-161.5912229999999852
11
78.7490549999999985
21
-161.5563149999999837
0
LINE
8
BLACK
6
CONTINUOUS
10
78.7490549999999985
20
-161.5563149999999837
11
78.783963
21
-161.5329909999999813
0
LINE
8
BLACK
6
CONTINUOUS
10
78.783963
20
-161.5329909999999813
11
78.8251399999999904
21
-161.524799999999999
0
LINE
8
BLACK
6
CONTINUOUS
10
78.8251399999999904
20
-161.524799999999999
11
79.0907399999999967
21
-161.524799999999999
0
LINE
8
BLACK
6
CONTINUOUS
10
79.0907399999999967
20
-161.524799999999999
11
79.1319170000000014
21
-161.5329909999999813
0
LINE
8
BLACK
6
CONTINUOUS
10
79.8819170000000014
20
-161.5329909999999813
11
79.9168250000000029
21
-161.5563149999999837
0
LINE
8
BLACK
6
CONTINUOUS
10
79.9168250000000029
20
-161.5563149999999837
11
79.940148999999991
21
-161.5912229999999852
0
LINE
8
BLACK
6
CONTINUOUS
10
79.940148999999991
20
-161.5912229999999852
11
79.9483400000000017
21
-161.6323999999999899
0
LINE
8
BLACK
6
CONTINUOUS
10
79.9483400000000017
20
-161.6323999999999899
11
79.9483400000000017
21
-161.8475999999999999
0
LINE
8
BLACK
6
CONTINUOUS
10
79.9483400000000017
20
-161.8475999999999999
11
79.940148999999991
21
-161.8887770000000046
0
LINE
8
BLACK
6
CONTINUOUS
10
79.940148999999991
20
-161.8887770000000046
11
79.9168250000000029
21
-161.9236850000000061
0
LINE
8
BLACK
6
CONTINUOUS
10
79.9168250000000029
20
-161.9236850000000061
11
79.8819170000000014
21
-161.94700899999998
0
LINE
8
BLACK
6
CONTINUOUS
10
79.8819170000000014
20
-161.94700899999998
11
79.8407399999999967
21
-161.9551999999999907
0
LINE
8
BLACK
6
CONTINUOUS
10
79.8407399999999967
20
-161.9551999999999907
11
79.5751399999999904
21
-161.9551999999999907
0
LINE
8
BLACK
6
CONTINUOUS
10
79.5751399999999904
20
-161.9551999999999907
11
79.533963
21
-161.94700899999998
0
LINE
8
BLACK
6
CONTINUOUS
10
79.533963
20
-161.94700899999998
11
79.4990549999999985
21
-161.9236850000000061
0
LINE
8
BLACK
6
CONTINUOUS
10
79.4990549999999985
20
-161.9236850000000061
11
79.4757309999999961
21
-161.8887770000000046
0
LINE
8
BLACK
6
CONTINUOUS
10
79.4757309999999961
20
-161.8887770000000046
11
79.4675399999999996
21
-161.8475999999999999
0
LINE
8
BLACK
6
CONTINUOUS
10
79.4675399999999996
20
-161.8475999999999999
11
79.4675399999999996
21
-161.6323999999999899
0
LINE
8
BLACK
6
CONTINUOUS
10
79.4675399999999996
20
-161.6323999999999899
11
79.4757309999999961
21
-161.5912229999999852
0
LINE
8
BLACK
6
CONTINUOUS
10
79.4757309999999961
20
-161.5912229999999852
11
79.4990549999999985
21
-161.5563149999999837
0
LINE
8
BLACK
6
CONTINUOUS
10
79.4990549999999985
20
-161.5563149999999837
11
79.533963
21
-161.5329909999999813
0
LINE
8
BLACK
6
CONTINUOUS
10
79.533963
20
-161.5329909999999813
11
79.5751399999999904
21
-161.524799999999999
0
LINE
8
BLACK
6
CONTINUOUS
10
79.5751399999999904
20
-161.524799999999999
11
79.8407399999999967
21
-161.524799999999999
0
LINE
8
BLACK
6
CONTINUOUS
10
79.8407399999999967
20
-161.524799999999999
11
79.8819170000000014
21
-161.5329909999999813
0
LINE
8
BLACK
6
CONTINUOUS
10
76.6908619999999956
20
-161.7466469999999958
11
76.618352999999999
21
-161.9458620000000053
0
LINE
8
BLACK
6
CONTINUOUS
10
76.618352999999999
20
-161.9458620000000053
11
76.4191379999999896
21
-161.8733529999999803
0
LINE
8
BLACK
6
CONTINUOUS
10
76.4191379999999896
20
-161.8733529999999803
11
76.4916470000000004
21
-161.6741379999999992
0
LINE
8
BLACK
6
CONTINUOUS
10
76.4916470000000004
20
-161.6741379999999992
11
76.6908619999999956
21
-161.7466469999999958
0
LINE
8
BLACK
6
CONTINUOUS
10
58.5272000000000006
20
-161.7664399999999887
11
58.0127999999999986
21
-161.7664399999999887
0
LINE
8
BLACK
6
CONTINUOUS
10
58.0127999999999986
20
-161.7664399999999887
11
58.0127999999999986
21
-161.6384400000000028
0
LINE
8
BLACK
6
CONTINUOUS
10
58.0127999999999986
20
-161.6384400000000028
11
58.5272000000000006
21
-161.6384400000000028
0
LINE
8
BLACK
6
CONTINUOUS
10
58.5272000000000006
20
-161.6384400000000028
11
58.5272000000000006
21
-161.7664399999999887
0
LINE
8
BLACK
6
CONTINUOUS
10
68.3472000000000008
20
-161.7664399999999887
11
67.8327999999999918
21
-161.7664399999999887
0
LINE
8
BLACK
6
CONTINUOUS
10
67.8327999999999918
20
-161.7664399999999887
11
67.8327999999999918
21
-161.6384400000000028
0
LINE
8
BLACK
6
CONTINUOUS
10
67.8327999999999918
20
-161.6384400000000028
11
68.3472000000000008
21
-161.6384400000000028
0
LINE
8
BLACK
6
CONTINUOUS
10
68.3472000000000008
20
-161.6384400000000028
11
68.3472000000000008
21
-161.7664399999999887
0
LINE
8
BLACK
6
CONTINUOUS
10
76.1270459999999929
20
-161.5414349999999786
11
76.0545369999999963
21
-161.740649999999988
0
LINE
8
BLACK
6
CONTINUOUS
10
76.0545369999999963
20
-161.740649999999988
11
75.855322000000001
21
-161.6681409999999914
0
LINE
8
BLACK
6
CONTINUOUS
10
75.855322000000001
20
-161.6681409999999914
11
75.9278309999999976
21
-161.468925999999982
0
LINE
8
BLACK
6
CONTINUOUS
10
75.9278309999999976
20
-161.468925999999982
11
76.1270459999999929
21
-161.5414349999999786
0
LINE
8
BLACK
6
CONTINUOUS
10
56.0069999999999979
20
-161.4924399999999878
11
54.7029999999999959
21
-161.4924399999999878
0
LINE
8
BLACK
6
CONTINUOUS
10
54.7029999999999959
20
-161.4924399999999878
11
54.7029999999999959
21
-160.6924400000000048
0
LINE
8
BLACK
6
CONTINUOUS
10
54.7029999999999959
20
-160.6924400000000048
11
56.0069999999999979
21
-160.6924400000000048
0
LINE
8
BLACK
6
CONTINUOUS
10
56.0069999999999979
20
-160.6924400000000048
11
56.0069999999999979
21
-161.4924399999999878
0
LINE
8
BLACK
6
CONTINUOUS
10
56.8639769999999984
20
-161.0254309999999975
11
56.8988849999999999
21
-161.0487549999999999
0
LINE
8
BLACK
6
CONTINUOUS
10
56.8988849999999999
20
-161.0487549999999999
11
56.9222089999999952
21
-161.0836630000000014
0
LINE
8
BLACK
6
CONTINUOUS
10
56.9222089999999952
20
-161.0836630000000014
11
56.9303999999999988
21
-161.1248400000000061
0
LINE
8
BLACK
6
CONTINUOUS
10
56.9303999999999988
20
-161.1248400000000061
11
56.9303999999999988
21
-161.3400399999999877
0
LINE
8
BLACK
6
CONTINUOUS
10
56.9303999999999988
20
-161.3400399999999877
11
56.9222089999999952
21
-161.3812169999999924
0
LINE
8
BLACK
6
CONTINUOUS
10
56.9222089999999952
20
-161.3812169999999924
11
56.8988849999999999
21
-161.4161249999999939
0
LINE
8
BLACK
6
CONTINUOUS
10
56.8988849999999999
20
-161.4161249999999939
11
56.8639769999999984
21
-161.4394489999999962
0
LINE
8
BLACK
6
CONTINUOUS
10
56.8639769999999984
20
-161.4394489999999962
11
56.8228000000000009
21
-161.4476399999999785
0
LINE
8
BLACK
6
CONTINUOUS
10
56.8228000000000009
20
-161.4476399999999785
11
56.5571999999999946
21
-161.4476399999999785
0
LINE
8
BLACK
6
CONTINUOUS
10
56.5571999999999946
20
-161.4476399999999785
11
56.516022999999997
21
-161.4394489999999962
0
LINE
8
BLACK
6
CONTINUOUS
10
56.516022999999997
20
-161.4394489999999962
11
56.4811149999999955
21
-161.4161249999999939
0
LINE
8
BLACK
6
CONTINUOUS
10
56.4811149999999955
20
-161.4161249999999939
11
56.4577910000000003
21
-161.3812169999999924
0
LINE
8
BLACK
6
CONTINUOUS
10
56.4577910000000003
20
-161.3812169999999924
11
56.4495999999999967
21
-161.3400399999999877
0
LINE
8
BLACK
6
CONTINUOUS
10
56.4495999999999967
20
-161.3400399999999877
11
56.4495999999999967
21
-161.1248400000000061
0
LINE
8
BLACK
6
CONTINUOUS
10
56.4495999999999967
20
-161.1248400000000061
11
56.4577910000000003
21
-161.0836630000000014
0
LINE
8
BLACK
6
CONTINUOUS
10
56.4577910000000003
20
-161.0836630000000014
11
56.4811149999999955
21
-161.0487549999999999
0
LINE
8
BLACK
6
CONTINUOUS
10
56.4811149999999955
20
-161.0487549999999999
11
56.516022999999997
21
-161.0254309999999975
0
LINE
8
BLACK
6
CONTINUOUS
10
56.516022999999997
20
-161.0254309999999975
11
56.5571999999999946
21
-161.0172399999999868
0
LINE
8
BLACK
6
CONTINUOUS
10
56.5571999999999946
20
-161.0172399999999868
11
56.8228000000000009
21
-161.0172399999999868
0
LINE
8
BLACK
6
CONTINUOUS
10
56.8228000000000009
20
-161.0172399999999868
11
56.8639769999999984
21
-161.0254309999999975
0
LINE
8
BLACK
6
CONTINUOUS
10
57.6639769999999956
20
-161.0254309999999975
11
57.6988849999999971
21
-161.0487549999999999
0
LINE
8
BLACK
6
CONTINUOUS
10
57.6988849999999971
20
-161.0487549999999999
11
57.7222089999999994
21
-161.0836630000000014
0
LINE
8
BLACK
6
CONTINUOUS
10
57.7222089999999994
20
-161.0836630000000014
11
57.7303999999999959
21
-161.1248400000000061
0
LINE
8
BLACK
6
CONTINUOUS
10
57.7303999999999959
20
-161.1248400000000061
11
57.7303999999999959
21
-161.3400399999999877
0
LINE
8
BLACK
6
CONTINUOUS
10
57.7303999999999959
20
-161.3400399999999877
11
57.7222089999999994
21
-161.3812169999999924
0
LINE
8
BLACK
6
CONTINUOUS
10
57.7222089999999994
20
-161.3812169999999924
11
57.6988849999999971
21
-161.4161249999999939
0
LINE
8
BLACK
6
CONTINUOUS
10
57.6988849999999971
20
-161.4161249999999939
11
57.6639769999999956
21
-161.4394489999999962
0
LINE
8
BLACK
6
CONTINUOUS
10
57.6639769999999956
20
-161.4394489999999962
11
57.622799999999998
21
-161.4476399999999785
0
LINE
8
BLACK
6
CONTINUOUS
10
57.622799999999998
20
-161.4476399999999785
11
57.3571999999999989
21
-161.4476399999999785
0
LINE
8
BLACK
6
CONTINUOUS
10
57.3571999999999989
20
-161.4476399999999785
11
57.3160229999999942
21
-161.4394489999999962
0
LINE
8
BLACK
6
CONTINUOUS
10
57.3160229999999942
20
-161.4394489999999962
11
57.2811149999999998
21
-161.4161249999999939
0
LINE
8
BLACK
6
CONTINUOUS
10
57.2811149999999998
20
-161.4161249999999939
11
57.2577909999999974
21
-161.3812169999999924
0
LINE
8
BLACK
6
CONTINUOUS
10
57.2577909999999974
20
-161.3812169999999924
11
57.2496000000000009
21
-161.3400399999999877
0
LINE
8
BLACK
6
CONTINUOUS
10
57.2496000000000009
20
-161.3400399999999877
11
57.2496000000000009
21
-161.1248400000000061
0
LINE
8
BLACK
6
CONTINUOUS
10
57.2496000000000009
20
-161.1248400000000061
11
57.2577909999999974
21
-161.0836630000000014
0
LINE
8
BLACK
6
CONTINUOUS
10
57.2577909999999974
20
-161.0836630000000014
11
57.2811149999999998
21
-161.0487549999999999
0
LINE
8
BLACK
6
CONTINUOUS
10
57.2811149999999998
20
-161.0487549999999999
11
57.3160229999999942
21
-161.0254309999999975
0
LINE
8
BLACK
6
CONTINUOUS
10
57.3160229999999942
20
-161.0254309999999975
11
57.3571999999999989
21
-161.0172399999999868
0
LINE
8
BLACK
6
CONTINUOUS
10
57.3571999999999989
20
-161.0172399999999868
11
57.622799999999998
21
-161.0172399999999868
0
LINE
8
BLACK
6
CONTINUOUS
10
57.622799999999998
20
-161.0172399999999868
11
57.6639769999999956
21
-161.0254309999999975
0
LINE
8
BLACK
6
CONTINUOUS
10
76.7078070000000025
20
-161.0685509999999852
11
76.5922039999999953
21
-161.3861670000000004
0
LINE
8
BLACK
6
CONTINUOUS
10
76.5922039999999953
20
-161.3861670000000004
11
76.2351209999999924
21
-161.256198999999981
0
LINE
8
BLACK
6
CONTINUOUS
10
76.2351209999999924
20
-161.256198999999981
11
76.3507239999999996
21
-160.9385829999999942
0
LINE
8
BLACK
6
CONTINUOUS
10
76.3507239999999996
20
-160.9385829999999942
11
76.7078070000000025
21
-161.0685509999999852
0
LINE
8
BLACK
6
CONTINUOUS
10
58.5272000000000006
20
-161.366439999999983
11
58.0127999999999986
21
-161.366439999999983
0
LINE
8
BLACK
6
CONTINUOUS
10
58.0127999999999986
20
-161.366439999999983
11
58.0127999999999986
21
-161.2384399999999971
0
LINE
8
BLACK
6
CONTINUOUS
10
58.0127999999999986
20
-161.2384399999999971
11
58.5272000000000006
21
-161.2384399999999971
0
LINE
8
BLACK
6
CONTINUOUS
10
58.5272000000000006
20
-161.2384399999999971
11
58.5272000000000006
21
-161.366439999999983
0
LINE
8
BLACK
6
CONTINUOUS
10
68.3472000000000008
20
-161.366439999999983
11
67.8327999999999918
21
-161.366439999999983
0
LINE
8
BLACK
6
CONTINUOUS
10
67.8327999999999918
20
-161.366439999999983
11
67.8327999999999918
21
-161.2384399999999971
0
LINE
8
BLACK
6
CONTINUOUS
10
67.8327999999999918
20
-161.2384399999999971
11
68.3472000000000008
21
-161.2384399999999971
0
LINE
8
BLACK
6
CONTINUOUS
10
68.3472000000000008
20
-161.2384399999999971
11
68.3472000000000008
21
-161.366439999999983
0
LINE
8
BLACK
6
CONTINUOUS
10
78.3569169999999957
20
-160.5729910000000018
11
78.3918249999999972
21
-160.5963150000000041
0
LINE
8
BLACK
6
CONTINUOUS
10
78.3918249999999972
20
-160.5963150000000041
11
78.4151489999999995
21
-160.6312230000000056
0
LINE
8
BLACK
6
CONTINUOUS
10
78.4151489999999995
20
-160.6312230000000056
11
78.4233399999999961
21
-160.6723999999999819
0
LINE
8
BLACK
6
CONTINUOUS
10
78.4233399999999961
20
-160.6723999999999819
11
78.4233399999999961
21
-160.887599999999992
0
LINE
8
BLACK
6
CONTINUOUS
10
78.4233399999999961
20
-160.887599999999992
11
78.4151489999999995
21
-160.9287769999999966
0
LINE
8
BLACK
6
CONTINUOUS
10
78.4151489999999995
20
-160.9287769999999966
11
78.3918249999999972
21
-160.9636849999999981
0
LINE
8
BLACK
6
CONTINUOUS
10
78.3918249999999972
20
-160.9636849999999981
11
78.3569169999999957
21
-160.9870090000000005
0
LINE
8
BLACK
6
CONTINUOUS
10
78.3569169999999957
20
-160.9870090000000005
11
78.315739999999991
21
-160.9951999999999828
0
LINE
8
BLACK
6
CONTINUOUS
10
78.315739999999991
20
-160.9951999999999828
11
78.050139999999999
21
-160.9951999999999828
0
LINE
8
BLACK
6
CONTINUOUS
10
78.050139999999999
20
-160.9951999999999828
11
78.0089629999999943
21
-160.9870090000000005
0
LINE
8
BLACK
6
CONTINUOUS
10
78.0089629999999943
20
-160.9870090000000005
11
77.9740549999999928
21
-160.9636849999999981
0
LINE
8
BLACK
6
CONTINUOUS
10
77.9740549999999928
20
-160.9636849999999981
11
77.9507309999999904
21
-160.9287769999999966
0
LINE
8
BLACK
6
CONTINUOUS
10
77.9507309999999904
20
-160.9287769999999966
11
77.9425399999999939
21
-160.887599999999992
0
LINE
8
BLACK
6
CONTINUOUS
10
77.9425399999999939
20
-160.887599999999992
11
77.9425399999999939
21
-160.6723999999999819
0
LINE
8
BLACK
6
CONTINUOUS
10
77.9425399999999939
20
-160.6723999999999819
11
77.9507309999999904
21
-160.6312230000000056
0
LINE
8
BLACK
6
CONTINUOUS
10
77.9507309999999904
20
-160.6312230000000056
11
77.9740549999999928
21
-160.5963150000000041
0
LINE
8
BLACK
6
CONTINUOUS
10
77.9740549999999928
20
-160.5963150000000041
11
78.0089629999999943
21
-160.5729910000000018
0
LINE
8
BLACK
6
CONTINUOUS
10
78.0089629999999943
20
-160.5729910000000018
11
78.050139999999999
21
-160.5647999999999911
0
LINE
8
BLACK
6
CONTINUOUS
10
78.050139999999999
20
-160.5647999999999911
11
78.315739999999991
21
-160.5647999999999911
0
LINE
8
BLACK
6
CONTINUOUS
10
78.315739999999991
20
-160.5647999999999911
11
78.3569169999999957
21
-160.5729910000000018
0
LINE
8
BLACK
6
CONTINUOUS
10
79.1319170000000014
20
-160.5729910000000018
11
79.1668250000000029
21
-160.5963150000000041
0
LINE
8
BLACK
6
CONTINUOUS
10
79.1668250000000029
20
-160.5963150000000041
11
79.190148999999991
21
-160.6312230000000056
0
LINE
8
BLACK
6
CONTINUOUS
10
79.190148999999991
20
-160.6312230000000056
11
79.1983400000000017
21
-160.6723999999999819
0
LINE
8
BLACK
6
CONTINUOUS
10
79.1983400000000017
20
-160.6723999999999819
11
79.1983400000000017
21
-160.887599999999992
0
LINE
8
BLACK
6
CONTINUOUS
10
79.1983400000000017
20
-160.887599999999992
11
79.190148999999991
21
-160.9287769999999966
0
LINE
8
BLACK
6
CONTINUOUS
10
79.190148999999991
20
-160.9287769999999966
11
79.1668250000000029
21
-160.9636849999999981
0
LINE
8
BLACK
6
CONTINUOUS
10
79.1668250000000029
20
-160.9636849999999981
11
79.1319170000000014
21
-160.9870090000000005
0
LINE
8
BLACK
6
CONTINUOUS
10
79.1319170000000014
20
-160.9870090000000005
11
79.0907399999999967
21
-160.9951999999999828
0
LINE
8
BLACK
6
CONTINUOUS
10
79.0907399999999967
20
-160.9951999999999828
11
78.8251399999999904
21
-160.9951999999999828
0
LINE
8
BLACK
6
CONTINUOUS
10
78.8251399999999904
20
-160.9951999999999828
11
78.783963
21
-160.9870090000000005
0
LINE
8
BLACK
6
CONTINUOUS
10
78.783963
20
-160.9870090000000005
11
78.7490549999999985
21
-160.9636849999999981
0
LINE
8
BLACK
6
CONTINUOUS
10
78.7490549999999985
20
-160.9636849999999981
11
78.7257309999999961
21
-160.9287769999999966
0
LINE
8
BLACK
6
CONTINUOUS
10
78.7257309999999961
20
-160.9287769999999966
11
78.7175399999999996
21
-160.887599999999992
0
LINE
8
BLACK
6
CONTINUOUS
10
78.7175399999999996
20
-160.887599999999992
11
78.7175399999999996
21
-160.6723999999999819
0
LINE
8
BLACK
6
CONTINUOUS
10
78.7175399999999996
20
-160.6723999999999819
11
78.7257309999999961
21
-160.6312230000000056
0
LINE
8
BLACK
6
CONTINUOUS
10
78.7257309999999961
20
-160.6312230000000056
11
78.7490549999999985
21
-160.5963150000000041
0
LINE
8
BLACK
6
CONTINUOUS
10
78.7490549999999985
20
-160.5963150000000041
11
78.783963
21
-160.5729910000000018
0
LINE
8
BLACK
6
CONTINUOUS
10
78.783963
20
-160.5729910000000018
11
78.8251399999999904
21
-160.5647999999999911
0
LINE
8
BLACK
6
CONTINUOUS
10
78.8251399999999904
20
-160.5647999999999911
11
79.0907399999999967
21
-160.5647999999999911
0
LINE
8
BLACK
6
CONTINUOUS
10
79.0907399999999967
20
-160.5647999999999911
11
79.1319170000000014
21
-160.5729910000000018
0
LINE
8
BLACK
6
CONTINUOUS
10
79.8819170000000014
20
-160.5729910000000018
11
79.9168250000000029
21
-160.5963150000000041
0
LINE
8
BLACK
6
CONTINUOUS
10
79.9168250000000029
20
-160.5963150000000041
11
79.940148999999991
21
-160.6312230000000056
0
LINE
8
BLACK
6
CONTINUOUS
10
79.940148999999991
20
-160.6312230000000056
11
79.9483400000000017
21
-160.6723999999999819
0
LINE
8
BLACK
6
CONTINUOUS
10
79.9483400000000017
20
-160.6723999999999819
11
79.9483400000000017
21
-160.887599999999992
0
LINE
8
BLACK
6
CONTINUOUS
10
79.9483400000000017
20
-160.887599999999992
11
79.940148999999991
21
-160.9287769999999966
0
LINE
8
BLACK
6
CONTINUOUS
10
79.940148999999991
20
-160.9287769999999966
11
79.9168250000000029
21
-160.9636849999999981
0
LINE
8
BLACK
6
CONTINUOUS
10
79.9168250000000029
20
-160.9636849999999981
11
79.8819170000000014
21
-160.9870090000000005
0
LINE
8
BLACK
6
CONTINUOUS
10
79.8819170000000014
20
-160.9870090000000005
11
79.8407399999999967
21
-160.9951999999999828
0
LINE
8
BLACK
6
CONTINUOUS
10
79.8407399999999967
20
-160.9951999999999828
11
79.5751399999999904
21
-160.9951999999999828
0
LINE
8
BLACK
6
CONTINUOUS
10
79.5751399999999904
20
-160.9951999999999828
11
79.533963
21
-160.9870090000000005
0
LINE
8
BLACK
6
CONTINUOUS
10
79.533963
20
-160.9870090000000005
11
79.4990549999999985
21
-160.9636849999999981
0
LINE
8
BLACK
6
CONTINUOUS
10
79.4990549999999985
20
-160.9636849999999981
11
79.4757309999999961
21
-160.9287769999999966
0
LINE
8
BLACK
6
CONTINUOUS
10
79.4757309999999961
20
-160.9287769999999966
11
79.4675399999999996
21
-160.887599999999992
0
LINE
8
BLACK
6
CONTINUOUS
10
79.4675399999999996
20
-160.887599999999992
11
79.4675399999999996
21
-160.6723999999999819
0
LINE
8
BLACK
6
CONTINUOUS
10
79.4675399999999996
20
-160.6723999999999819
11
79.4757309999999961
21
-160.6312230000000056
0
LINE
8
BLACK
6
CONTINUOUS
10
79.4757309999999961
20
-160.6312230000000056
11
79.4990549999999985
21
-160.5963150000000041
0
LINE
8
BLACK
6
CONTINUOUS
10
79.4990549999999985
20
-160.5963150000000041
11
79.533963
21
-160.5729910000000018
0
LINE
8
BLACK
6
CONTINUOUS
10
79.533963
20
-160.5729910000000018
11
79.5751399999999904
21
-160.5647999999999911
0
LINE
8
BLACK
6
CONTINUOUS
10
79.5751399999999904
20
-160.5647999999999911
11
79.8407399999999967
21
-160.5647999999999911
0
LINE
8
BLACK
6
CONTINUOUS
10
79.8407399999999967
20
-160.5647999999999911
11
79.8819170000000014
21
-160.5729910000000018
0
LINE
8
BLACK
6
CONTINUOUS
10
58.5272000000000006
20
-160.9664400000000057
11
58.0127999999999986
21
-160.9664400000000057
0
LINE
8
BLACK
6
CONTINUOUS
10
58.0127999999999986
20
-160.9664400000000057
11
58.0127999999999986
21
-160.8384399999999914
0
LINE
8
BLACK
6
CONTINUOUS
10
58.0127999999999986
20
-160.8384399999999914
11
58.5272000000000006
21
-160.8384399999999914
0
LINE
8
BLACK
6
CONTINUOUS
10
58.5272000000000006
20
-160.8384399999999914
11
58.5272000000000006
21
-160.9664400000000057
0
LINE
8
BLACK
6
CONTINUOUS
10
68.3472000000000008
20
-160.9664400000000057
11
67.8327999999999918
21
-160.9664400000000057
0
LINE
8
BLACK
6
CONTINUOUS
10
67.8327999999999918
20
-160.9664400000000057
11
67.8327999999999918
21
-160.8384399999999914
0
LINE
8
BLACK
6
CONTINUOUS
10
67.8327999999999918
20
-160.8384399999999914
11
68.3472000000000008
21
-160.8384399999999914
0
LINE
8
BLACK
6
CONTINUOUS
10
68.3472000000000008
20
-160.8384399999999914
11
68.3472000000000008
21
-160.9664400000000057
0
LINE
8
BLACK
6
CONTINUOUS
10
77.5210000000000008
20
-160.6624999999999943
11
76.8889999999999958
21
-160.6624999999999943
0
LINE
8
BLACK
6
CONTINUOUS
10
76.8889999999999958
20
-160.6624999999999943
11
76.8889999999999958
21
-159.0224999999999795
0
LINE
8
BLACK
6
CONTINUOUS
10
76.8889999999999958
20
-159.0224999999999795
11
77.5210000000000008
21
-159.0224999999999795
0
LINE
8
BLACK
6
CONTINUOUS
10
77.5210000000000008
20
-159.0224999999999795
11
77.5210000000000008
21
-160.6624999999999943
0
LINE
8
BLACK
6
CONTINUOUS
10
57.6749689999999973
20
-160.1935110000000009
11
57.7085149999999985
21
-160.2159249999999986
0
LINE
8
BLACK
6
CONTINUOUS
10
57.7085149999999985
20
-160.2159249999999986
11
57.7309289999999962
21
-160.2494709999999998
0
LINE
8
BLACK
6
CONTINUOUS
10
57.7309289999999962
20
-160.2494709999999998
11
57.7387999999999977
21
-160.28904
0
LINE
8
BLACK
6
CONTINUOUS
10
57.7387999999999977
20
-160.28904
11
57.7387999999999977
21
-160.495839999999987
0
LINE
8
BLACK
6
CONTINUOUS
10
57.7387999999999977
20
-160.495839999999987
11
57.7309289999999962
21
-160.5354089999999871
0
LINE
8
BLACK
6
CONTINUOUS
10
57.7309289999999962
20
-160.5354089999999871
11
57.7085149999999985
21
-160.5689549999999883
0
LINE
8
BLACK
6
CONTINUOUS
10
57.7085149999999985
20
-160.5689549999999883
11
57.6749689999999973
21
-160.591368999999986
0
LINE
8
BLACK
6
CONTINUOUS
10
57.6749689999999973
20
-160.591368999999986
11
57.6353999999999971
21
-160.5992399999999805
0
LINE
8
BLACK
6
CONTINUOUS
10
57.6353999999999971
20
-160.5992399999999805
11
57.3445999999999998
21
-160.5992399999999805
0
LINE
8
BLACK
6
CONTINUOUS
10
57.3445999999999998
20
-160.5992399999999805
11
57.3050309999999996
21
-160.591368999999986
0
LINE
8
BLACK
6
CONTINUOUS
10
57.3050309999999996
20
-160.591368999999986
11
57.2714849999999984
21
-160.5689549999999883
0
LINE
8
BLACK
6
CONTINUOUS
10
57.2714849999999984
20
-160.5689549999999883
11
57.2490710000000007
21
-160.5354089999999871
0
LINE
8
BLACK
6
CONTINUOUS
10
57.2490710000000007
20
-160.5354089999999871
11
57.2411999999999992
21
-160.495839999999987
0
LINE
8
BLACK
6
CONTINUOUS
10
57.2411999999999992
20
-160.495839999999987
11
57.2411999999999992
21
-160.28904
0
LINE
8
BLACK
6
CONTINUOUS
10
57.2411999999999992
20
-160.28904
11
57.2490710000000007
21
-160.2494709999999998
0
LINE
8
BLACK
6
CONTINUOUS
10
57.2490710000000007
20
-160.2494709999999998
11
57.2714849999999984
21
-160.2159249999999986
0
LINE
8
BLACK
6
CONTINUOUS
10
57.2714849999999984
20
-160.2159249999999986
11
57.3050309999999996
21
-160.1935110000000009
0
LINE
8
BLACK
6
CONTINUOUS
10
57.3050309999999996
20
-160.1935110000000009
11
57.3445999999999998
21
-160.1856400000000065
0
LINE
8
BLACK
6
CONTINUOUS
10
57.3445999999999998
20
-160.1856400000000065
11
57.6353999999999971
21
-160.1856400000000065
0
LINE
8
BLACK
6
CONTINUOUS
10
57.6353999999999971
20
-160.1856400000000065
11
57.6749689999999973
21
-160.1935110000000009
0
LINE
8
BLACK
6
CONTINUOUS
10
56.8639769999999984
20
-160.155430999999993
11
56.8988849999999999
21
-160.1787549999999953
0
LINE
8
BLACK
6
CONTINUOUS
10
56.8988849999999999
20
-160.1787549999999953
11
56.9222089999999952
21
-160.2136629999999968
0
LINE
8
BLACK
6
CONTINUOUS
10
56.9222089999999952
20
-160.2136629999999968
11
56.9303999999999988
21
-160.2548400000000015
0
LINE
8
BLACK
6
CONTINUOUS
10
56.9303999999999988
20
-160.2548400000000015
11
56.9303999999999988
21
-160.4700399999999831
0
LINE
8
BLACK
6
CONTINUOUS
10
56.9303999999999988
20
-160.4700399999999831
11
56.9222089999999952
21
-160.5112169999999878
0
LINE
8
BLACK
6
CONTINUOUS
10
56.9222089999999952
20
-160.5112169999999878
11
56.8988849999999999
21
-160.5461249999999893
0
LINE
8
BLACK
6
CONTINUOUS
10
56.8988849999999999
20
-160.5461249999999893
11
56.8639769999999984
21
-160.5694489999999917
0
LINE
8
BLACK
6
CONTINUOUS
10
56.8639769999999984
20
-160.5694489999999917
11
56.8228000000000009
21
-160.5776400000000024
0
LINE
8
BLACK
6
CONTINUOUS
10
56.8228000000000009
20
-160.5776400000000024
11
56.5571999999999946
21
-160.5776400000000024
0
LINE
8
BLACK
6
CONTINUOUS
10
56.5571999999999946
20
-160.5776400000000024
11
56.516022999999997
21
-160.5694489999999917
0
LINE
8
BLACK
6
CONTINUOUS
10
56.516022999999997
20
-160.5694489999999917
11
56.4811149999999955
21
-160.5461249999999893
0
LINE
8
BLACK
6
CONTINUOUS
10
56.4811149999999955
20
-160.5461249999999893
11
56.4577910000000003
21
-160.5112169999999878
0
LINE
8
BLACK
6
CONTINUOUS
10
56.4577910000000003
20
-160.5112169999999878
11
56.4495999999999967
21
-160.4700399999999831
0
LINE
8
BLACK
6
CONTINUOUS
10
56.4495999999999967
20
-160.4700399999999831
11
56.4495999999999967
21
-160.2548400000000015
0
LINE
8
BLACK
6
CONTINUOUS
10
56.4495999999999967
20
-160.2548400000000015
11
56.4577910000000003
21
-160.2136629999999968
0
LINE
8
BLACK
6
CONTINUOUS
10
56.4577910000000003
20
-160.2136629999999968
11
56.4811149999999955
21
-160.1787549999999953
0
LINE
8
BLACK
6
CONTINUOUS
10
56.4811149999999955
20
-160.1787549999999953
11
56.516022999999997
21
-160.155430999999993
0
LINE
8
BLACK
6
CONTINUOUS
10
56.516022999999997
20
-160.155430999999993
11
56.5571999999999946
21
-160.1472399999999823
0
LINE
8
BLACK
6
CONTINUOUS
10
56.5571999999999946
20
-160.1472399999999823
11
56.8228000000000009
21
-160.1472399999999823
0
LINE
8
BLACK
6
CONTINUOUS
10
56.8228000000000009
20
-160.1472399999999823
11
56.8639769999999984
21
-160.155430999999993
0
LINE
8
BLACK
6
CONTINUOUS
10
55.3267409999999984
20
-159.7206659999999943
11
55.383109999999995
21
-159.7583300000000008
0
LINE
8
BLACK
6
CONTINUOUS
10
55.383109999999995
20
-159.7583300000000008
11
55.4207739999999944
21
-159.8146989999999903
0
LINE
8
BLACK
6
CONTINUOUS
10
55.4207739999999944
20
-159.8146989999999903
11
55.4339999999999975
21
-159.8811900000000037
0
LINE
8
BLACK
6
CONTINUOUS
10
55.4339999999999975
20
-159.8811900000000037
11
55.4339999999999975
21
-160.2286900000000003
0
LINE
8
BLACK
6
CONTINUOUS
10
55.4339999999999975
20
-160.2286900000000003
11
55.4207739999999944
21
-160.2951809999999853
0
LINE
8
BLACK
6
CONTINUOUS
10
55.4207739999999944
20
-160.2951809999999853
11
55.383109999999995
21
-160.3515500000000031
0
LINE
8
BLACK
6
CONTINUOUS
10
55.383109999999995
20
-160.3515500000000031
11
55.3267409999999984
21
-160.3892139999999813
0
LINE
8
BLACK
6
CONTINUOUS
10
55.3267409999999984
20
-160.3892139999999813
11
55.2602499999999992
21
-160.4024399999999844
0
LINE
8
BLACK
6
CONTINUOUS
10
55.2602499999999992
20
-160.4024399999999844
11
54.8497500000000002
21
-160.4024399999999844
0
LINE
8
BLACK
6
CONTINUOUS
10
54.8497500000000002
20
-160.4024399999999844
11
54.783259000000001
21
-160.3892139999999813
0
LINE
8
BLACK
6
CONTINUOUS
10
54.783259000000001
20
-160.3892139999999813
11
54.7268899999999974
21
-160.3515500000000031
0
LINE
8
BLACK
6
CONTINUOUS
10
54.7268899999999974
20
-160.3515500000000031
11
54.6892259999999979
21
-160.2951809999999853
0
LINE
8
BLACK
6
CONTINUOUS
10
54.6892259999999979
20
-160.2951809999999853
11
54.6759999999999948
21
-160.2286900000000003
0
LINE
8
BLACK
6
CONTINUOUS
10
54.6759999999999948
20
-160.2286900000000003
11
54.6759999999999948
21
-159.8811900000000037
0
LINE
8
BLACK
6
CONTINUOUS
10
54.6759999999999948
20
-159.8811900000000037
11
54.6892259999999979
21
-159.8146989999999903
0
LINE
8
BLACK
6
CONTINUOUS
10
54.6892259999999979
20
-159.8146989999999903
11
54.7268899999999974
21
-159.7583300000000008
0
LINE
8
BLACK
6
CONTINUOUS
10
54.7268899999999974
20
-159.7583300000000008
11
54.783259000000001
21
-159.7206659999999943
0
LINE
8
BLACK
6
CONTINUOUS
10
54.783259000000001
20
-159.7206659999999943
11
54.8497500000000002
21
-159.7074399999999912
0
LINE
8
BLACK
6
CONTINUOUS
10
54.8497500000000002
20
-159.7074399999999912
11
55.2602499999999992
21
-159.7074399999999912
0
LINE
8
BLACK
6
CONTINUOUS
10
55.2602499999999992
20
-159.7074399999999912
11
55.3267409999999984
21
-159.7206659999999943
0
LINE
8
BLACK
6
CONTINUOUS
10
68.8687769999999944
20
-159.7177910000000054
11
68.9036849999999959
21
-159.7411149999999793
0
LINE
8
BLACK
6
CONTINUOUS
10
68.9036849999999959
20
-159.7411149999999793
11
68.9270089999999982
21
-159.7760229999999808
0
LINE
8
BLACK
6
CONTINUOUS
10
68.9270089999999982
20
-159.7760229999999808
11
68.9351999999999947
21
-159.8171999999999855
0
LINE
8
BLACK
6
CONTINUOUS
10
68.9351999999999947
20
-159.8171999999999855
11
68.9351999999999947
21
-160.0827999999999918
0
LINE
8
BLACK
6
CONTINUOUS
10
68.9351999999999947
20
-160.0827999999999918
11
68.9270089999999982
21
-160.1239769999999965
0
LINE
8
BLACK
6
CONTINUOUS
10
68.9270089999999982
20
-160.1239769999999965
11
68.9036849999999959
21
-160.1588849999999979
0
LINE
8
BLACK
6
CONTINUOUS
10
68.9036849999999959
20
-160.1588849999999979
11
68.8687769999999944
21
-160.1822090000000003
0
LINE
8
BLACK
6
CONTINUOUS
10
68.8687769999999944
20
-160.1822090000000003
11
68.8276000000000039
21
-160.1903999999999826
0
LINE
8
BLACK
6
CONTINUOUS
10
68.8276000000000039
20
-160.1903999999999826
11
68.6123999999999938
21
-160.1903999999999826
0
LINE
8
BLACK
6
CONTINUOUS
10
68.6123999999999938
20
-160.1903999999999826
11
68.5712230000000034
21
-160.1822090000000003
0
LINE
8
BLACK
6
CONTINUOUS
10
68.5712230000000034
20
-160.1822090000000003
11
68.5363150000000019
21
-160.1588849999999979
0
LINE
8
BLACK
6
CONTINUOUS
10
68.5363150000000019
20
-160.1588849999999979
11
68.5129909999999995
21
-160.1239769999999965
0
LINE
8
BLACK
6
CONTINUOUS
10
68.5129909999999995
20
-160.1239769999999965
11
68.504800000000003
21
-160.0827999999999918
0
LINE
8
BLACK
6
CONTINUOUS
10
68.504800000000003
20
-160.0827999999999918
11
68.504800000000003
21
-159.8171999999999855
0
LINE
8
BLACK
6
CONTINUOUS
10
68.504800000000003
20
-159.8171999999999855
11
68.5129909999999995
21
-159.7760229999999808
0
LINE
8
BLACK
6
CONTINUOUS
10
68.5129909999999995
20
-159.7760229999999808
11
68.5363150000000019
21
-159.7411149999999793
0
LINE
8
BLACK
6
CONTINUOUS
10
68.5363150000000019
20
-159.7411149999999793
11
68.5712230000000034
21
-159.7177910000000054
0
LINE
8
BLACK
6
CONTINUOUS
10
68.5712230000000034
20
-159.7177910000000054
11
68.6123999999999938
21
-159.7095999999999947
0
LINE
8
BLACK
6
CONTINUOUS
10
68.6123999999999938
20
-159.7095999999999947
11
68.8276000000000039
21
-159.7095999999999947
0
LINE
8
BLACK
6
CONTINUOUS
10
68.8276000000000039
20
-159.7095999999999947
11
68.8687769999999944
21
-159.7177910000000054
0
LINE
8
BLACK
6
CONTINUOUS
10
69.8287770000000023
20
-159.7177910000000054
11
69.8636850000000038
21
-159.7411149999999793
0
LINE
8
BLACK
6
CONTINUOUS
10
69.8636850000000038
20
-159.7411149999999793
11
69.8870089999999919
21
-159.7760229999999808
0
LINE
8
BLACK
6
CONTINUOUS
10
69.8870089999999919
20
-159.7760229999999808
11
69.8952000000000027
21
-159.8171999999999855
0
LINE
8
BLACK
6
CONTINUOUS
10
69.8952000000000027
20
-159.8171999999999855
11
69.8952000000000027
21
-160.0827999999999918
0
LINE
8
BLACK
6
CONTINUOUS
10
69.8952000000000027
20
-160.0827999999999918
11
69.8870089999999919
21
-160.1239769999999965
0
LINE
8
BLACK
6
CONTINUOUS
10
69.8870089999999919
20
-160.1239769999999965
11
69.8636850000000038
21
-160.1588849999999979
0
LINE
8
BLACK
6
CONTINUOUS
10
69.8636850000000038
20
-160.1588849999999979
11
69.8287770000000023
21
-160.1822090000000003
0
LINE
8
BLACK
6
CONTINUOUS
10
69.8287770000000023
20
-160.1822090000000003
11
69.7875999999999976
21
-160.1903999999999826
0
LINE
8
BLACK
6
CONTINUOUS
10
69.7875999999999976
20
-160.1903999999999826
11
69.5724000000000018
21
-160.1903999999999826
0
LINE
8
BLACK
6
CONTINUOUS
10
69.5724000000000018
20
-160.1903999999999826
11
69.5312229999999971
21
-160.1822090000000003
0
LINE
8
BLACK
6
CONTINUOUS
10
69.5312229999999971
20
-160.1822090000000003
11
69.4963149999999956
21
-160.1588849999999979
0
LINE
8
BLACK
6
CONTINUOUS
10
69.4963149999999956
20
-160.1588849999999979
11
69.4729909999999933
21
-160.1239769999999965
0
LINE
8
BLACK
6
CONTINUOUS
10
69.4729909999999933
20
-160.1239769999999965
11
69.4647999999999968
21
-160.0827999999999918
0
LINE
8
BLACK
6
CONTINUOUS
10
69.4647999999999968
20
-160.0827999999999918
11
69.4647999999999968
21
-159.8171999999999855
0
LINE
8
BLACK
6
CONTINUOUS
10
69.4647999999999968
20
-159.8171999999999855
11
69.4729909999999933
21
-159.7760229999999808
0
LINE
8
BLACK
6
CONTINUOUS
10
69.4729909999999933
20
-159.7760229999999808
11
69.4963149999999956
21
-159.7411149999999793
0
LINE
8
BLACK
6
CONTINUOUS
10
69.4963149999999956
20
-159.7411149999999793
11
69.5312229999999971
21
-159.7177910000000054
0
LINE
8
BLACK
6
CONTINUOUS
10
69.5312229999999971
20
-159.7177910000000054
11
69.5724000000000018
21
-159.7095999999999947
0
LINE
8
BLACK
6
CONTINUOUS
10
69.5724000000000018
20
-159.7095999999999947
11
69.7875999999999976
21
-159.7095999999999947
0
LINE
8
BLACK
6
CONTINUOUS
10
69.7875999999999976
20
-159.7095999999999947
11
69.8287770000000023
21
-159.7177910000000054
0
LINE
8
BLACK
6
CONTINUOUS
10
59.4439999999999955
20
-160.0496399999999824
11
59.3159999999999954
21
-160.0496399999999824
0
LINE
8
BLACK
6
CONTINUOUS
10
59.3159999999999954
20
-160.0496399999999824
11
59.3159999999999954
21
-159.5352399999999875
0
LINE
8
BLACK
6
CONTINUOUS
10
59.3159999999999954
20
-159.5352399999999875
11
59.4439999999999955
21
-159.5352399999999875
0
LINE
8
BLACK
6
CONTINUOUS
10
59.4439999999999955
20
-159.5352399999999875
11
59.4439999999999955
21
-160.0496399999999824
0
LINE
8
BLACK
6
CONTINUOUS
10
59.8439999999999941
20
-160.0496399999999824
11
59.715999999999994
21
-160.0496399999999824
0
LINE
8
BLACK
6
CONTINUOUS
10
59.715999999999994
20
-160.0496399999999824
11
59.715999999999994
21
-159.5352399999999875
0
LINE
8
BLACK
6
CONTINUOUS
10
59.715999999999994
20
-159.5352399999999875
11
59.8439999999999941
21
-159.5352399999999875
0
LINE
8
BLACK
6
CONTINUOUS
10
59.8439999999999941
20
-159.5352399999999875
11
59.8439999999999941
21
-160.0496399999999824
0
LINE
8
BLACK
6
CONTINUOUS
10
60.2439999999999998
20
-160.0496399999999824
11
60.1159999999999997
21
-160.0496399999999824
0
LINE
8
BLACK
6
CONTINUOUS
10
60.1159999999999997
20
-160.0496399999999824
11
60.1159999999999997
21
-159.5352399999999875
0
LINE
8
BLACK
6
CONTINUOUS
10
60.1159999999999997
20
-159.5352399999999875
11
60.2439999999999998
21
-159.5352399999999875
0
LINE
8
BLACK
6
CONTINUOUS
10
60.2439999999999998
20
-159.5352399999999875
11
60.2439999999999998
21
-160.0496399999999824
0
LINE
8
BLACK
6
CONTINUOUS
10
60.6439999999999984
20
-160.0496399999999824
11
60.5159999999999982
21
-160.0496399999999824
0
LINE
8
BLACK
6
CONTINUOUS
10
60.5159999999999982
20
-160.0496399999999824
11
60.5159999999999982
21
-159.5352399999999875
0
LINE
8
BLACK
6
CONTINUOUS
10
60.5159999999999982
20
-159.5352399999999875
11
60.6439999999999984
21
-159.5352399999999875
0
LINE
8
BLACK
6
CONTINUOUS
10
60.6439999999999984
20
-159.5352399999999875
11
60.6439999999999984
21
-160.0496399999999824
0
LINE
8
BLACK
6
CONTINUOUS
10
61.0439999999999969
20
-160.0496399999999824
11
60.9159999999999968
21
-160.0496399999999824
0
LINE
8
BLACK
6
CONTINUOUS
10
60.9159999999999968
20
-160.0496399999999824
11
60.9159999999999968
21
-159.5352399999999875
0
LINE
8
BLACK
6
CONTINUOUS
10
60.9159999999999968
20
-159.5352399999999875
11
61.0439999999999969
21
-159.5352399999999875
0
LINE
8
BLACK
6
CONTINUOUS
10
61.0439999999999969
20
-159.5352399999999875
11
61.0439999999999969
21
-160.0496399999999824
0
LINE
8
BLACK
6
CONTINUOUS
10
61.4439999999999955
20
-160.0496399999999824
11
61.3159999999999954
21
-160.0496399999999824
0
LINE
8
BLACK
6
CONTINUOUS
10
61.3159999999999954
20
-160.0496399999999824
11
61.3159999999999954
21
-159.5352399999999875
0
LINE
8
BLACK
6
CONTINUOUS
10
61.3159999999999954
20
-159.5352399999999875
11
61.4439999999999955
21
-159.5352399999999875
0
LINE
8
BLACK
6
CONTINUOUS
10
61.4439999999999955
20
-159.5352399999999875
11
61.4439999999999955
21
-160.0496399999999824
0
LINE
8
BLACK
6
CONTINUOUS
10
61.8439999999999941
20
-160.0496399999999824
11
61.715999999999994
21
-160.0496399999999824
0
LINE
8
BLACK
6
CONTINUOUS
10
61.715999999999994
20
-160.0496399999999824
11
61.715999999999994
21
-159.5352399999999875
0
LINE
8
BLACK
6
CONTINUOUS
10
61.715999999999994
20
-159.5352399999999875
11
61.8439999999999941
21
-159.5352399999999875
0
LINE
8
BLACK
6
CONTINUOUS
10
61.8439999999999941
20
-159.5352399999999875
11
61.8439999999999941
21
-160.0496399999999824
0
LINE
8
BLACK
6
CONTINUOUS
10
62.2439999999999998
20
-160.0496399999999824
11
62.1159999999999997
21
-160.0496399999999824
0
LINE
8
BLACK
6
CONTINUOUS
10
62.1159999999999997
20
-160.0496399999999824
11
62.1159999999999997
21
-159.5352399999999875
0
LINE
8
BLACK
6
CONTINUOUS
10
62.1159999999999997
20
-159.5352399999999875
11
62.2439999999999998
21
-159.5352399999999875
0
LINE
8
BLACK
6
CONTINUOUS
10
62.2439999999999998
20
-159.5352399999999875
11
62.2439999999999998
21
-160.0496399999999824
0
LINE
8
BLACK
6
CONTINUOUS
10
62.6439999999999984
20
-160.0496399999999824
11
62.5159999999999982
21
-160.0496399999999824
0
LINE
8
BLACK
6
CONTINUOUS
10
62.5159999999999982
20
-160.0496399999999824
11
62.5159999999999982
21
-159.5352399999999875
0
LINE
8
BLACK
6
CONTINUOUS
10
62.5159999999999982
20
-159.5352399999999875
11
62.6439999999999984
21
-159.5352399999999875
0
LINE
8
BLACK
6
CONTINUOUS
10
62.6439999999999984
20
-159.5352399999999875
11
62.6439999999999984
21
-160.0496399999999824
0
LINE
8
BLACK
6
CONTINUOUS
10
63.0439999999999969
20
-160.0496399999999824
11
62.9159999999999968
21
-160.0496399999999824
0
LINE
8
BLACK
6
CONTINUOUS
10
62.9159999999999968
20
-160.0496399999999824
11
62.9159999999999968
21
-159.5352399999999875
0
LINE
8
BLACK
6
CONTINUOUS
10
62.9159999999999968
20
-159.5352399999999875
11
63.0439999999999969
21
-159.5352399999999875
0
LINE
8
BLACK
6
CONTINUOUS
10
63.0439999999999969
20
-159.5352399999999875
11
63.0439999999999969
21
-160.0496399999999824
0
LINE
8
BLACK
6
CONTINUOUS
10
63.4439999999999955
20
-160.0496399999999824
11
63.3159999999999954
21
-160.0496399999999824
0
LINE
8
BLACK
6
CONTINUOUS
10
63.3159999999999954
20
-160.0496399999999824
11
63.3159999999999954
21
-159.5352399999999875
0
LINE
8
BLACK
6
CONTINUOUS
10
63.3159999999999954
20
-159.5352399999999875
11
63.4439999999999955
21
-159.5352399999999875
0
LINE
8
BLACK
6
CONTINUOUS
10
63.4439999999999955
20
-159.5352399999999875
11
63.4439999999999955
21
-160.0496399999999824
0
LINE
8
BLACK
6
CONTINUOUS
10
63.8439999999999941
20
-160.0496399999999824
11
63.715999999999994
21
-160.0496399999999824
0
LINE
8
BLACK
6
CONTINUOUS
10
63.715999999999994
20
-160.0496399999999824
11
63.715999999999994
21
-159.5352399999999875
0
LINE
8
BLACK
6
CONTINUOUS
10
63.715999999999994
20
-159.5352399999999875
11
63.8439999999999941
21
-159.5352399999999875
0
LINE
8
BLACK
6
CONTINUOUS
10
63.8439999999999941
20
-159.5352399999999875
11
63.8439999999999941
21
-160.0496399999999824
0
LINE
8
BLACK
6
CONTINUOUS
10
64.2439999999999998
20
-160.0496399999999824
11
64.1159999999999997
21
-160.0496399999999824
0
LINE
8
BLACK
6
CONTINUOUS
10
64.1159999999999997
20
-160.0496399999999824
11
64.1159999999999997
21
-159.5352399999999875
0
LINE
8
BLACK
6
CONTINUOUS
10
64.1159999999999997
20
-159.5352399999999875
11
64.2439999999999998
21
-159.5352399999999875
0
LINE
8
BLACK
6
CONTINUOUS
10
64.2439999999999998
20
-159.5352399999999875
11
64.2439999999999998
21
-160.0496399999999824
0
LINE
8
BLACK
6
CONTINUOUS
10
64.6439999999999912
20
-160.0496399999999824
11
64.5159999999999911
21
-160.0496399999999824
0
LINE
8
BLACK
6
CONTINUOUS
10
64.5159999999999911
20
-160.0496399999999824
11
64.5159999999999911
21
-159.5352399999999875
0
LINE
8
BLACK
6
CONTINUOUS
10
64.5159999999999911
20
-159.5352399999999875
11
64.6439999999999912
21
-159.5352399999999875
0
LINE
8
BLACK
6
CONTINUOUS
10
64.6439999999999912
20
-159.5352399999999875
11
64.6439999999999912
21
-160.0496399999999824
0
LINE
8
BLACK
6
CONTINUOUS
10
65.0439999999999969
20
-160.0496399999999824
11
64.9159999999999968
21
-160.0496399999999824
0
LINE
8
BLACK
6
CONTINUOUS
10
64.9159999999999968
20
-160.0496399999999824
11
64.9159999999999968
21
-159.5352399999999875
0
LINE
8
BLACK
6
CONTINUOUS
10
64.9159999999999968
20
-159.5352399999999875
11
65.0439999999999969
21
-159.5352399999999875
0
LINE
8
BLACK
6
CONTINUOUS
10
65.0439999999999969
20
-159.5352399999999875
11
65.0439999999999969
21
-160.0496399999999824
0
LINE
8
BLACK
6
CONTINUOUS
10
65.4440000000000026
20
-160.0496399999999824
11
65.3160000000000025
21
-160.0496399999999824
0
LINE
8
BLACK
6
CONTINUOUS
10
65.3160000000000025
20
-160.0496399999999824
11
65.3160000000000025
21
-159.5352399999999875
0
LINE
8
BLACK
6
CONTINUOUS
10
65.3160000000000025
20
-159.5352399999999875
11
65.4440000000000026
21
-159.5352399999999875
0
LINE
8
BLACK
6
CONTINUOUS
10
65.4440000000000026
20
-159.5352399999999875
11
65.4440000000000026
21
-160.0496399999999824
0
LINE
8
BLACK
6
CONTINUOUS
10
65.8439999999999941
20
-160.0496399999999824
11
65.715999999999994
21
-160.0496399999999824
0
LINE
8
BLACK
6
CONTINUOUS
10
65.715999999999994
20
-160.0496399999999824
11
65.715999999999994
21
-159.5352399999999875
0
LINE
8
BLACK
6
CONTINUOUS
10
65.715999999999994
20
-159.5352399999999875
11
65.8439999999999941
21
-159.5352399999999875
0
LINE
8
BLACK
6
CONTINUOUS
10
65.8439999999999941
20
-159.5352399999999875
11
65.8439999999999941
21
-160.0496399999999824
0
LINE
8
BLACK
6
CONTINUOUS
10
66.2439999999999998
20
-160.0496399999999824
11
66.1159999999999997
21
-160.0496399999999824
0
LINE
8
BLACK
6
CONTINUOUS
10
66.1159999999999997
20
-160.0496399999999824
11
66.1159999999999997
21
-159.5352399999999875
0
LINE
8
BLACK
6
CONTINUOUS
10
66.1159999999999997
20
-159.5352399999999875
11
66.2439999999999998
21
-159.5352399999999875
0
LINE
8
BLACK
6
CONTINUOUS
10
66.2439999999999998
20
-159.5352399999999875
11
66.2439999999999998
21
-160.0496399999999824
0
LINE
8
BLACK
6
CONTINUOUS
10
66.6439999999999912
20
-160.0496399999999824
11
66.5159999999999911
21
-160.0496399999999824
0
LINE
8
BLACK
6
CONTINUOUS
10
66.5159999999999911
20
-160.0496399999999824
11
66.5159999999999911
21
-159.5352399999999875
0
LINE
8
BLACK
6
CONTINUOUS
10
66.5159999999999911
20
-159.5352399999999875
11
66.6439999999999912
21
-159.5352399999999875
0
LINE
8
BLACK
6
CONTINUOUS
10
66.6439999999999912
20
-159.5352399999999875
11
66.6439999999999912
21
-160.0496399999999824
0
LINE
8
BLACK
6
CONTINUOUS
10
67.0439999999999969
20
-160.0496399999999824
11
66.9159999999999968
21
-160.0496399999999824
0
LINE
8
BLACK
6
CONTINUOUS
10
66.9159999999999968
20
-160.0496399999999824
11
66.9159999999999968
21
-159.5352399999999875
0
LINE
8
BLACK
6
CONTINUOUS
10
66.9159999999999968
20
-159.5352399999999875
11
67.0439999999999969
21
-159.5352399999999875
0
LINE
8
BLACK
6
CONTINUOUS
10
67.0439999999999969
20
-159.5352399999999875
11
67.0439999999999969
21
-160.0496399999999824
0
LINE
8
BLACK
6
CONTINUOUS
10
76.2210000000000036
20
-159.8624999999999829
11
75.5889999999999986
21
-159.8624999999999829
0
LINE
8
BLACK
6
CONTINUOUS
10
75.5889999999999986
20
-159.8624999999999829
11
75.5889999999999986
21
-158.2224999999999966
0
LINE
8
BLACK
6
CONTINUOUS
10
75.5889999999999986
20
-158.2224999999999966
11
76.2210000000000036
21
-158.2224999999999966
0
LINE
8
BLACK
6
CONTINUOUS
10
76.2210000000000036
20
-158.2224999999999966
11
76.2210000000000036
21
-159.8624999999999829
0
LINE
8
BLACK
6
CONTINUOUS
10
78.820999999999998
20
-159.8624999999999829
11
78.188999999999993
21
-159.8624999999999829
0
LINE
8
BLACK
6
CONTINUOUS
10
78.188999999999993
20
-159.8624999999999829
11
78.188999999999993
21
-158.2224999999999966
0
LINE
8
BLACK
6
CONTINUOUS
10
78.188999999999993
20
-158.2224999999999966
11
78.820999999999998
21
-158.2224999999999966
0
LINE
8
BLACK
6
CONTINUOUS
10
78.820999999999998
20
-158.2224999999999966
11
78.820999999999998
21
-159.8624999999999829
0
LINE
8
BLACK
6
CONTINUOUS
10
56.8639769999999984
20
-159.195430999999985
11
56.8988849999999999
21
-159.2187549999999874
0
LINE
8
BLACK
6
CONTINUOUS
10
56.8988849999999999
20
-159.2187549999999874
11
56.9222089999999952
21
-159.2536629999999889
0
LINE
8
BLACK
6
CONTINUOUS
10
56.9222089999999952
20
-159.2536629999999889
11
56.9303999999999988
21
-159.2948399999999936
0
LINE
8
BLACK
6
CONTINUOUS
10
56.9303999999999988
20
-159.2948399999999936
11
56.9303999999999988
21
-159.5100400000000036
0
LINE
8
BLACK
6
CONTINUOUS
10
56.9303999999999988
20
-159.5100400000000036
11
56.9222089999999952
21
-159.5512169999999799
0
LINE
8
BLACK
6
CONTINUOUS
10
56.9222089999999952
20
-159.5512169999999799
11
56.8988849999999999
21
-159.5861249999999814
0
LINE
8
BLACK
6
CONTINUOUS
10
56.8988849999999999
20
-159.5861249999999814
11
56.8639769999999984
21
-159.6094489999999837
0
LINE
8
BLACK
6
CONTINUOUS
10
56.8639769999999984
20
-159.6094489999999837
11
56.8228000000000009
21
-159.6176399999999944
0
LINE
8
BLACK
6
CONTINUOUS
10
56.8228000000000009
20
-159.6176399999999944
11
56.5571999999999946
21
-159.6176399999999944
0
LINE
8
BLACK
6
CONTINUOUS
10
56.5571999999999946
20
-159.6176399999999944
11
56.516022999999997
21
-159.6094489999999837
0
LINE
8
BLACK
6
CONTINUOUS
10
56.516022999999997
20
-159.6094489999999837
11
56.4811149999999955
21
-159.5861249999999814
0
LINE
8
BLACK
6
CONTINUOUS
10
56.4811149999999955
20
-159.5861249999999814
11
56.4577910000000003
21
-159.5512169999999799
0
LINE
8
BLACK
6
CONTINUOUS
10
56.4577910000000003
20
-159.5512169999999799
11
56.4495999999999967
21
-159.5100400000000036
0
LINE
8
BLACK
6
CONTINUOUS
10
56.4495999999999967
20
-159.5100400000000036
11
56.4495999999999967
21
-159.2948399999999936
0
LINE
8
BLACK
6
CONTINUOUS
10
56.4495999999999967
20
-159.2948399999999936
11
56.4577910000000003
21
-159.2536629999999889
0
LINE
8
BLACK
6
CONTINUOUS
10
56.4577910000000003
20
-159.2536629999999889
11
56.4811149999999955
21
-159.2187549999999874
0
LINE
8
BLACK
6
CONTINUOUS
10
56.4811149999999955
20
-159.2187549999999874
11
56.516022999999997
21
-159.195430999999985
0
LINE
8
BLACK
6
CONTINUOUS
10
56.516022999999997
20
-159.195430999999985
11
56.5571999999999946
21
-159.1872400000000027
0
LINE
8
BLACK
6
CONTINUOUS
10
56.5571999999999946
20
-159.1872400000000027
11
56.8228000000000009
21
-159.1872400000000027
0
LINE
8
BLACK
6
CONTINUOUS
10
56.8228000000000009
20
-159.1872400000000027
11
56.8639769999999984
21
-159.195430999999985
0
LINE
8
BLACK
6
CONTINUOUS
10
57.6749689999999973
20
-159.1735109999999906
11
57.7085149999999985
21
-159.1959249999999884
0
LINE
8
BLACK
6
CONTINUOUS
10
57.7085149999999985
20
-159.1959249999999884
11
57.7309289999999962
21
-159.2294709999999895
0
LINE
8
BLACK
6
CONTINUOUS
10
57.7309289999999962
20
-159.2294709999999895
11
57.7387999999999977
21
-159.2690399999999897
0
LINE
8
BLACK
6
CONTINUOUS
10
57.7387999999999977
20
-159.2690399999999897
11
57.7387999999999977
21
-159.4758400000000051
0
LINE
8
BLACK
6
CONTINUOUS
10
57.7387999999999977
20
-159.4758400000000051
11
57.7309289999999962
21
-159.5154090000000053
0
LINE
8
BLACK
6
CONTINUOUS
10
57.7309289999999962
20
-159.5154090000000053
11
57.7085149999999985
21
-159.5489550000000065
0
LINE
8
BLACK
6
CONTINUOUS
10
57.7085149999999985
20
-159.5489550000000065
11
57.6749689999999973
21
-159.5713690000000042
0
LINE
8
BLACK
6
CONTINUOUS
10
57.6749689999999973
20
-159.5713690000000042
11
57.6353999999999971
21
-159.5792399999999986
0
LINE
8
BLACK
6
CONTINUOUS
10
57.6353999999999971
20
-159.5792399999999986
11
57.3445999999999998
21
-159.5792399999999986
0
LINE
8
BLACK
6
CONTINUOUS
10
57.3445999999999998
20
-159.5792399999999986
11
57.3050309999999996
21
-159.5713690000000042
0
LINE
8
BLACK
6
CONTINUOUS
10
57.3050309999999996
20
-159.5713690000000042
11
57.2714849999999984
21
-159.5489550000000065
0
LINE
8
BLACK
6
CONTINUOUS
10
57.2714849999999984
20
-159.5489550000000065
11
57.2490710000000007
21
-159.5154090000000053
0
LINE
8
BLACK
6
CONTINUOUS
10
57.2490710000000007
20
-159.5154090000000053
11
57.2411999999999992
21
-159.4758400000000051
0
LINE
8
BLACK
6
CONTINUOUS
10
57.2411999999999992
20
-159.4758400000000051
11
57.2411999999999992
21
-159.2690399999999897
0
LINE
8
BLACK
6
CONTINUOUS
10
57.2411999999999992
20
-159.2690399999999897
11
57.2490710000000007
21
-159.2294709999999895
0
LINE
8
BLACK
6
CONTINUOUS
10
57.2490710000000007
20
-159.2294709999999895
11
57.2714849999999984
21
-159.1959249999999884
0
LINE
8
BLACK
6
CONTINUOUS
10
57.2714849999999984
20
-159.1959249999999884
11
57.3050309999999996
21
-159.1735109999999906
0
LINE
8
BLACK
6
CONTINUOUS
10
57.3050309999999996
20
-159.1735109999999906
11
57.3445999999999998
21
-159.1656399999999962
0
LINE
8
BLACK
6
CONTINUOUS
10
57.3445999999999998
20
-159.1656399999999962
11
57.6353999999999971
21
-159.1656399999999962
0
LINE
8
BLACK
6
CONTINUOUS
10
57.6353999999999971
20
-159.1656399999999962
11
57.6749689999999973
21
-159.1735109999999906
0
LINE
8
BLACK
6
CONTINUOUS
10
58.513976999999997
20
-158.9554310000000044
11
58.5488849999999985
21
-158.9787550000000067
0
LINE
8
BLACK
6
CONTINUOUS
10
58.5488849999999985
20
-158.9787550000000067
11
58.5722090000000009
21
-159.0136629999999798
0
LINE
8
BLACK
6
CONTINUOUS
10
58.5722090000000009
20
-159.0136629999999798
11
58.5803999999999974
21
-159.0548399999999845
0
LINE
8
BLACK
6
CONTINUOUS
10
58.5803999999999974
20
-159.0548399999999845
11
58.5803999999999974
21
-159.2700399999999945
0
LINE
8
BLACK
6
CONTINUOUS
10
58.5803999999999974
20
-159.2700399999999945
11
58.5722090000000009
21
-159.3112169999999992
0
LINE
8
BLACK
6
CONTINUOUS
10
58.5722090000000009
20
-159.3112169999999992
11
58.5488849999999985
21
-159.3461250000000007
0
LINE
8
BLACK
6
CONTINUOUS
10
58.5488849999999985
20
-159.3461250000000007
11
58.513976999999997
21
-159.369449000000003
0
LINE
8
BLACK
6
CONTINUOUS
10
58.513976999999997
20
-159.369449000000003
11
58.4727999999999994
21
-159.3776399999999853
0
LINE
8
BLACK
6
CONTINUOUS
10
58.4727999999999994
20
-159.3776399999999853
11
58.2072000000000003
21
-159.3776399999999853
0
LINE
8
BLACK
6
CONTINUOUS
10
58.2072000000000003
20
-159.3776399999999853
11
58.1660229999999956
21
-159.369449000000003
0
LINE
8
BLACK
6
CONTINUOUS
10
58.1660229999999956
20
-159.369449000000003
11
58.1311149999999941
21
-159.3461250000000007
0
LINE
8
BLACK
6
CONTINUOUS
10
58.1311149999999941
20
-159.3461250000000007
11
58.1077909999999989
21
-159.3112169999999992
0
LINE
8
BLACK
6
CONTINUOUS
10
58.1077909999999989
20
-159.3112169999999992
11
58.0995999999999952
21
-159.2700399999999945
0
LINE
8
BLACK
6
CONTINUOUS
10
58.0995999999999952
20
-159.2700399999999945
11
58.0995999999999952
21
-159.0548399999999845
0
LINE
8
BLACK
6
CONTINUOUS
10
58.0995999999999952
20
-159.0548399999999845
11
58.1077909999999989
21
-159.0136629999999798
0
LINE
8
BLACK
6
CONTINUOUS
10
58.1077909999999989
20
-159.0136629999999798
11
58.1311149999999941
21
-158.9787550000000067
0
LINE
8
BLACK
6
CONTINUOUS
10
58.1311149999999941
20
-158.9787550000000067
11
58.1660229999999956
21
-158.9554310000000044
0
LINE
8
BLACK
6
CONTINUOUS
10
58.1660229999999956
20
-158.9554310000000044
11
58.2072000000000003
21
-158.9472399999999936
0
LINE
8
BLACK
6
CONTINUOUS
10
58.2072000000000003
20
-158.9472399999999936
11
58.4727999999999994
21
-158.9472399999999936
0
LINE
8
BLACK
6
CONTINUOUS
10
58.4727999999999994
20
-158.9472399999999936
11
58.513976999999997
21
-158.9554310000000044
0
LINE
8
BLACK
6
CONTINUOUS
10
59.3749690000000001
20
-158.8435110000000066
11
59.4085149999999942
21
-158.8659250000000043
0
LINE
8
BLACK
6
CONTINUOUS
10
59.4085149999999942
20
-158.8659250000000043
11
59.430928999999999
21
-158.8994710000000055
0
LINE
8
BLACK
6
CONTINUOUS
10
59.430928999999999
20
-158.8994710000000055
11
59.4388000000000005
21
-158.9390400000000056
0
LINE
8
BLACK
6
CONTINUOUS
10
59.4388000000000005
20
-158.9390400000000056
11
59.4388000000000005
21
-159.1458399999999926
0
LINE
8
BLACK
6
CONTINUOUS
10
59.4388000000000005
20
-159.1458399999999926
11
59.430928999999999
21
-159.1854089999999928
0
LINE
8
BLACK
6
CONTINUOUS
10
59.430928999999999
20
-159.1854089999999928
11
59.4085149999999942
21
-159.218954999999994
0
LINE
8
BLACK
6
CONTINUOUS
10
59.4085149999999942
20
-159.218954999999994
11
59.3749690000000001
21
-159.2413689999999917
0
LINE
8
BLACK
6
CONTINUOUS
10
59.3749690000000001
20
-159.2413689999999917
11
59.3353999999999999
21
-159.2492399999999861
0
LINE
8
BLACK
6
CONTINUOUS
10
59.3353999999999999
20
-159.2492399999999861
11
59.0445999999999955
21
-159.2492399999999861
0
LINE
8
BLACK
6
CONTINUOUS
10
59.0445999999999955
20
-159.2492399999999861
11
59.0050309999999953
21
-159.2413689999999917
0
LINE
8
BLACK
6
CONTINUOUS
10
59.0050309999999953
20
-159.2413689999999917
11
58.9714849999999942
21
-159.218954999999994
0
LINE
8
BLACK
6
CONTINUOUS
10
58.9714849999999942
20
-159.218954999999994
11
58.9490709999999964
21
-159.1854089999999928
0
LINE
8
BLACK
6
CONTINUOUS
10
58.9490709999999964
20
-159.1854089999999928
11
58.9411999999999949
21
-159.1458399999999926
0
LINE
8
BLACK
6
CONTINUOUS
10
58.9411999999999949
20
-159.1458399999999926
11
58.9411999999999949
21
-158.9390400000000056
0
LINE
8
BLACK
6
CONTINUOUS
10
58.9411999999999949
20
-158.9390400000000056
11
58.9490709999999964
21
-158.8994710000000055
0
LINE
8
BLACK
6
CONTINUOUS
10
58.9490709999999964
20
-158.8994710000000055
11
58.9714849999999942
21
-158.8659250000000043
0
LINE
8
BLACK
6
CONTINUOUS
10
58.9714849999999942
20
-158.8659250000000043
11
59.0050309999999953
21
-158.8435110000000066
0
LINE
8
BLACK
6
CONTINUOUS
10
59.0050309999999953
20
-158.8435110000000066
11
59.0445999999999955
21
-158.8356399999999837
0
LINE
8
BLACK
6
CONTINUOUS
10
59.0445999999999955
20
-158.8356399999999837
11
59.3353999999999999
21
-158.8356399999999837
0
LINE
8
BLACK
6
CONTINUOUS
10
59.3353999999999999
20
-158.8356399999999837
11
59.3749690000000001
21
-158.8435110000000066
0
LINE
8
BLACK
6
CONTINUOUS
10
60.8749690000000001
20
-158.8335109999999872
11
60.9085149999999942
21
-158.8559249999999849
0
LINE
8
BLACK
6
CONTINUOUS
10
60.9085149999999942
20
-158.8559249999999849
11
60.930928999999999
21
-158.8894709999999861
0
LINE
8
BLACK
6
CONTINUOUS
10
60.930928999999999
20
-158.8894709999999861
11
60.9388000000000005
21
-158.9290399999999863
0
LINE
8
BLACK
6
CONTINUOUS
10
60.9388000000000005
20
-158.9290399999999863
11
60.9388000000000005
21
-159.1358400000000017
0
LINE
8
BLACK
6
CONTINUOUS
10
60.9388000000000005
20
-159.1358400000000017
11
60.930928999999999
21
-159.1754090000000019
0
LINE
8
BLACK
6
CONTINUOUS
10
60.930928999999999
20
-159.1754090000000019
11
60.9085149999999942
21
-159.2089550000000031
0
LINE
8
BLACK
6
CONTINUOUS
10
60.9085149999999942
20
-159.2089550000000031
11
60.8749690000000001
21
-159.2313690000000008
0
LINE
8
BLACK
6
CONTINUOUS
10
60.8749690000000001
20
-159.2313690000000008
11
60.8353999999999999
21
-159.2392399999999952
0
LINE
8
BLACK
6
CONTINUOUS
10
60.8353999999999999
20
-159.2392399999999952
11
60.5445999999999955
21
-159.2392399999999952
0
LINE
8
BLACK
6
CONTINUOUS
10
60.5445999999999955
20
-159.2392399999999952
11
60.5050309999999953
21
-159.2313690000000008
0
LINE
8
BLACK
6
CONTINUOUS
10
60.5050309999999953
20
-159.2313690000000008
11
60.4714849999999942
21
-159.2089550000000031
0
LINE
8
BLACK
6
CONTINUOUS
10
60.4714849999999942
20
-159.2089550000000031
11
60.4490709999999964
21
-159.1754090000000019
0
LINE
8
BLACK
6
CONTINUOUS
10
60.4490709999999964
20
-159.1754090000000019
11
60.4411999999999949
21
-159.1358400000000017
0
LINE
8
BLACK
6
CONTINUOUS
10
60.4411999999999949
20
-159.1358400000000017
11
60.4411999999999949
21
-158.9290399999999863
0
LINE
8
BLACK
6
CONTINUOUS
10
60.4411999999999949
20
-158.9290399999999863
11
60.4490709999999964
21
-158.8894709999999861
0
LINE
8
BLACK
6
CONTINUOUS
10
60.4490709999999964
20
-158.8894709999999861
11
60.4714849999999942
21
-158.8559249999999849
0
LINE
8
BLACK
6
CONTINUOUS
10
60.4714849999999942
20
-158.8559249999999849
11
60.5050309999999953
21
-158.8335109999999872
0
LINE
8
BLACK
6
CONTINUOUS
10
60.5050309999999953
20
-158.8335109999999872
11
60.5445999999999955
21
-158.8256399999999928
0
LINE
8
BLACK
6
CONTINUOUS
10
60.5445999999999955
20
-158.8256399999999928
11
60.8353999999999999
21
-158.8256399999999928
0
LINE
8
BLACK
6
CONTINUOUS
10
60.8353999999999999
20
-158.8256399999999928
11
60.8749690000000001
21
-158.8335109999999872
0
LINE
8
BLACK
6
CONTINUOUS
10
62.3599689999999995
20
-158.8235109999999963
11
62.3935150000000007
21
-158.845924999999994
0
LINE
8
BLACK
6
CONTINUOUS
10
62.3935150000000007
20
-158.845924999999994
11
62.4159289999999984
21
-158.8794709999999952
0
LINE
8
BLACK
6
CONTINUOUS
10
62.4159289999999984
20
-158.8794709999999952
11
62.4238
21
-158.9190399999999954
0
LINE
8
BLACK
6
CONTINUOUS
10
62.4238
20
-158.9190399999999954
11
62.4238
21
-159.1258399999999824
0
LINE
8
BLACK
6
CONTINUOUS
10
62.4238
20
-159.1258399999999824
11
62.4159289999999984
21
-159.1654089999999826
0
LINE
8
BLACK
6
CONTINUOUS
10
62.4159289999999984
20
-159.1654089999999826
11
62.3935150000000007
21
-159.1989549999999838
0
LINE
8
BLACK
6
CONTINUOUS
10
62.3935150000000007
20
-159.1989549999999838
11
62.3599689999999995
21
-159.2213689999999815
0
LINE
8
BLACK
6
CONTINUOUS
10
62.3599689999999995
20
-159.2213689999999815
11
62.3203999999999994
21
-159.2292400000000043
0
LINE
8
BLACK
6
CONTINUOUS
10
62.3203999999999994
20
-159.2292400000000043
11
62.029599999999995
21
-159.2292400000000043
0
LINE
8
BLACK
6
CONTINUOUS
10
62.029599999999995
20
-159.2292400000000043
11
61.9900309999999948
21
-159.2213689999999815
0
LINE
8
BLACK
6
CONTINUOUS
10
61.9900309999999948
20
-159.2213689999999815
11
61.9564850000000007
21
-159.1989549999999838
0
LINE
8
BLACK
6
CONTINUOUS
10
61.9564850000000007
20
-159.1989549999999838
11
61.9340709999999959
21
-159.1654089999999826
0
LINE
8
BLACK
6
CONTINUOUS
10
61.9340709999999959
20
-159.1654089999999826
11
61.9261999999999944
21
-159.1258399999999824
0
LINE
8
BLACK
6
CONTINUOUS
10
61.9261999999999944
20
-159.1258399999999824
11
61.9261999999999944
21
-158.9190399999999954
0
LINE
8
BLACK
6
CONTINUOUS
10
61.9261999999999944
20
-158.9190399999999954
11
61.9340709999999959
21
-158.8794709999999952
0
LINE
8
BLACK
6
CONTINUOUS
10
61.9340709999999959
20
-158.8794709999999952
11
61.9564850000000007
21
-158.845924999999994
0
LINE
8
BLACK
6
CONTINUOUS
10
61.9564850000000007
20
-158.845924999999994
11
61.9900309999999948
21
-158.8235109999999963
0
LINE
8
BLACK
6
CONTINUOUS
10
61.9900309999999948
20
-158.8235109999999963
11
62.029599999999995
21
-158.8156400000000019
0
LINE
8
BLACK
6
CONTINUOUS
10
62.029599999999995
20
-158.8156400000000019
11
62.3203999999999994
21
-158.8156400000000019
0
LINE
8
BLACK
6
CONTINUOUS
10
62.3203999999999994
20
-158.8156400000000019
11
62.3599689999999995
21
-158.8235109999999963
0
LINE
8
BLACK
6
CONTINUOUS
10
61.6139769999999984
20
-158.7704310000000021
11
61.6488849999999999
21
-158.7937550000000044
0
LINE
8
BLACK
6
CONTINUOUS
10
61.6488849999999999
20
-158.7937550000000044
11
61.6722089999999952
21
-158.8286630000000059
0
LINE
8
BLACK
6
CONTINUOUS
10
61.6722089999999952
20
-158.8286630000000059
11
61.6803999999999988
21
-158.8698399999999822
0
LINE
8
BLACK
6
CONTINUOUS
10
61.6803999999999988
20
-158.8698399999999822
11
61.6803999999999988
21
-159.0850399999999922
0
LINE
8
BLACK
6
CONTINUOUS
10
61.6803999999999988
20
-159.0850399999999922
11
61.6722089999999952
21
-159.1262169999999969
0
LINE
8
BLACK
6
CONTINUOUS
10
61.6722089999999952
20
-159.1262169999999969
11
61.6488849999999999
21
-159.1611249999999984
0
LINE
8
BLACK
6
CONTINUOUS
10
61.6488849999999999
20
-159.1611249999999984
11
61.6139769999999984
21
-159.1844490000000008
0
LINE
8
BLACK
6
CONTINUOUS
10
61.6139769999999984
20
-159.1844490000000008
11
61.5727999999999938
21
-159.192639999999983
0
LINE
8
BLACK
6
CONTINUOUS
10
61.5727999999999938
20
-159.192639999999983
11
61.3071999999999946
21
-159.192639999999983
0
LINE
8
BLACK
6
CONTINUOUS
10
61.3071999999999946
20
-159.192639999999983
11
61.266022999999997
21
-159.1844490000000008
0
LINE
8
BLACK
6
CONTINUOUS
10
61.266022999999997
20
-159.1844490000000008
11
61.2311149999999955
21
-159.1611249999999984
0
LINE
8
BLACK
6
CONTINUOUS
10
61.2311149999999955
20
-159.1611249999999984
11
61.2077910000000003
21
-159.1262169999999969
0
LINE
8
BLACK
6
CONTINUOUS
10
61.2077910000000003
20
-159.1262169999999969
11
61.1995999999999967
21
-159.0850399999999922
0
LINE
8
BLACK
6
CONTINUOUS
10
61.1995999999999967
20
-159.0850399999999922
11
61.1995999999999967
21
-158.8698399999999822
0
LINE
8
BLACK
6
CONTINUOUS
10
61.1995999999999967
20
-158.8698399999999822
11
61.2077910000000003
21
-158.8286630000000059
0
LINE
8
BLACK
6
CONTINUOUS
10
61.2077910000000003
20
-158.8286630000000059
11
61.2311149999999955
21
-158.7937550000000044
0
LINE
8
BLACK
6
CONTINUOUS
10
61.2311149999999955
20
-158.7937550000000044
11
61.266022999999997
21
-158.7704310000000021
0
LINE
8
BLACK
6
CONTINUOUS
10
61.266022999999997
20
-158.7704310000000021
11
61.3071999999999946
21
-158.7622399999999914
0
LINE
8
BLACK
6
CONTINUOUS
10
61.3071999999999946
20
-158.7622399999999914
11
61.5727999999999938
21
-158.7622399999999914
0
LINE
8
BLACK
6
CONTINUOUS
10
61.5727999999999938
20
-158.7622399999999914
11
61.6139769999999984
21
-158.7704310000000021
0
LINE
8
BLACK
6
CONTINUOUS
10
63.1139769999999984
20
-158.7604309999999828
11
63.1488849999999999
21
-158.7837549999999851
0
LINE
8
BLACK
6
CONTINUOUS
10
63.1488849999999999
20
-158.7837549999999851
11
63.1722089999999952
21
-158.8186629999999866
0
LINE
8
BLACK
6
CONTINUOUS
10
63.1722089999999952
20
-158.8186629999999866
11
63.1803999999999988
21
-158.8598399999999913
0
LINE
8
BLACK
6
CONTINUOUS
10
63.1803999999999988
20
-158.8598399999999913
11
63.1803999999999988
21
-159.0750400000000013
0
LINE
8
BLACK
6
CONTINUOUS
10
63.1803999999999988
20
-159.0750400000000013
11
63.1722089999999952
21
-159.116217000000006
0
LINE
8
BLACK
6
CONTINUOUS
10
63.1722089999999952
20
-159.116217000000006
11
63.1488849999999999
21
-159.1511249999999791
0
LINE
8
BLACK
6
CONTINUOUS
10
63.1488849999999999
20
-159.1511249999999791
11
63.1139769999999984
21
-159.1744489999999814
0
LINE
8
BLACK
6
CONTINUOUS
10
63.1139769999999984
20
-159.1744489999999814
11
63.0727999999999938
21
-159.1826399999999921
0
LINE
8
BLACK
6
CONTINUOUS
10
63.0727999999999938
20
-159.1826399999999921
11
62.8071999999999946
21
-159.1826399999999921
0
LINE
8
BLACK
6
CONTINUOUS
10
62.8071999999999946
20
-159.1826399999999921
11
62.766022999999997
21
-159.1744489999999814
0
LINE
8
BLACK
6
CONTINUOUS
10
62.766022999999997
20
-159.1744489999999814
11
62.7311149999999955
21
-159.1511249999999791
0
LINE
8
BLACK
6
CONTINUOUS
10
62.7311149999999955
20
-159.1511249999999791
11
62.7077910000000003
21
-159.116217000000006
0
LINE
8
BLACK
6
CONTINUOUS
10
62.7077910000000003
20
-159.116217000000006
11
62.6995999999999967
21
-159.0750400000000013
0
LINE
8
BLACK
6
CONTINUOUS
10
62.6995999999999967
20
-159.0750400000000013
11
62.6995999999999967
21
-158.8598399999999913
0
LINE
8
BLACK
6
CONTINUOUS
10
62.6995999999999967
20
-158.8598399999999913
11
62.7077910000000003
21
-158.8186629999999866
0
LINE
8
BLACK
6
CONTINUOUS
10
62.7077910000000003
20
-158.8186629999999866
11
62.7311149999999955
21
-158.7837549999999851
0
LINE
8
BLACK
6
CONTINUOUS
10
62.7311149999999955
20
-158.7837549999999851
11
62.766022999999997
21
-158.7604309999999828
0
LINE
8
BLACK
6
CONTINUOUS
10
62.766022999999997
20
-158.7604309999999828
11
62.8071999999999946
21
-158.7522400000000005
0
LINE
8
BLACK
6
CONTINUOUS
10
62.8071999999999946
20
-158.7522400000000005
11
63.0727999999999938
21
-158.7522400000000005
0
LINE
8
BLACK
6
CONTINUOUS
10
63.0727999999999938
20
-158.7522400000000005
11
63.1139769999999984
21
-158.7604309999999828
0
LINE
8
BLACK
6
CONTINUOUS
10
63.8389769999999999
20
-158.7604309999999828
11
63.8738849999999942
21
-158.7837549999999851
0
LINE
8
BLACK
6
CONTINUOUS
10
63.8738849999999942
20
-158.7837549999999851
11
63.8972089999999966
21
-158.8186629999999866
0
LINE
8
BLACK
6
CONTINUOUS
10
63.8972089999999966
20
-158.8186629999999866
11
63.9054000000000002
21
-158.8598399999999913
0
LINE
8
BLACK
6
CONTINUOUS
10
63.9054000000000002
20
-158.8598399999999913
11
63.9054000000000002
21
-159.0750400000000013
0
LINE
8
BLACK
6
CONTINUOUS
10
63.9054000000000002
20
-159.0750400000000013
11
63.8972089999999966
21
-159.116217000000006
0
LINE
8
BLACK
6
CONTINUOUS
10
63.8972089999999966
20
-159.116217000000006
11
63.8738849999999942
21
-159.1511249999999791
0
LINE
8
BLACK
6
CONTINUOUS
10
63.8738849999999942
20
-159.1511249999999791
11
63.8389769999999999
21
-159.1744489999999814
0
LINE
8
BLACK
6
CONTINUOUS
10
63.8389769999999999
20
-159.1744489999999814
11
63.7977999999999952
21
-159.1826399999999921
0
LINE
8
BLACK
6
CONTINUOUS
10
63.7977999999999952
20
-159.1826399999999921
11
63.532199999999996
21
-159.1826399999999921
0
LINE
8
BLACK
6
CONTINUOUS
10
63.532199999999996
20
-159.1826399999999921
11
63.4910229999999984
21
-159.1744489999999814
0
LINE
8
BLACK
6
CONTINUOUS
10
63.4910229999999984
20
-159.1744489999999814
11
63.4561149999999969
21
-159.1511249999999791
0
LINE
8
BLACK
6
CONTINUOUS
10
63.4561149999999969
20
-159.1511249999999791
11
63.4327909999999946
21
-159.116217000000006
0
LINE
8
BLACK
6
CONTINUOUS
10
63.4327909999999946
20
-159.116217000000006
11
63.4245999999999981
21
-159.0750400000000013
0
LINE
8
BLACK
6
CONTINUOUS
10
63.4245999999999981
20
-159.0750400000000013
11
63.4245999999999981
21
-158.8598399999999913
0
LINE
8
BLACK
6
CONTINUOUS
10
63.4245999999999981
20
-158.8598399999999913
11
63.4327909999999946
21
-158.8186629999999866
0
LINE
8
BLACK
6
CONTINUOUS
10
63.4327909999999946
20
-158.8186629999999866
11
63.4561149999999969
21
-158.7837549999999851
0
LINE
8
BLACK
6
CONTINUOUS
10
63.4561149999999969
20
-158.7837549999999851
11
63.4910229999999984
21
-158.7604309999999828
0
LINE
8
BLACK
6
CONTINUOUS
10
63.4910229999999984
20
-158.7604309999999828
11
63.532199999999996
21
-158.7522400000000005
0
LINE
8
BLACK
6
CONTINUOUS
10
63.532199999999996
20
-158.7522400000000005
11
63.7977999999999952
21
-158.7522400000000005
0
LINE
8
BLACK
6
CONTINUOUS
10
63.7977999999999952
20
-158.7522400000000005
11
63.8389769999999999
21
-158.7604309999999828
0
LINE
8
BLACK
6
CONTINUOUS
10
55.3267409999999984
20
-158.1456660000000056
11
55.383109999999995
21
-158.1833299999999838
0
LINE
8
BLACK
6
CONTINUOUS
10
55.383109999999995
20
-158.1833299999999838
11
55.4207739999999944
21
-158.2396990000000017
0
LINE
8
BLACK
6
CONTINUOUS
10
55.4207739999999944
20
-158.2396990000000017
11
55.4339999999999975
21
-158.3061899999999866
0
LINE
8
BLACK
6
CONTINUOUS
10
55.4339999999999975
20
-158.3061899999999866
11
55.4339999999999975
21
-158.6536899999999832
0
LINE
8
BLACK
6
CONTINUOUS
10
55.4339999999999975
20
-158.6536899999999832
11
55.4207739999999944
21
-158.7201809999999966
0
LINE
8
BLACK
6
CONTINUOUS
10
55.4207739999999944
20
-158.7201809999999966
11
55.383109999999995
21
-158.7765499999999861
0
LINE
8
BLACK
6
CONTINUOUS
10
55.383109999999995
20
-158.7765499999999861
11
55.3267409999999984
21
-158.8142139999999927
0
LINE
8
BLACK
6
CONTINUOUS
10
55.3267409999999984
20
-158.8142139999999927
11
55.2602499999999992
21
-158.8274399999999957
0
LINE
8
BLACK
6
CONTINUOUS
10
55.2602499999999992
20
-158.8274399999999957
11
54.8497500000000002
21
-158.8274399999999957
0
LINE
8
BLACK
6
CONTINUOUS
10
54.8497500000000002
20
-158.8274399999999957
11
54.783259000000001
21
-158.8142139999999927
0
LINE
8
BLACK
6
CONTINUOUS
10
54.783259000000001
20
-158.8142139999999927
11
54.7268899999999974
21
-158.7765499999999861
0
LINE
8
BLACK
6
CONTINUOUS
10
54.7268899999999974
20
-158.7765499999999861
11
54.6892259999999979
21
-158.7201809999999966
0
LINE
8
BLACK
6
CONTINUOUS
10
54.6892259999999979
20
-158.7201809999999966
11
54.6759999999999948
21
-158.6536899999999832
0
LINE
8
BLACK
6
CONTINUOUS
10
54.6759999999999948
20
-158.6536899999999832
11
54.6759999999999948
21
-158.3061899999999866
0
LINE
8
BLACK
6
CONTINUOUS
10
54.6759999999999948
20
-158.3061899999999866
11
54.6892259999999979
21
-158.2396990000000017
0
LINE
8
BLACK
6
CONTINUOUS
10
54.6892259999999979
20
-158.2396990000000017
11
54.7268899999999974
21
-158.1833299999999838
0
LINE
8
BLACK
6
CONTINUOUS
10
54.7268899999999974
20
-158.1833299999999838
11
54.783259000000001
21
-158.1456660000000056
0
LINE
8
BLACK
6
CONTINUOUS
10
54.783259000000001
20
-158.1456660000000056
11
54.8497500000000002
21
-158.1324400000000026
0
LINE
8
BLACK
6
CONTINUOUS
10
54.8497500000000002
20
-158.1324400000000026
11
55.2602499999999992
21
-158.1324400000000026
0
LINE
8
BLACK
6
CONTINUOUS
10
55.2602499999999992
20
-158.1324400000000026
11
55.3267409999999984
21
-158.1456660000000056
0
LINE
8
BLACK
6
CONTINUOUS
10
56.7587769999999949
20
-158.3002309999999966
11
56.7936849999999964
21
-158.3235549999999989
0
LINE
8
BLACK
6
CONTINUOUS
10
56.7936849999999964
20
-158.3235549999999989
11
56.8170089999999988
21
-158.3584630000000004
0
LINE
8
BLACK
6
CONTINUOUS
10
56.8170089999999988
20
-158.3584630000000004
11
56.8251999999999953
21
-158.3996400000000051
0
LINE
8
BLACK
6
CONTINUOUS
10
56.8251999999999953
20
-158.3996400000000051
11
56.8251999999999953
21
-158.665239999999983
0
LINE
8
BLACK
6
CONTINUOUS
10
56.8251999999999953
20
-158.665239999999983
11
56.8170089999999988
21
-158.7064169999999876
0
LINE
8
BLACK
6
CONTINUOUS
10
56.8170089999999988
20
-158.7064169999999876
11
56.7936849999999964
21
-158.7413249999999891
0
LINE
8
BLACK
6
CONTINUOUS
10
56.7936849999999964
20
-158.7413249999999891
11
56.7587769999999949
21
-158.7646489999999915
0
LINE
8
BLACK
6
CONTINUOUS
10
56.7587769999999949
20
-158.7646489999999915
11
56.7175999999999974
21
-158.7728400000000022
0
LINE
8
BLACK
6
CONTINUOUS
10
56.7175999999999974
20
-158.7728400000000022
11
56.5023999999999944
21
-158.7728400000000022
0
LINE
8
BLACK
6
CONTINUOUS
10
56.5023999999999944
20
-158.7728400000000022
11
56.4612229999999968
21
-158.7646489999999915
0
LINE
8
BLACK
6
CONTINUOUS
10
56.4612229999999968
20
-158.7646489999999915
11
56.4263149999999953
21
-158.7413249999999891
0
LINE
8
BLACK
6
CONTINUOUS
10
56.4263149999999953
20
-158.7413249999999891
11
56.4029910000000001
21
-158.7064169999999876
0
LINE
8
BLACK
6
CONTINUOUS
10
56.4029910000000001
20
-158.7064169999999876
11
56.3947999999999965
21
-158.665239999999983
0
LINE
8
BLACK
6
CONTINUOUS
10
56.3947999999999965
20
-158.665239999999983
11
56.3947999999999965
21
-158.3996400000000051
0
LINE
8
BLACK
6
CONTINUOUS
10
56.3947999999999965
20
-158.3996400000000051
11
56.4029910000000001
21
-158.3584630000000004
0
LINE
8
BLACK
6
CONTINUOUS
10
56.4029910000000001
20
-158.3584630000000004
11
56.4263149999999953
21
-158.3235549999999989
0
LINE
8
BLACK
6
CONTINUOUS
10
56.4263149999999953
20
-158.3235549999999989
11
56.4612229999999968
21
-158.3002309999999966
0
LINE
8
BLACK
6
CONTINUOUS
10
56.4612229999999968
20
-158.3002309999999966
11
56.5023999999999944
21
-158.2920399999999859
0
LINE
8
BLACK
6
CONTINUOUS
10
56.5023999999999944
20
-158.2920399999999859
11
56.7175999999999974
21
-158.2920399999999859
0
LINE
8
BLACK
6
CONTINUOUS
10
56.7175999999999974
20
-158.2920399999999859
11
56.7587769999999949
21
-158.3002309999999966
0
LINE
8
BLACK
6
CONTINUOUS
10
57.7187769999999958
20
-158.3002309999999966
11
57.7536849999999973
21
-158.3235549999999989
0
LINE
8
BLACK
6
CONTINUOUS
10
57.7536849999999973
20
-158.3235549999999989
11
57.7770089999999996
21
-158.3584630000000004
0
LINE
8
BLACK
6
CONTINUOUS
10
57.7770089999999996
20
-158.3584630000000004
11
57.7851999999999961
21
-158.3996400000000051
0
LINE
8
BLACK
6
CONTINUOUS
10
57.7851999999999961
20
-158.3996400000000051
11
57.7851999999999961
21
-158.665239999999983
0
LINE
8
BLACK
6
CONTINUOUS
10
57.7851999999999961
20
-158.665239999999983
11
57.7770089999999996
21
-158.7064169999999876
0
LINE
8
BLACK
6
CONTINUOUS
10
57.7770089999999996
20
-158.7064169999999876
11
57.7536849999999973
21
-158.7413249999999891
0
LINE
8
BLACK
6
CONTINUOUS
10
57.7536849999999973
20
-158.7413249999999891
11
57.7187769999999958
21
-158.7646489999999915
0
LINE
8
BLACK
6
CONTINUOUS
10
57.7187769999999958
20
-158.7646489999999915
11
57.6775999999999982
21
-158.7728400000000022
0
LINE
8
BLACK
6
CONTINUOUS
10
57.6775999999999982
20
-158.7728400000000022
11
57.4623999999999953
21
-158.7728400000000022
0
LINE
8
BLACK
6
CONTINUOUS
10
57.4623999999999953
20
-158.7728400000000022
11
57.4212229999999977
21
-158.7646489999999915
0
LINE
8
BLACK
6
CONTINUOUS
10
57.4212229999999977
20
-158.7646489999999915
11
57.3863149999999962
21
-158.7413249999999891
0
LINE
8
BLACK
6
CONTINUOUS
10
57.3863149999999962
20
-158.7413249999999891
11
57.362991000000001
21
-158.7064169999999876
0
LINE
8
BLACK
6
CONTINUOUS
10
57.362991000000001
20
-158.7064169999999876
11
57.3547999999999973
21
-158.665239999999983
0
LINE
8
BLACK
6
CONTINUOUS
10
57.3547999999999973
20
-158.665239999999983
11
57.3547999999999973
21
-158.3996400000000051
0
LINE
8
BLACK
6
CONTINUOUS
10
57.3547999999999973
20
-158.3996400000000051
11
57.362991000000001
21
-158.3584630000000004
0
LINE
8
BLACK
6
CONTINUOUS
10
57.362991000000001
20
-158.3584630000000004
11
57.3863149999999962
21
-158.3235549999999989
0
LINE
8
BLACK
6
CONTINUOUS
10
57.3863149999999962
20
-158.3235549999999989
11
57.4212229999999977
21
-158.3002309999999966
0
LINE
8
BLACK
6
CONTINUOUS
10
57.4212229999999977
20
-158.3002309999999966
11
57.4623999999999953
21
-158.2920399999999859
0
LINE
8
BLACK
6
CONTINUOUS
10
57.4623999999999953
20
-158.2920399999999859
11
57.6775999999999982
21
-158.2920399999999859
0
LINE
8
BLACK
6
CONTINUOUS
10
57.6775999999999982
20
-158.2920399999999859
11
57.7187769999999958
21
-158.3002309999999966
0
LINE
8
BLACK
6
CONTINUOUS
10
58.513976999999997
20
-157.9954309999999964
11
58.5488849999999985
21
-158.0187549999999987
0
LINE
8
BLACK
6
CONTINUOUS
10
58.5488849999999985
20
-158.0187549999999987
11
58.5722090000000009
21
-158.0536630000000002
0
LINE
8
BLACK
6
CONTINUOUS
10
58.5722090000000009
20
-158.0536630000000002
11
58.5803999999999974
21
-158.0948400000000049
0
LINE
8
BLACK
6
CONTINUOUS
10
58.5803999999999974
20
-158.0948400000000049
11
58.5803999999999974
21
-158.3100399999999865
0
LINE
8
BLACK
6
CONTINUOUS
10
58.5803999999999974
20
-158.3100399999999865
11
58.5722090000000009
21
-158.3512169999999912
0
LINE
8
BLACK
6
CONTINUOUS
10
58.5722090000000009
20
-158.3512169999999912
11
58.5488849999999985
21
-158.3861249999999927
0
LINE
8
BLACK
6
CONTINUOUS
10
58.5488849999999985
20
-158.3861249999999927
11
58.513976999999997
21
-158.4094489999999951
0
LINE
8
BLACK
6
CONTINUOUS
10
58.513976999999997
20
-158.4094489999999951
11
58.4727999999999994
21
-158.4176400000000058
0
LINE
8
BLACK
6
CONTINUOUS
10
58.4727999999999994
20
-158.4176400000000058
11
58.2072000000000003
21
-158.4176400000000058
0
LINE
8
BLACK
6
CONTINUOUS
10
58.2072000000000003
20
-158.4176400000000058
11
58.1660229999999956
21
-158.4094489999999951
0
LINE
8
BLACK
6
CONTINUOUS
10
58.1660229999999956
20
-158.4094489999999951
11
58.1311149999999941
21
-158.3861249999999927
0
LINE
8
BLACK
6
CONTINUOUS
10
58.1311149999999941
20
-158.3861249999999927
11
58.1077909999999989
21
-158.3512169999999912
0
LINE
8
BLACK
6
CONTINUOUS
10
58.1077909999999989
20
-158.3512169999999912
11
58.0995999999999952
21
-158.3100399999999865
0
LINE
8
BLACK
6
CONTINUOUS
10
58.0995999999999952
20
-158.3100399999999865
11
58.0995999999999952
21
-158.0948400000000049
0
LINE
8
BLACK
6
CONTINUOUS
10
58.0995999999999952
20
-158.0948400000000049
11
58.1077909999999989
21
-158.0536630000000002
0
LINE
8
BLACK
6
CONTINUOUS
10
58.1077909999999989
20
-158.0536630000000002
11
58.1311149999999941
21
-158.0187549999999987
0
LINE
8
BLACK
6
CONTINUOUS
10
58.1311149999999941
20
-158.0187549999999987
11
58.1660229999999956
21
-157.9954309999999964
0
LINE
8
BLACK
6
CONTINUOUS
10
58.1660229999999956
20
-157.9954309999999964
11
58.2072000000000003
21
-157.9872399999999857
0
LINE
8
BLACK
6
CONTINUOUS
10
58.2072000000000003
20
-157.9872399999999857
11
58.4727999999999994
21
-157.9872399999999857
0
LINE
8
BLACK
6
CONTINUOUS
10
58.4727999999999994
20
-157.9872399999999857
11
58.513976999999997
21
-157.9954309999999964
0
LINE
8
BLACK
6
CONTINUOUS
10
61.6139769999999984
20
-157.8104309999999941
11
61.6488849999999999
21
-157.8337549999999965
0
LINE
8
BLACK
6
CONTINUOUS
10
61.6488849999999999
20
-157.8337549999999965
11
61.6722089999999952
21
-157.868662999999998
0
LINE
8
BLACK
6
CONTINUOUS
10
61.6722089999999952
20
-157.868662999999998
11
61.6803999999999988
21
-157.9098400000000026
0
LINE
8
BLACK
6
CONTINUOUS
10
61.6803999999999988
20
-157.9098400000000026
11
61.6803999999999988
21
-158.1250399999999843
0
LINE
8
BLACK
6
CONTINUOUS
10
61.6803999999999988
20
-158.1250399999999843
11
61.6722089999999952
21
-158.166216999999989
0
LINE
8
BLACK
6
CONTINUOUS
10
61.6722089999999952
20
-158.166216999999989
11
61.6488849999999999
21
-158.2011249999999905
0
LINE
8
BLACK
6
CONTINUOUS
10
61.6488849999999999
20
-158.2011249999999905
11
61.6139769999999984
21
-158.2244489999999928
0
LINE
8
BLACK
6
CONTINUOUS
10
61.6139769999999984
20
-158.2244489999999928
11
61.5727999999999938
21
-158.2326400000000035
0
LINE
8
BLACK
6
CONTINUOUS
10
61.5727999999999938
20
-158.2326400000000035
11
61.3071999999999946
21
-158.2326400000000035
0
LINE
8
BLACK
6
CONTINUOUS
10
61.3071999999999946
20
-158.2326400000000035
11
61.266022999999997
21
-158.2244489999999928
0
LINE
8
BLACK
6
CONTINUOUS
10
61.266022999999997
20
-158.2244489999999928
11
61.2311149999999955
21
-158.2011249999999905
0
LINE
8
BLACK
6
CONTINUOUS
10
61.2311149999999955
20
-158.2011249999999905
11
61.2077910000000003
21
-158.166216999999989
0
LINE
8
BLACK
6
CONTINUOUS
10
61.2077910000000003
20
-158.166216999999989
11
61.1995999999999967
21
-158.1250399999999843
0
LINE
8
BLACK
6
CONTINUOUS
10
61.1995999999999967
20
-158.1250399999999843
11
61.1995999999999967
21
-157.9098400000000026
0
LINE
8
BLACK
6
CONTINUOUS
10
61.1995999999999967
20
-157.9098400000000026
11
61.2077910000000003
21
-157.868662999999998
0
LINE
8
BLACK
6
CONTINUOUS
10
61.2077910000000003
20
-157.868662999999998
11
61.2311149999999955
21
-157.8337549999999965
0
LINE
8
BLACK
6
CONTINUOUS
10
61.2311149999999955
20
-157.8337549999999965
11
61.266022999999997
21
-157.8104309999999941
0
LINE
8
BLACK
6
CONTINUOUS
10
61.266022999999997
20
-157.8104309999999941
11
61.3071999999999946
21
-157.8022399999999834
0
LINE
8
BLACK
6
CONTINUOUS
10
61.3071999999999946
20
-157.8022399999999834
11
61.5727999999999938
21
-157.8022399999999834
0
LINE
8
BLACK
6
CONTINUOUS
10
61.5727999999999938
20
-157.8022399999999834
11
61.6139769999999984
21
-157.8104309999999941
0
LINE
8
BLACK
6
CONTINUOUS
10
59.3749690000000001
20
-157.8235109999999963
11
59.4085149999999942
21
-157.845924999999994
0
LINE
8
BLACK
6
CONTINUOUS
10
59.4085149999999942
20
-157.845924999999994
11
59.430928999999999
21
-157.8794709999999952
0
LINE
8
BLACK
6
CONTINUOUS
10
59.430928999999999
20
-157.8794709999999952
11
59.4388000000000005
21
-157.9190399999999954
0
LINE
8
BLACK
6
CONTINUOUS
10
59.4388000000000005
20
-157.9190399999999954
11
59.4388000000000005
21
-158.1258399999999824
0
LINE
8
BLACK
6
CONTINUOUS
10
59.4388000000000005
20
-158.1258399999999824
11
59.430928999999999
21
-158.1654089999999826
0
LINE
8
BLACK
6
CONTINUOUS
10
59.430928999999999
20
-158.1654089999999826
11
59.4085149999999942
21
-158.1989549999999838
0
LINE
8
BLACK
6
CONTINUOUS
10
59.4085149999999942
20
-158.1989549999999838
11
59.3749690000000001
21
-158.2213689999999815
0
LINE
8
BLACK
6
CONTINUOUS
10
59.3749690000000001
20
-158.2213689999999815
11
59.3353999999999999
21
-158.2292400000000043
0
LINE
8
BLACK
6
CONTINUOUS
10
59.3353999999999999
20
-158.2292400000000043
11
59.0445999999999955
21
-158.2292400000000043
0
LINE
8
BLACK
6
CONTINUOUS
10
59.0445999999999955
20
-158.2292400000000043
11
59.0050309999999953
21
-158.2213689999999815
0
LINE
8
BLACK
6
CONTINUOUS
10
59.0050309999999953
20
-158.2213689999999815
11
58.9714849999999942
21
-158.1989549999999838
0
LINE
8
BLACK
6
CONTINUOUS
10
58.9714849999999942
20
-158.1989549999999838
11
58.9490709999999964
21
-158.1654089999999826
0
LINE
8
BLACK
6
CONTINUOUS
10
58.9490709999999964
20
-158.1654089999999826
11
58.9411999999999949
21
-158.1258399999999824
0
LINE
8
BLACK
6
CONTINUOUS
10
58.9411999999999949
20
-158.1258399999999824
11
58.9411999999999949
21
-157.9190399999999954
0
LINE
8
BLACK
6
CONTINUOUS
10
58.9411999999999949
20
-157.9190399999999954
11
58.9490709999999964
21
-157.8794709999999952
0
LINE
8
BLACK
6
CONTINUOUS
10
58.9490709999999964
20
-157.8794709999999952
11
58.9714849999999942
21
-157.845924999999994
0
LINE
8
BLACK
6
CONTINUOUS
10
58.9714849999999942
20
-157.845924999999994
11
59.0050309999999953
21
-157.8235109999999963
0
LINE
8
BLACK
6
CONTINUOUS
10
59.0050309999999953
20
-157.8235109999999963
11
59.0445999999999955
21
-157.8156400000000019
0
LINE
8
BLACK
6
CONTINUOUS
10
59.0445999999999955
20
-157.8156400000000019
11
59.3353999999999999
21
-157.8156400000000019
0
LINE
8
BLACK
6
CONTINUOUS
10
59.3353999999999999
20
-157.8156400000000019
11
59.3749690000000001
21
-157.8235109999999963
0
LINE
8
BLACK
6
CONTINUOUS
10
63.1139769999999984
20
-157.8004310000000032
11
63.1488849999999999
21
-157.8237550000000056
0
LINE
8
BLACK
6
CONTINUOUS
10
63.1488849999999999
20
-157.8237550000000056
11
63.1722089999999952
21
-157.8586630000000071
0
LINE
8
BLACK
6
CONTINUOUS
10
63.1722089999999952
20
-157.8586630000000071
11
63.1803999999999988
21
-157.8998399999999833
0
LINE
8
BLACK
6
CONTINUOUS
10
63.1803999999999988
20
-157.8998399999999833
11
63.1803999999999988
21
-158.1150399999999934
0
LINE
8
BLACK
6
CONTINUOUS
10
63.1803999999999988
20
-158.1150399999999934
11
63.1722089999999952
21
-158.1562169999999981
0
LINE
8
BLACK
6
CONTINUOUS
10
63.1722089999999952
20
-158.1562169999999981
11
63.1488849999999999
21
-158.1911249999999995
0
LINE
8
BLACK
6
CONTINUOUS
10
63.1488849999999999
20
-158.1911249999999995
11
63.1139769999999984
21
-158.2144490000000019
0
LINE
8
BLACK
6
CONTINUOUS
10
63.1139769999999984
20
-158.2144490000000019
11
63.0727999999999938
21
-158.2226399999999842
0
LINE
8
BLACK
6
CONTINUOUS
10
63.0727999999999938
20
-158.2226399999999842
11
62.8071999999999946
21
-158.2226399999999842
0
LINE
8
BLACK
6
CONTINUOUS
10
62.8071999999999946
20
-158.2226399999999842
11
62.766022999999997
21
-158.2144490000000019
0
LINE
8
BLACK
6
CONTINUOUS
10
62.766022999999997
20
-158.2144490000000019
11
62.7311149999999955
21
-158.1911249999999995
0
LINE
8
BLACK
6
CONTINUOUS
10
62.7311149999999955
20
-158.1911249999999995
11
62.7077910000000003
21
-158.1562169999999981
0
LINE
8
BLACK
6
CONTINUOUS
10
62.7077910000000003
20
-158.1562169999999981
11
62.6995999999999967
21
-158.1150399999999934
0
LINE
8
BLACK
6
CONTINUOUS
10
62.6995999999999967
20
-158.1150399999999934
11
62.6995999999999967
21
-157.8998399999999833
0
LINE
8
BLACK
6
CONTINUOUS
10
62.6995999999999967
20
-157.8998399999999833
11
62.7077910000000003
21
-157.8586630000000071
0
LINE
8
BLACK
6
CONTINUOUS
10
62.7077910000000003
20
-157.8586630000000071
11
62.7311149999999955
21
-157.8237550000000056
0
LINE
8
BLACK
6
CONTINUOUS
10
62.7311149999999955
20
-157.8237550000000056
11
62.766022999999997
21
-157.8004310000000032
0
LINE
8
BLACK
6
CONTINUOUS
10
62.766022999999997
20
-157.8004310000000032
11
62.8071999999999946
21
-157.7922399999999925
0
LINE
8
BLACK
6
CONTINUOUS
10
62.8071999999999946
20
-157.7922399999999925
11
63.0727999999999938
21
-157.7922399999999925
0
LINE
8
BLACK
6
CONTINUOUS
10
63.0727999999999938
20
-157.7922399999999925
11
63.1139769999999984
21
-157.8004310000000032
0
LINE
8
BLACK
6
CONTINUOUS
10
63.8389769999999999
20
-157.8004310000000032
11
63.8738849999999942
21
-157.8237550000000056
0
LINE
8
BLACK
6
CONTINUOUS
10
63.8738849999999942
20
-157.8237550000000056
11
63.8972089999999966
21
-157.8586630000000071
0
LINE
8
BLACK
6
CONTINUOUS
10
63.8972089999999966
20
-157.8586630000000071
11
63.9054000000000002
21
-157.8998399999999833
0
LINE
8
BLACK
6
CONTINUOUS
10
63.9054000000000002
20
-157.8998399999999833
11
63.9054000000000002
21
-158.1150399999999934
0
LINE
8
BLACK
6
CONTINUOUS
10
63.9054000000000002
20
-158.1150399999999934
11
63.8972089999999966
21
-158.1562169999999981
0
LINE
8
BLACK
6
CONTINUOUS
10
63.8972089999999966
20
-158.1562169999999981
11
63.8738849999999942
21
-158.1911249999999995
0
LINE
8
BLACK
6
CONTINUOUS
10
63.8738849999999942
20
-158.1911249999999995
11
63.8389769999999999
21
-158.2144490000000019
0
LINE
8
BLACK
6
CONTINUOUS
10
63.8389769999999999
20
-158.2144490000000019
11
63.7977999999999952
21
-158.2226399999999842
0
LINE
8
BLACK
6
CONTINUOUS
10
63.7977999999999952
20
-158.2226399999999842
11
63.532199999999996
21
-158.2226399999999842
0
LINE
8
BLACK
6
CONTINUOUS
10
63.532199999999996
20
-158.2226399999999842
11
63.4910229999999984
21
-158.2144490000000019
0
LINE
8
BLACK
6
CONTINUOUS
10
63.4910229999999984
20
-158.2144490000000019
11
63.4561149999999969
21
-158.1911249999999995
0
LINE
8
BLACK
6
CONTINUOUS
10
63.4561149999999969
20
-158.1911249999999995
11
63.4327909999999946
21
-158.1562169999999981
0
LINE
8
BLACK
6
CONTINUOUS
10
63.4327909999999946
20
-158.1562169999999981
11
63.4245999999999981
21
-158.1150399999999934
0
LINE
8
BLACK
6
CONTINUOUS
10
63.4245999999999981
20
-158.1150399999999934
11
63.4245999999999981
21
-157.8998399999999833
0
LINE
8
BLACK
6
CONTINUOUS
10
63.4245999999999981
20
-157.8998399999999833
11
63.4327909999999946
21
-157.8586630000000071
0
LINE
8
BLACK
6
CONTINUOUS
10
63.4327909999999946
20
-157.8586630000000071
11
63.4561149999999969
21
-157.8237550000000056
0
LINE
8
BLACK
6
CONTINUOUS
10
63.4561149999999969
20
-157.8237550000000056
11
63.4910229999999984
21
-157.8004310000000032
0
LINE
8
BLACK
6
CONTINUOUS
10
63.4910229999999984
20
-157.8004310000000032
11
63.532199999999996
21
-157.7922399999999925
0
LINE
8
BLACK
6
CONTINUOUS
10
63.532199999999996
20
-157.7922399999999925
11
63.7977999999999952
21
-157.7922399999999925
0
LINE
8
BLACK
6
CONTINUOUS
10
63.7977999999999952
20
-157.7922399999999925
11
63.8389769999999999
21
-157.8004310000000032
0
LINE
8
BLACK
6
CONTINUOUS
10
60.8749690000000001
20
-157.8135110000000054
11
60.9085149999999942
21
-157.8359250000000031
0
LINE
8
BLACK
6
CONTINUOUS
10
60.9085149999999942
20
-157.8359250000000031
11
60.930928999999999
21
-157.8694710000000043
0
LINE
8
BLACK
6
CONTINUOUS
10
60.930928999999999
20
-157.8694710000000043
11
60.9388000000000005
21
-157.9090400000000045
0
LINE
8
BLACK
6
CONTINUOUS
10
60.9388000000000005
20
-157.9090400000000045
11
60.9388000000000005
21
-158.1158399999999915
0
LINE
8
BLACK
6
CONTINUOUS
10
60.9388000000000005
20
-158.1158399999999915
11
60.930928999999999
21
-158.1554089999999917
0
LINE
8
BLACK
6
CONTINUOUS
10
60.930928999999999
20
-158.1554089999999917
11
60.9085149999999942
21
-158.1889549999999929
0
LINE
8
BLACK
6
CONTINUOUS
10
60.9085149999999942
20
-158.1889549999999929
11
60.8749690000000001
21
-158.2113689999999906
0
LINE
8
BLACK
6
CONTINUOUS
10
60.8749690000000001
20
-158.2113689999999906
11
60.8353999999999999
21
-158.219239999999985
0
LINE
8
BLACK
6
CONTINUOUS
10
60.8353999999999999
20
-158.219239999999985
11
60.5445999999999955
21
-158.219239999999985
0
LINE
8
BLACK
6
CONTINUOUS
10
60.5445999999999955
20
-158.219239999999985
11
60.5050309999999953
21
-158.2113689999999906
0
LINE
8
BLACK
6
CONTINUOUS
10
60.5050309999999953
20
-158.2113689999999906
11
60.4714849999999942
21
-158.1889549999999929
0
LINE
8
BLACK
6
CONTINUOUS
10
60.4714849999999942
20
-158.1889549999999929
11
60.4490709999999964
21
-158.1554089999999917
0
LINE
8
BLACK
6
CONTINUOUS
10
60.4490709999999964
20
-158.1554089999999917
11
60.4411999999999949
21
-158.1158399999999915
0
LINE
8
BLACK
6
CONTINUOUS
10
60.4411999999999949
20
-158.1158399999999915
11
60.4411999999999949
21
-157.9090400000000045
0
LINE
8
BLACK
6
CONTINUOUS
10
60.4411999999999949
20
-157.9090400000000045
11
60.4490709999999964
21
-157.8694710000000043
0
LINE
8
BLACK
6
CONTINUOUS
10
60.4490709999999964
20
-157.8694710000000043
11
60.4714849999999942
21
-157.8359250000000031
0
LINE
8
BLACK
6
CONTINUOUS
10
60.4714849999999942
20
-157.8359250000000031
11
60.5050309999999953
21
-157.8135110000000054
0
LINE
8
BLACK
6
CONTINUOUS
10
60.5050309999999953
20
-157.8135110000000054
11
60.5445999999999955
21
-157.8056399999999826
0
LINE
8
BLACK
6
CONTINUOUS
10
60.5445999999999955
20
-157.8056399999999826
11
60.8353999999999999
21
-157.8056399999999826
0
LINE
8
BLACK
6
CONTINUOUS
10
60.8353999999999999
20
-157.8056399999999826
11
60.8749690000000001
21
-157.8135110000000054
0
LINE
8
BLACK
6
CONTINUOUS
10
62.3599689999999995
20
-157.8035109999999861
11
62.3935150000000007
21
-157.8259249999999838
0
LINE
8
BLACK
6
CONTINUOUS
10
62.3935150000000007
20
-157.8259249999999838
11
62.4159289999999984
21
-157.859470999999985
0
LINE
8
BLACK
6
CONTINUOUS
10
62.4159289999999984
20
-157.859470999999985
11
62.4238
21
-157.8990399999999852
0
LINE
8
BLACK
6
CONTINUOUS
10
62.4238
20
-157.8990399999999852
11
62.4238
21
-158.1058400000000006
0
LINE
8
BLACK
6
CONTINUOUS
10
62.4238
20
-158.1058400000000006
11
62.4159289999999984
21
-158.1454090000000008
0
LINE
8
BLACK
6
CONTINUOUS
10
62.4159289999999984
20
-158.1454090000000008
11
62.3935150000000007
21
-158.178955000000002
0
LINE
8
BLACK
6
CONTINUOUS
10
62.3935150000000007
20
-158.178955000000002
11
62.3599689999999995
21
-158.2013689999999997
0
LINE
8
BLACK
6
CONTINUOUS
10
62.3599689999999995
20
-158.2013689999999997
11
62.3203999999999994
21
-158.2092399999999941
0
LINE
8
BLACK
6
CONTINUOUS
10
62.3203999999999994
20
-158.2092399999999941
11
62.029599999999995
21
-158.2092399999999941
0
LINE
8
BLACK
6
CONTINUOUS
10
62.029599999999995
20
-158.2092399999999941
11
61.9900309999999948
21
-158.2013689999999997
0
LINE
8
BLACK
6
CONTINUOUS
10
61.9900309999999948
20
-158.2013689999999997
11
61.9564850000000007
21
-158.178955000000002
0
LINE
8
BLACK
6
CONTINUOUS
10
61.9564850000000007
20
-158.178955000000002
11
61.9340709999999959
21
-158.1454090000000008
0
LINE
8
BLACK
6
CONTINUOUS
10
61.9340709999999959
20
-158.1454090000000008
11
61.9261999999999944
21
-158.1058400000000006
0
LINE
8
BLACK
6
CONTINUOUS
10
61.9261999999999944
20
-158.1058400000000006
11
61.9261999999999944
21
-157.8990399999999852
0
LINE
8
BLACK
6
CONTINUOUS
10
61.9261999999999944
20
-157.8990399999999852
11
61.9340709999999959
21
-157.859470999999985
0
LINE
8
BLACK
6
CONTINUOUS
10
61.9340709999999959
20
-157.859470999999985
11
61.9564850000000007
21
-157.8259249999999838
0
LINE
8
BLACK
6
CONTINUOUS
10
61.9564850000000007
20
-157.8259249999999838
11
61.9900309999999948
21
-157.8035109999999861
0
LINE
8
BLACK
6
CONTINUOUS
10
61.9900309999999948
20
-157.8035109999999861
11
62.029599999999995
21
-157.7956399999999917
0
LINE
8
BLACK
6
CONTINUOUS
10
62.029599999999995
20
-157.7956399999999917
11
62.3203999999999994
21
-157.7956399999999917
0
LINE
8
BLACK
6
CONTINUOUS
10
62.3203999999999994
20
-157.7956399999999917
11
62.3599689999999995
21
-157.8035109999999861
0
LINE
8
BLACK
6
CONTINUOUS
10
52.4379689999999954
20
-157.4765109999999879
11
52.4715149999999966
21
-157.4989249999999856
0
LINE
8
BLACK
6
CONTINUOUS
10
52.4715149999999966
20
-157.4989249999999856
11
52.4939289999999943
21
-157.5324709999999868
0
LINE
8
BLACK
6
CONTINUOUS
10
52.4939289999999943
20
-157.5324709999999868
11
52.5017999999999958
21
-157.572039999999987
0
LINE
8
BLACK
6
CONTINUOUS
10
52.5017999999999958
20
-157.572039999999987
11
52.5017999999999958
21
-157.8628400000000056
0
LINE
8
BLACK
6
CONTINUOUS
10
52.5017999999999958
20
-157.8628400000000056
11
52.4939289999999943
21
-157.9024090000000058
0
LINE
8
BLACK
6
CONTINUOUS
10
52.4939289999999943
20
-157.9024090000000058
11
52.4715149999999966
21
-157.935955000000007
0
LINE
8
BLACK
6
CONTINUOUS
10
52.4715149999999966
20
-157.935955000000007
11
52.4379689999999954
21
-157.9583690000000047
0
LINE
8
BLACK
6
CONTINUOUS
10
52.4379689999999954
20
-157.9583690000000047
11
52.3983999999999952
21
-157.9662399999999991
0
LINE
8
BLACK
6
CONTINUOUS
10
52.3983999999999952
20
-157.9662399999999991
11
52.1916000000000011
21
-157.9662399999999991
0
LINE
8
BLACK
6
CONTINUOUS
10
52.1916000000000011
20
-157.9662399999999991
11
52.1520310000000009
21
-157.9583690000000047
0
LINE
8
BLACK
6
CONTINUOUS
10
52.1520310000000009
20
-157.9583690000000047
11
52.1184849999999997
21
-157.935955000000007
0
LINE
8
BLACK
6
CONTINUOUS
10
52.1184849999999997
20
-157.935955000000007
11
52.0960709999999949
21
-157.9024090000000058
0
LINE
8
BLACK
6
CONTINUOUS
10
52.0960709999999949
20
-157.9024090000000058
11
52.0882000000000005
21
-157.8628400000000056
0
LINE
8
BLACK
6
CONTINUOUS
10
52.0882000000000005
20
-157.8628400000000056
11
52.0882000000000005
21
-157.572039999999987
0
LINE
8
BLACK
6
CONTINUOUS
10
52.0882000000000005
20
-157.572039999999987
11
52.0960709999999949
21
-157.5324709999999868
0
LINE
8
BLACK
6
CONTINUOUS
10
52.0960709999999949
20
-157.5324709999999868
11
52.1184849999999997
21
-157.4989249999999856
0
LINE
8
BLACK
6
CONTINUOUS
10
52.1184849999999997
20
-157.4989249999999856
11
52.1520310000000009
21
-157.4765109999999879
0
LINE
8
BLACK
6
CONTINUOUS
10
52.1520310000000009
20
-157.4765109999999879
11
52.1916000000000011
21
-157.4686399999999935
0
LINE
8
BLACK
6
CONTINUOUS
10
52.1916000000000011
20
-157.4686399999999935
11
52.3983999999999952
21
-157.4686399999999935
0
LINE
8
BLACK
6
CONTINUOUS
10
52.3983999999999952
20
-157.4686399999999935
11
52.4379689999999954
21
-157.4765109999999879
0
LINE
8
BLACK
6
CONTINUOUS
10
53.4579689999999985
20
-157.4765109999999879
11
53.4915149999999997
21
-157.4989249999999856
0
LINE
8
BLACK
6
CONTINUOUS
10
53.4915149999999997
20
-157.4989249999999856
11
53.5139289999999974
21
-157.5324709999999868
0
LINE
8
BLACK
6
CONTINUOUS
10
53.5139289999999974
20
-157.5324709999999868
11
53.5217999999999989
21
-157.572039999999987
0
LINE
8
BLACK
6
CONTINUOUS
10
53.5217999999999989
20
-157.572039999999987
11
53.5217999999999989
21
-157.8628400000000056
0
LINE
8
BLACK
6
CONTINUOUS
10
53.5217999999999989
20
-157.8628400000000056
11
53.5139289999999974
21
-157.9024090000000058
0
LINE
8
BLACK
6
CONTINUOUS
10
53.5139289999999974
20
-157.9024090000000058
11
53.4915149999999997
21
-157.935955000000007
0
LINE
8
BLACK
6
CONTINUOUS
10
53.4915149999999997
20
-157.935955000000007
11
53.4579689999999985
21
-157.9583690000000047
0
LINE
8
BLACK
6
CONTINUOUS
10
53.4579689999999985
20
-157.9583690000000047
11
53.4183999999999983
21
-157.9662399999999991
0
LINE
8
BLACK
6
CONTINUOUS
10
53.4183999999999983
20
-157.9662399999999991
11
53.2115999999999971
21
-157.9662399999999991
0
LINE
8
BLACK
6
CONTINUOUS
10
53.2115999999999971
20
-157.9662399999999991
11
53.1720309999999969
21
-157.9583690000000047
0
LINE
8
BLACK
6
CONTINUOUS
10
53.1720309999999969
20
-157.9583690000000047
11
53.1384849999999958
21
-157.935955000000007
0
LINE
8
BLACK
6
CONTINUOUS
10
53.1384849999999958
20
-157.935955000000007
11
53.116070999999998
21
-157.9024090000000058
0
LINE
8
BLACK
6
CONTINUOUS
10
53.116070999999998
20
-157.9024090000000058
11
53.1081999999999965
21
-157.8628400000000056
0
LINE
8
BLACK
6
CONTINUOUS
10
53.1081999999999965
20
-157.8628400000000056
11
53.1081999999999965
21
-157.572039999999987
0
LINE
8
BLACK
6
CONTINUOUS
10
53.1081999999999965
20
-157.572039999999987
11
53.116070999999998
21
-157.5324709999999868
0
LINE
8
BLACK
6
CONTINUOUS
10
53.116070999999998
20
-157.5324709999999868
11
53.1384849999999958
21
-157.4989249999999856
0
LINE
8
BLACK
6
CONTINUOUS
10
53.1384849999999958
20
-157.4989249999999856
11
53.1720309999999969
21
-157.4765109999999879
0
LINE
8
BLACK
6
CONTINUOUS
10
53.1720309999999969
20
-157.4765109999999879
11
53.2115999999999971
21
-157.4686399999999935
0
LINE
8
BLACK
6
CONTINUOUS
10
53.2115999999999971
20
-157.4686399999999935
11
53.4183999999999983
21
-157.4686399999999935
0
LINE
8
BLACK
6
CONTINUOUS
10
53.4183999999999983
20
-157.4686399999999935
11
53.4579689999999985
21
-157.4765109999999879
0
LINE
8
BLACK
6
CONTINUOUS
10
57.120241
20
-156.9016660000000059
11
57.1766099999999966
21
-156.939329999999984
0
LINE
8
BLACK
6
CONTINUOUS
10
57.1766099999999966
20
-156.939329999999984
11
57.2142739999999961
21
-156.9956990000000019
0
LINE
8
BLACK
6
CONTINUOUS
10
57.2142739999999961
20
-156.9956990000000019
11
57.2274999999999991
21
-157.0621899999999869
0
LINE
8
BLACK
6
CONTINUOUS
10
57.2274999999999991
20
-157.0621899999999869
11
57.2274999999999991
21
-157.4726900000000001
0
LINE
8
BLACK
6
CONTINUOUS
10
57.2274999999999991
20
-157.4726900000000001
11
57.2142739999999961
21
-157.539180999999985
0
LINE
8
BLACK
6
CONTINUOUS
10
57.2142739999999961
20
-157.539180999999985
11
57.1766099999999966
21
-157.5955500000000029
0
LINE
8
BLACK
6
CONTINUOUS
10
57.1766099999999966
20
-157.5955500000000029
11
57.120241
21
-157.6332139999999811
0
LINE
8
BLACK
6
CONTINUOUS
10
57.120241
20
-157.6332139999999811
11
57.0537500000000009
21
-157.6464399999999841
0
LINE
8
BLACK
6
CONTINUOUS
10
57.0537500000000009
20
-157.6464399999999841
11
56.7062499999999972
21
-157.6464399999999841
0
LINE
8
BLACK
6
CONTINUOUS
10
56.7062499999999972
20
-157.6464399999999841
11
56.639758999999998
21
-157.6332139999999811
0
LINE
8
BLACK
6
CONTINUOUS
10
56.639758999999998
20
-157.6332139999999811
11
56.5833899999999943
21
-157.5955500000000029
0
LINE
8
BLACK
6
CONTINUOUS
10
56.5833899999999943
20
-157.5955500000000029
11
56.5457259999999948
21
-157.539180999999985
0
LINE
8
BLACK
6
CONTINUOUS
10
56.5457259999999948
20
-157.539180999999985
11
56.5324999999999989
21
-157.4726900000000001
0
LINE
8
BLACK
6
CONTINUOUS
10
56.5324999999999989
20
-157.4726900000000001
11
56.5324999999999989
21
-157.0621899999999869
0
LINE
8
BLACK
6
CONTINUOUS
10
56.5324999999999989
20
-157.0621899999999869
11
56.5457259999999948
21
-156.9956990000000019
0
LINE
8
BLACK
6
CONTINUOUS
10
56.5457259999999948
20
-156.9956990000000019
11
56.5833899999999943
21
-156.939329999999984
0
LINE
8
BLACK
6
CONTINUOUS
10
56.5833899999999943
20
-156.939329999999984
11
56.639758999999998
21
-156.9016660000000059
0
LINE
8
BLACK
6
CONTINUOUS
10
56.639758999999998
20
-156.9016660000000059
11
56.7062499999999972
21
-156.8884400000000028
0
LINE
8
BLACK
6
CONTINUOUS
10
56.7062499999999972
20
-156.8884400000000028
11
57.0537500000000009
21
-156.8884400000000028
0
LINE
8
BLACK
6
CONTINUOUS
10
57.0537500000000009
20
-156.8884400000000028
11
57.120241
21
-156.9016660000000059
0
LINE
8
BLACK
6
CONTINUOUS
10
58.6952409999999958
20
-156.9016660000000059
11
58.7516099999999994
21
-156.939329999999984
0
LINE
8
BLACK
6
CONTINUOUS
10
58.7516099999999994
20
-156.939329999999984
11
58.7892739999999989
21
-156.9956990000000019
0
LINE
8
BLACK
6
CONTINUOUS
10
58.7892739999999989
20
-156.9956990000000019
11
58.8024999999999949
21
-157.0621899999999869
0
LINE
8
BLACK
6
CONTINUOUS
10
58.8024999999999949
20
-157.0621899999999869
11
58.8024999999999949
21
-157.4726900000000001
0
LINE
8
BLACK
6
CONTINUOUS
10
58.8024999999999949
20
-157.4726900000000001
11
58.7892739999999989
21
-157.539180999999985
0
LINE
8
BLACK
6
CONTINUOUS
10
58.7892739999999989
20
-157.539180999999985
11
58.7516099999999994
21
-157.5955500000000029
0
LINE
8
BLACK
6
CONTINUOUS
10
58.7516099999999994
20
-157.5955500000000029
11
58.6952409999999958
21
-157.6332139999999811
0
LINE
8
BLACK
6
CONTINUOUS
10
58.6952409999999958
20
-157.6332139999999811
11
58.6287499999999966
21
-157.6464399999999841
0
LINE
8
BLACK
6
CONTINUOUS
10
58.6287499999999966
20
-157.6464399999999841
11
58.28125
21
-157.6464399999999841
0
LINE
8
BLACK
6
CONTINUOUS
10
58.28125
20
-157.6464399999999841
11
58.2147590000000008
21
-157.6332139999999811
0
LINE
8
BLACK
6
CONTINUOUS
10
58.2147590000000008
20
-157.6332139999999811
11
58.1583899999999971
21
-157.5955500000000029
0
LINE
8
BLACK
6
CONTINUOUS
10
58.1583899999999971
20
-157.5955500000000029
11
58.1207259999999977
21
-157.539180999999985
0
LINE
8
BLACK
6
CONTINUOUS
10
58.1207259999999977
20
-157.539180999999985
11
58.1074999999999946
21
-157.4726900000000001
0
LINE
8
BLACK
6
CONTINUOUS
10
58.1074999999999946
20
-157.4726900000000001
11
58.1074999999999946
21
-157.0621899999999869
0
LINE
8
BLACK
6
CONTINUOUS
10
58.1074999999999946
20
-157.0621899999999869
11
58.1207259999999977
21
-156.9956990000000019
0
LINE
8
BLACK
6
CONTINUOUS
10
58.1207259999999977
20
-156.9956990000000019
11
58.1583899999999971
21
-156.939329999999984
0
LINE
8
BLACK
6
CONTINUOUS
10
58.1583899999999971
20
-156.939329999999984
11
58.2147590000000008
21
-156.9016660000000059
0
LINE
8
BLACK
6
CONTINUOUS
10
58.2147590000000008
20
-156.9016660000000059
11
58.28125
21
-156.8884400000000028
0
LINE
8
BLACK
6
CONTINUOUS
10
58.28125
20
-156.8884400000000028
11
58.6287499999999966
21
-156.8884400000000028
0
LINE
8
BLACK
6
CONTINUOUS
10
58.6287499999999966
20
-156.8884400000000028
11
58.6952409999999958
21
-156.9016660000000059
0
LINE
8
BLACK
6
CONTINUOUS
10
47.0908889999999971
20
-150.1145539999999983
11
46.9480439999999959
21
-150.4208869999999933
0
LINE
8
BLACK
6
CONTINUOUS
10
46.9480439999999959
20
-150.4208869999999933
11
46.6417110000000008
21
-150.2780419999999992
0
LINE
8
BLACK
6
CONTINUOUS
10
46.6417110000000008
20
-150.2780419999999992
11
46.7845559999999949
21
-149.9717090000000042
0
LINE
8
BLACK
6
CONTINUOUS
10
46.7845559999999949
20
-149.9717090000000042
11
47.0908889999999971
21
-150.1145539999999983
0
LINE
8
BLACK
6
CONTINUOUS
10
82.4779699999999991
20
-150.1791819999999973
11
82.1716369999999898
21
-150.3220269999999914
0
LINE
8
BLACK
6
CONTINUOUS
10
82.1716369999999898
20
-150.3220269999999914
11
82.0287919999999957
21
-150.0156939999999963
0
LINE
8
BLACK
6
CONTINUOUS
10
82.0287919999999957
20
-150.0156939999999963
11
82.3351249999999908
21
-149.8728490000000022
0
LINE
8
BLACK
6
CONTINUOUS
10
82.3351249999999908
20
-149.8728490000000022
11
82.4779699999999991
21
-150.1791819999999973
0
LINE
8
BLACK
6
CONTINUOUS
10
46.3295899999999961
20
-149.759555000000006
11
46.1867449999999948
21
-150.0658880000000011
0
LINE
8
BLACK
6
CONTINUOUS
10
46.1867449999999948
20
-150.0658880000000011
11
45.8804119999999998
21
-149.9230430000000069
0
LINE
8
BLACK
6
CONTINUOUS
10
45.8804119999999998
20
-149.9230430000000069
11
46.023257000000001
21
-149.6167099999999834
0
LINE
8
BLACK
6
CONTINUOUS
10
46.023257000000001
20
-149.6167099999999834
11
46.3295899999999961
21
-149.759555000000006
0
LINE
8
BLACK
6
CONTINUOUS
10
83.2392679999999956
20
-149.8241819999999791
11
82.9329350000000005
21
-149.9670270000000016
0
LINE
8
BLACK
6
CONTINUOUS
10
82.9329350000000005
20
-149.9670270000000016
11
82.7900899999999922
21
-149.6606940000000066
0
LINE
8
BLACK
6
CONTINUOUS
10
82.7900899999999922
20
-149.6606940000000066
11
83.0964230000000015
21
-149.517848999999984
0
LINE
8
BLACK
6
CONTINUOUS
10
83.0964230000000015
20
-149.517848999999984
11
83.2392679999999956
21
-149.8241819999999791
0
LINE
8
BLACK
6
CONTINUOUS
10
47.4458879999999965
20
-149.3532549999999901
11
47.3030429999999953
21
-149.6595879999999852
0
LINE
8
BLACK
6
CONTINUOUS
10
47.3030429999999953
20
-149.6595879999999852
11
46.9967100000000002
21
-149.5167429999999911
0
LINE
8
BLACK
6
CONTINUOUS
10
46.9967100000000002
20
-149.5167429999999911
11
47.1395549999999943
21
-149.210409999999996
0
LINE
8
BLACK
6
CONTINUOUS
10
47.1395549999999943
20
-149.210409999999996
11
47.4458879999999965
21
-149.3532549999999901
0
LINE
8
BLACK
6
CONTINUOUS
10
82.1229699999999951
20
-149.4178839999999866
11
81.8166370000000001
21
-149.5607289999999807
0
LINE
8
BLACK
6
CONTINUOUS
10
81.8166370000000001
20
-149.5607289999999807
11
81.6737919999999917
21
-149.2543959999999856
0
LINE
8
BLACK
6
CONTINUOUS
10
81.6737919999999917
20
-149.2543959999999856
11
81.980125000000001
21
-149.1115509999999915
0
LINE
8
BLACK
6
CONTINUOUS
10
81.980125000000001
20
-149.1115509999999915
11
82.1229699999999951
21
-149.4178839999999866
0
LINE
8
BLACK
6
CONTINUOUS
10
46.6845889999999955
20
-148.9982559999999978
11
46.5417440000000013
21
-149.3045889999999929
0
LINE
8
BLACK
6
CONTINUOUS
10
46.5417440000000013
20
-149.3045889999999929
11
46.2354109999999991
21
-149.1617439999999988
0
LINE
8
BLACK
6
CONTINUOUS
10
46.2354109999999991
20
-149.1617439999999988
11
46.3782560000000004
21
-148.8554110000000037
0
LINE
8
BLACK
6
CONTINUOUS
10
46.3782560000000004
20
-148.8554110000000037
11
46.6845889999999955
21
-148.9982559999999978
0
LINE
8
BLACK
6
CONTINUOUS
10
82.8842679999999916
20
-149.0628839999999968
11
82.5779349999999965
21
-149.2057289999999909
0
LINE
8
BLACK
6
CONTINUOUS
10
82.5779349999999965
20
-149.2057289999999909
11
82.4350900000000024
21
-148.8993959999999959
0
LINE
8
BLACK
6
CONTINUOUS
10
82.4350900000000024
20
-148.8993959999999959
11
82.7414229999999975
21
-148.7565510000000017
0
LINE
8
BLACK
6
CONTINUOUS
10
82.7414229999999975
20
-148.7565510000000017
11
82.8842679999999916
21
-149.0628839999999968
0
LINE
8
BLACK
6
CONTINUOUS
10
49.0232899999999958
20
-148.0167429999999911
11
48.7169570000000007
21
-148.1595879999999852
0
LINE
8
BLACK
6
CONTINUOUS
10
48.7169570000000007
20
-148.1595879999999852
11
48.5741119999999995
21
-147.8532549999999901
0
LINE
8
BLACK
6
CONTINUOUS
10
48.5741119999999995
20
-147.8532549999999901
11
48.8804449999999946
21
-147.710409999999996
0
LINE
8
BLACK
6
CONTINUOUS
10
48.8804449999999946
20
-147.710409999999996
11
49.0232899999999958
21
-148.0167429999999911
0
LINE
8
BLACK
6
CONTINUOUS
10
80.5599569999999972
20
-147.6810689999999795
11
80.417112000000003
21
-147.987402000000003
0
LINE
8
BLACK
6
CONTINUOUS
10
80.417112000000003
20
-147.987402000000003
11
80.1107789999999937
21
-147.8445569999999805
0
LINE
8
BLACK
6
CONTINUOUS
10
80.1107789999999937
20
-147.8445569999999805
11
80.2536240000000021
21
-147.5382239999999854
0
LINE
8
BLACK
6
CONTINUOUS
10
80.2536240000000021
20
-147.5382239999999854
11
80.5599569999999972
21
-147.6810689999999795
0
LINE
8
BLACK
6
CONTINUOUS
10
49.7845889999999969
20
-147.6617439999999988
11
49.4782559999999947
21
-147.8045889999999929
0
LINE
8
BLACK
6
CONTINUOUS
10
49.4782559999999947
20
-147.8045889999999929
11
49.3354110000000006
21
-147.4982559999999978
0
LINE
8
BLACK
6
CONTINUOUS
10
49.3354110000000006
20
-147.4982559999999978
11
49.6417439999999957
21
-147.3554110000000037
0
LINE
8
BLACK
6
CONTINUOUS
10
49.6417439999999957
20
-147.3554110000000037
11
49.7845889999999969
21
-147.6617439999999988
0
LINE
8
BLACK
6
CONTINUOUS
10
79.7986590000000007
20
-147.3260689999999897
11
79.6558139999999923
21
-147.6324019999999848
0
LINE
8
BLACK
6
CONTINUOUS
10
79.6558139999999923
20
-147.6324019999999848
11
79.3494809999999973
21
-147.4895569999999907
0
LINE
8
BLACK
6
CONTINUOUS
10
79.3494809999999973
20
-147.4895569999999907
11
79.4923259999999914
21
-147.1832239999999956
0
LINE
8
BLACK
6
CONTINUOUS
10
79.4923259999999914
20
-147.1832239999999956
11
79.7986590000000007
21
-147.3260689999999897
0
LINE
8
BLACK
6
CONTINUOUS
10
48.6682909999999964
20
-147.2554439999999829
11
48.3619580000000013
21
-147.3982890000000054
0
LINE
8
BLACK
6
CONTINUOUS
10
48.3619580000000013
20
-147.3982890000000054
11
48.2191130000000001
21
-147.0919559999999819
0
LINE
8
BLACK
6
CONTINUOUS
10
48.2191130000000001
20
-147.0919559999999819
11
48.5254459999999952
21
-146.9491109999999878
0
LINE
8
BLACK
6
CONTINUOUS
10
48.5254459999999952
20
-146.9491109999999878
11
48.6682909999999964
21
-147.2554439999999829
0
LINE
8
BLACK
6
CONTINUOUS
10
80.9149570000000011
20
-146.9197709999999972
11
80.7721119999999928
21
-147.2261039999999923
0
LINE
8
BLACK
6
CONTINUOUS
10
80.7721119999999928
20
-147.2261039999999923
11
80.4657789999999977
21
-147.0832589999999982
0
LINE
8
BLACK
6
CONTINUOUS
10
80.4657789999999977
20
-147.0832589999999982
11
80.6086239999999918
21
-146.7769260000000031
0
LINE
8
BLACK
6
CONTINUOUS
10
80.6086239999999918
20
-146.7769260000000031
11
80.9149570000000011
21
-146.9197709999999972
0
LINE
8
BLACK
6
CONTINUOUS
10
49.4295899999999975
20
-146.9004449999999906
11
49.1232569999999953
21
-147.0432899999999847
0
LINE
8
BLACK
6
CONTINUOUS
10
49.1232569999999953
20
-147.0432899999999847
11
48.9804120000000012
21
-146.7369569999999896
0
LINE
8
BLACK
6
CONTINUOUS
10
48.9804120000000012
20
-146.7369569999999896
11
49.2867449999999963
21
-146.5941119999999955
0
LINE
8
BLACK
6
CONTINUOUS
10
49.2867449999999963
20
-146.5941119999999955
11
49.4295899999999975
21
-146.9004449999999906
0
LINE
8
BLACK
6
CONTINUOUS
10
80.1536589999999904
20
-146.5647710000000075
11
80.0108139999999963
21
-146.8711040000000025
0
LINE
8
BLACK
6
CONTINUOUS
10
80.0108139999999963
20
-146.8711040000000025
11
79.7044810000000012
21
-146.72825899999998
0
LINE
8
BLACK
6
CONTINUOUS
10
79.7044810000000012
20
-146.72825899999998
11
79.8473259999999954
21
-146.4219259999999849
0
LINE
8
BLACK
6
CONTINUOUS
10
79.8473259999999954
20
-146.4219259999999849
11
80.1536589999999904
21
-146.5647710000000075
  0
ENDSEC
  0
EOF
