  0
SECTION
  2
HEADER
  9
$ANGBASE
  50
0.0
  9
$ANGDIR
  70
1
  9
$MEASUREMENT
  70
1
  0
ENDSEC
  0
SECTION
  2
TABLES
  0
TABLE
  2
LTYPE
  70
4
  0
LTYPE
  5
40F
  2
CONTINUOUS
  70
0
  3
Solid line
  72
65
  73
0
  40
0.0
  0
LTYPE
  5
410
  2
DASHDOT
 70
0
  3
Dash Dot ____ _ ____ _
 72
65
 73
4
 40
2.0
 49
1.25
 49
-0.25
 49
0.25
 49
-0.25
  0
LTYPE
  5
411
  2
DASHED
 70
0
  3
Dashed __ __ __ __ __
 72
65
 73
2
 40
0.75
 49
0.5
 49
-0.25
  0
LTYPE
  5
43B
  2
DOTTED
 70
0
  3
Dotted .  .  .  .
 72
65
 73
2
 40
0.2
 49
0.0
 49
-0.2
  0
ENDTAB
  0
TABLE
  2
STYLE
  70
4
  0
STYLE
  2
KICAD
  70
0
  40
0
  41
1
  42
1
  50
0
  71
0
  3
isocp.shx
  0
STYLE
  2
KICADB
  70
0
  40
0
  41
1
  42
1
  50
0
  71
0
  3
isocp.shx
  0
STYLE
  2
KICADI
  70
0
  40
0
  41
1
  42
1
  50
15
  71
0
  3
isocp.shx
  0
STYLE
  2
KICADBI
  70
0
  40
0
  41
1
  42
1
  50
15
  71
0
  3
isocp.shx
  0
ENDTAB
  0
TABLE
  2
LAYER
  70
1
  0
LAYER
  2
BLACK
  70
0
  62
7
  6
CONTINUOUS
  0
ENDTAB
  0
ENDSEC
  0
SECTION
  2
ENTITIES
0
LINE
8
BLACK
6
CONTINUOUS
10
49.3558479999999946
20
-183.5347819999999786
11
49.2130030000000005
21
-183.8411150000000021
0
LINE
8
BLACK
6
CONTINUOUS
10
49.2130030000000005
20
-183.8411150000000021
11
48.9066699999999983
21
-183.6982699999999795
0
LINE
8
BLACK
6
CONTINUOUS
10
48.9066699999999983
20
-183.6982699999999795
11
49.0495149999999995
21
-183.3919369999999844
0
LINE
8
BLACK
6
CONTINUOUS
10
49.0495149999999995
20
-183.3919369999999844
11
49.3558479999999946
21
-183.5347819999999786
0
LINE
8
BLACK
6
CONTINUOUS
10
80.0032909999999902
20
-183.5703969999999856
11
79.6969579999999951
21
-183.7132419999999797
0
LINE
8
BLACK
6
CONTINUOUS
10
79.6969579999999951
20
-183.7132419999999797
11
79.554113000000001
21
-183.4069089999999846
0
LINE
8
BLACK
6
CONTINUOUS
10
79.554113000000001
20
-183.4069089999999846
11
79.860445999999996
21
-183.2640639999999905
0
LINE
8
BLACK
6
CONTINUOUS
10
79.860445999999996
20
-183.2640639999999905
11
80.0032909999999902
21
-183.5703969999999856
0
LINE
8
BLACK
6
CONTINUOUS
10
78.9195119999999974
20
-183.1584210000000041
11
78.9579399999999936
21
-183.175329000000005
0
LINE
8
BLACK
6
CONTINUOUS
10
78.9579399999999936
20
-183.175329000000005
11
79.1342219999999941
21
-183.2987629999999797
0
LINE
8
BLACK
6
CONTINUOUS
10
79.1342219999999941
20
-183.2987629999999797
11
79.1632539999999949
21
-183.3290910000000054
0
LINE
8
BLACK
6
CONTINUOUS
10
79.1632539999999949
20
-183.3290910000000054
11
79.1784699999999901
21
-183.3682189999999821
0
LINE
8
BLACK
6
CONTINUOUS
10
79.1784699999999901
20
-183.3682189999999821
11
79.1775540000000007
21
-183.410191999999995
0
LINE
8
BLACK
6
CONTINUOUS
10
79.1775540000000007
20
-183.410191999999995
11
79.1606450000000024
21
-183.4486200000000053
0
LINE
8
BLACK
6
CONTINUOUS
10
79.1606450000000024
20
-183.4486200000000053
11
79.0083039999999954
21
-183.6661869999999794
0
LINE
8
BLACK
6
CONTINUOUS
10
79.0083039999999954
20
-183.6661869999999794
11
78.9779759999999982
21
-183.6952189999999803
0
LINE
8
BLACK
6
CONTINUOUS
10
78.9779759999999982
20
-183.6952189999999803
11
78.9388469999999955
21
-183.7104359999999872
0
LINE
8
BLACK
6
CONTINUOUS
10
78.9388469999999955
20
-183.7104359999999872
11
78.8968739999999968
21
-183.7095190000000002
0
LINE
8
BLACK
6
CONTINUOUS
10
78.8968739999999968
20
-183.7095190000000002
11
78.8584460000000007
21
-183.6926109999999994
0
LINE
8
BLACK
6
CONTINUOUS
10
78.8584460000000007
20
-183.6926109999999994
11
78.6821640000000002
21
-183.5691769999999963
0
LINE
8
BLACK
6
CONTINUOUS
10
78.6821640000000002
20
-183.5691769999999963
11
78.6531319999999994
21
-183.538848999999999
0
LINE
8
BLACK
6
CONTINUOUS
10
78.6531319999999994
20
-183.538848999999999
11
78.6379159999999899
21
-183.4997209999999939
0
LINE
8
BLACK
6
CONTINUOUS
10
78.6379159999999899
20
-183.4997209999999939
11
78.6388319999999936
21
-183.4577479999999809
0
LINE
8
BLACK
6
CONTINUOUS
10
78.6388319999999936
20
-183.4577479999999809
11
78.6557409999999919
21
-183.419319999999999
0
LINE
8
BLACK
6
CONTINUOUS
10
78.6557409999999919
20
-183.419319999999999
11
78.8080819999999989
21
-183.2017529999999965
0
LINE
8
BLACK
6
CONTINUOUS
10
78.8080819999999989
20
-183.2017529999999965
11
78.8384099999999961
21
-183.1727209999999957
0
LINE
8
BLACK
6
CONTINUOUS
10
78.8384099999999961
20
-183.1727209999999957
11
78.8775389999999987
21
-183.1575039999999888
0
LINE
8
BLACK
6
CONTINUOUS
10
78.8775389999999987
20
-183.1575039999999888
11
78.9195119999999974
21
-183.1584210000000041
0
LINE
8
BLACK
6
CONTINUOUS
10
48.5945499999999981
20
-183.1797819999999888
11
48.4517049999999969
21
-183.4861149999999839
0
LINE
8
BLACK
6
CONTINUOUS
10
48.4517049999999969
20
-183.4861149999999839
11
48.1453719999999947
21
-183.3432699999999897
0
LINE
8
BLACK
6
CONTINUOUS
10
48.1453719999999947
20
-183.3432699999999897
11
48.2882169999999959
21
-183.0369369999999947
0
LINE
8
BLACK
6
CONTINUOUS
10
48.2882169999999959
20
-183.0369369999999947
11
48.5945499999999981
21
-183.1797819999999888
0
LINE
8
BLACK
6
CONTINUOUS
10
50.6065899999999971
20
-182.8640680000000032
11
50.6369179999999943
21
-182.893100000000004
0
LINE
8
BLACK
6
CONTINUOUS
10
50.6369179999999943
20
-182.893100000000004
11
50.7892589999999942
21
-183.1106669999999781
0
LINE
8
BLACK
6
CONTINUOUS
10
50.7892589999999942
20
-183.1106669999999781
11
50.8061679999999996
21
-183.1490949999999884
0
LINE
8
BLACK
6
CONTINUOUS
10
50.8061679999999996
20
-183.1490949999999884
11
50.8070839999999961
21
-183.1910680000000013
0
LINE
8
BLACK
6
CONTINUOUS
10
50.8070839999999961
20
-183.1910680000000013
11
50.7918680000000009
21
-183.2301959999999781
0
LINE
8
BLACK
6
CONTINUOUS
10
50.7918680000000009
20
-183.2301959999999781
11
50.7628360000000001
21
-183.2605240000000038
0
LINE
8
BLACK
6
CONTINUOUS
10
50.7628360000000001
20
-183.2605240000000038
11
50.5865539999999996
21
-183.3839579999999785
0
LINE
8
BLACK
6
CONTINUOUS
10
50.5865539999999996
20
-183.3839579999999785
11
50.5481259999999963
21
-183.4008659999999793
0
LINE
8
BLACK
6
CONTINUOUS
10
50.5481259999999963
20
-183.4008659999999793
11
50.5061529999999976
21
-183.4017829999999947
0
LINE
8
BLACK
6
CONTINUOUS
10
50.5061529999999976
20
-183.4017829999999947
11
50.467023999999995
21
-183.3865659999999878
0
LINE
8
BLACK
6
CONTINUOUS
10
50.467023999999995
20
-183.3865659999999878
11
50.4366959999999978
21
-183.3575339999999869
0
LINE
8
BLACK
6
CONTINUOUS
10
50.4366959999999978
20
-183.3575339999999869
11
50.2843549999999979
21
-183.1399669999999844
0
LINE
8
BLACK
6
CONTINUOUS
10
50.2843549999999979
20
-183.1399669999999844
11
50.2674459999999996
21
-183.1015390000000025
0
LINE
8
BLACK
6
CONTINUOUS
10
50.2674459999999996
20
-183.1015390000000025
11
50.2665299999999959
21
-183.0595659999999896
0
LINE
8
BLACK
6
CONTINUOUS
10
50.2665299999999959
20
-183.0595659999999896
11
50.2817459999999983
21
-183.0204379999999844
0
LINE
8
BLACK
6
CONTINUOUS
10
50.2817459999999983
20
-183.0204379999999844
11
50.3107779999999991
21
-182.9901099999999872
0
LINE
8
BLACK
6
CONTINUOUS
10
50.3107779999999991
20
-182.9901099999999872
11
50.4870599999999996
21
-182.866675999999984
0
LINE
8
BLACK
6
CONTINUOUS
10
50.4870599999999996
20
-182.866675999999984
11
50.5254879999999957
21
-182.8497679999999832
0
LINE
8
BLACK
6
CONTINUOUS
10
50.5254879999999957
20
-182.8497679999999832
11
50.5674609999999944
21
-182.8488509999999962
0
LINE
8
BLACK
6
CONTINUOUS
10
50.5674609999999944
20
-182.8488509999999962
11
50.6065899999999971
21
-182.8640680000000032
0
LINE
8
BLACK
6
CONTINUOUS
10
80.7645890000000009
20
-183.2153969999999958
11
80.4582559999999916
21
-183.35824199999999
0
LINE
8
BLACK
6
CONTINUOUS
10
80.4582559999999916
20
-183.35824199999999
11
80.3154109999999974
21
-183.0519089999999949
0
LINE
8
BLACK
6
CONTINUOUS
10
80.3154109999999974
20
-183.0519089999999949
11
80.6217439999999925
21
-182.9090640000000008
0
LINE
8
BLACK
6
CONTINUOUS
10
80.6217439999999925
20
-182.9090640000000008
11
80.7645890000000009
21
-183.2153969999999958
0
LINE
8
BLACK
6
CONTINUOUS
10
62.3200000000000003
20
-183.3274999999999864
11
61.0999999999999943
21
-183.3274999999999864
0
LINE
8
BLACK
6
CONTINUOUS
10
61.0999999999999943
20
-183.3274999999999864
11
61.0999999999999943
21
-181.6875
0
LINE
8
BLACK
6
CONTINUOUS
10
61.0999999999999943
20
-181.6875
11
62.3200000000000003
21
-181.6875
0
LINE
8
BLACK
6
CONTINUOUS
10
62.3200000000000003
20
-181.6875
11
62.3200000000000003
21
-183.3274999999999864
0
LINE
8
BLACK
6
CONTINUOUS
10
69.9200000000000017
20
-183.3274999999999864
11
68.7000000000000028
21
-183.3274999999999864
0
LINE
8
BLACK
6
CONTINUOUS
10
68.7000000000000028
20
-183.3274999999999864
11
68.7000000000000028
21
-181.6875
0
LINE
8
BLACK
6
CONTINUOUS
10
68.7000000000000028
20
-181.6875
11
69.9200000000000017
21
-181.6875
0
LINE
8
BLACK
6
CONTINUOUS
10
69.9200000000000017
20
-181.6875
11
69.9200000000000017
21
-183.3274999999999864
0
LINE
8
BLACK
6
CONTINUOUS
10
78.1331259999999901
20
-182.6077870000000019
11
78.1715540000000004
21
-182.6246950000000027
0
LINE
8
BLACK
6
CONTINUOUS
10
78.1715540000000004
20
-182.6246950000000027
11
78.3478360000000009
21
-182.7481290000000058
0
LINE
8
BLACK
6
CONTINUOUS
10
78.3478360000000009
20
-182.7481290000000058
11
78.3768680000000018
21
-182.7784570000000031
0
LINE
8
BLACK
6
CONTINUOUS
10
78.3768680000000018
20
-182.7784570000000031
11
78.392083999999997
21
-182.8175849999999798
0
LINE
8
BLACK
6
CONTINUOUS
10
78.392083999999997
20
-182.8175849999999798
11
78.3911679999999933
21
-182.8595579999999927
0
LINE
8
BLACK
6
CONTINUOUS
10
78.3911679999999933
20
-182.8595579999999927
11
78.374258999999995
21
-182.8979860000000031
0
LINE
8
BLACK
6
CONTINUOUS
10
78.374258999999995
20
-182.8979860000000031
11
78.2219180000000023
21
-183.1155530000000056
0
LINE
8
BLACK
6
CONTINUOUS
10
78.2219180000000023
20
-183.1155530000000056
11
78.1915899999999908
21
-183.144584999999978
0
LINE
8
BLACK
6
CONTINUOUS
10
78.1915899999999908
20
-183.144584999999978
11
78.1524610000000024
21
-183.1598019999999849
0
LINE
8
BLACK
6
CONTINUOUS
10
78.1524610000000024
20
-183.1598019999999849
11
78.1104879999999895
21
-183.1588849999999979
0
LINE
8
BLACK
6
CONTINUOUS
10
78.1104879999999895
20
-183.1588849999999979
11
78.0720599999999934
21
-183.1419769999999971
0
LINE
8
BLACK
6
CONTINUOUS
10
78.0720599999999934
20
-183.1419769999999971
11
77.8957779999999929
21
-183.018542999999994
0
LINE
8
BLACK
6
CONTINUOUS
10
77.8957779999999929
20
-183.018542999999994
11
77.866745999999992
21
-182.9882149999999967
0
LINE
8
BLACK
6
CONTINUOUS
10
77.866745999999992
20
-182.9882149999999967
11
77.8515299999999968
21
-182.9490869999999916
0
LINE
8
BLACK
6
CONTINUOUS
10
77.8515299999999968
20
-182.9490869999999916
11
77.8524460000000005
21
-182.9071139999999787
0
LINE
8
BLACK
6
CONTINUOUS
10
77.8524460000000005
20
-182.9071139999999787
11
77.8693549999999988
21
-182.8686859999999967
0
LINE
8
BLACK
6
CONTINUOUS
10
77.8693549999999988
20
-182.8686859999999967
11
78.0216959999999915
21
-182.6511189999999942
0
LINE
8
BLACK
6
CONTINUOUS
10
78.0216959999999915
20
-182.6511189999999942
11
78.052024000000003
21
-182.6220869999999934
0
LINE
8
BLACK
6
CONTINUOUS
10
78.052024000000003
20
-182.6220869999999934
11
78.0911529999999914
21
-182.6068699999999865
0
LINE
8
BLACK
6
CONTINUOUS
10
78.0911529999999914
20
-182.6068699999999865
11
78.1331259999999901
21
-182.6077870000000019
0
LINE
8
BLACK
6
CONTINUOUS
10
51.3929759999999973
20
-182.3134340000000009
11
51.4233039999999946
21
-182.3424660000000017
0
LINE
8
BLACK
6
CONTINUOUS
10
51.4233039999999946
20
-182.3424660000000017
11
51.5756449999999944
21
-182.5600330000000042
0
LINE
8
BLACK
6
CONTINUOUS
10
51.5756449999999944
20
-182.5600330000000042
11
51.5925539999999998
21
-182.5984609999999861
0
LINE
8
BLACK
6
CONTINUOUS
10
51.5925539999999998
20
-182.5984609999999861
11
51.5934699999999964
21
-182.6404339999999991
0
LINE
8
BLACK
6
CONTINUOUS
10
51.5934699999999964
20
-182.6404339999999991
11
51.5782540000000012
21
-182.6795620000000042
0
LINE
8
BLACK
6
CONTINUOUS
10
51.5782540000000012
20
-182.6795620000000042
11
51.5492220000000003
21
-182.7098900000000015
0
LINE
8
BLACK
6
CONTINUOUS
10
51.5492220000000003
20
-182.7098900000000015
11
51.3729399999999998
21
-182.8333240000000046
0
LINE
8
BLACK
6
CONTINUOUS
10
51.3729399999999998
20
-182.8333240000000046
11
51.3345119999999966
21
-182.8502320000000054
0
LINE
8
BLACK
6
CONTINUOUS
10
51.3345119999999966
20
-182.8502320000000054
11
51.2925389999999979
21
-182.8511489999999924
0
LINE
8
BLACK
6
CONTINUOUS
10
51.2925389999999979
20
-182.8511489999999924
11
51.2534099999999953
21
-182.8359319999999855
0
LINE
8
BLACK
6
CONTINUOUS
10
51.2534099999999953
20
-182.8359319999999855
11
51.223081999999998
21
-182.8068999999999846
0
LINE
8
BLACK
6
CONTINUOUS
10
51.223081999999998
20
-182.8068999999999846
11
51.0707409999999982
21
-182.5893329999999821
0
LINE
8
BLACK
6
CONTINUOUS
10
51.0707409999999982
20
-182.5893329999999821
11
51.0538319999999999
21
-182.5509050000000002
0
LINE
8
BLACK
6
CONTINUOUS
10
51.0538319999999999
20
-182.5509050000000002
11
51.0529159999999962
21
-182.5089319999999873
0
LINE
8
BLACK
6
CONTINUOUS
10
51.0529159999999962
20
-182.5089319999999873
11
51.0681319999999985
21
-182.4698039999999821
0
LINE
8
BLACK
6
CONTINUOUS
10
51.0681319999999985
20
-182.4698039999999821
11
51.0971639999999994
21
-182.4394759999999849
0
LINE
8
BLACK
6
CONTINUOUS
10
51.0971639999999994
20
-182.4394759999999849
11
51.2734459999999999
21
-182.3160419999999817
0
LINE
8
BLACK
6
CONTINUOUS
10
51.2734459999999999
20
-182.3160419999999817
11
51.311873999999996
21
-182.2991339999999809
0
LINE
8
BLACK
6
CONTINUOUS
10
51.311873999999996
20
-182.2991339999999809
11
51.3538469999999947
21
-182.298216999999994
0
LINE
8
BLACK
6
CONTINUOUS
10
51.3538469999999947
20
-182.298216999999994
11
51.3929759999999973
21
-182.3134340000000009
0
LINE
8
BLACK
6
CONTINUOUS
10
48.949549999999995
20
-182.4184839999999781
11
48.8067050000000009
21
-182.7248170000000016
0
LINE
8
BLACK
6
CONTINUOUS
10
48.8067050000000009
20
-182.7248170000000016
11
48.5003719999999987
21
-182.5819719999999791
0
LINE
8
BLACK
6
CONTINUOUS
10
48.5003719999999987
20
-182.5819719999999791
11
48.6432169999999999
21
-182.275638999999984
0
LINE
8
BLACK
6
CONTINUOUS
10
48.6432169999999999
20
-182.275638999999984
11
48.949549999999995
21
-182.4184839999999781
0
LINE
8
BLACK
6
CONTINUOUS
10
80.4095889999999969
20
-182.4540989999999852
11
80.1032560000000018
21
-182.5969439999999793
0
LINE
8
BLACK
6
CONTINUOUS
10
80.1032560000000018
20
-182.5969439999999793
11
79.9604109999999935
21
-182.2906109999999842
0
LINE
8
BLACK
6
CONTINUOUS
10
79.9604109999999935
20
-182.2906109999999842
11
80.2667440000000028
21
-182.1477659999999901
0
LINE
8
BLACK
6
CONTINUOUS
10
80.2667440000000028
20
-182.1477659999999901
11
80.4095889999999969
21
-182.4540989999999852
0
LINE
8
BLACK
6
CONTINUOUS
10
46.6551959999999966
20
-181.3981419999999787
11
46.3488629999999944
21
-181.5409870000000012
0
LINE
8
BLACK
6
CONTINUOUS
10
46.3488629999999944
20
-181.5409870000000012
11
46.2060180000000003
21
-181.2346539999999777
0
LINE
8
BLACK
6
CONTINUOUS
10
46.2060180000000003
20
-181.2346539999999777
11
46.5123509999999953
21
-181.0918089999999836
0
LINE
8
BLACK
6
CONTINUOUS
10
46.5123509999999953
20
-181.0918089999999836
11
46.6551959999999966
21
-181.3981419999999787
0
LINE
8
BLACK
6
CONTINUOUS
10
82.7777389999999968
20
-181.2200579999999945
11
82.6348940000000027
21
-181.5263909999999896
0
LINE
8
BLACK
6
CONTINUOUS
10
82.6348940000000027
20
-181.5263909999999896
11
82.3285609999999934
21
-181.3835459999999955
0
LINE
8
BLACK
6
CONTINUOUS
10
82.3285609999999934
20
-181.3835459999999955
11
82.4714060000000018
21
-181.0772130000000004
0
LINE
8
BLACK
6
CONTINUOUS
10
82.4714060000000018
20
-181.0772130000000004
11
82.7777389999999968
21
-181.2200579999999945
0
LINE
8
BLACK
6
CONTINUOUS
10
47.4164940000000001
20
-181.0431419999999889
11
47.110160999999998
21
-181.185986999999983
0
LINE
8
BLACK
6
CONTINUOUS
10
47.110160999999998
20
-181.185986999999983
11
46.9673159999999967
21
-180.8796539999999879
0
LINE
8
BLACK
6
CONTINUOUS
10
46.9673159999999967
20
-180.8796539999999879
11
47.2736489999999989
21
-180.7368089999999938
0
LINE
8
BLACK
6
CONTINUOUS
10
47.2736489999999989
20
-180.7368089999999938
11
47.4164940000000001
21
-181.0431419999999889
0
LINE
8
BLACK
6
CONTINUOUS
10
82.0164400000000029
20
-180.8650590000000022
11
81.8735949999999946
21
-181.1713919999999973
0
LINE
8
BLACK
6
CONTINUOUS
10
81.8735949999999946
20
-181.1713919999999973
11
81.5672619999999995
21
-181.0285470000000032
0
LINE
8
BLACK
6
CONTINUOUS
10
81.5672619999999995
20
-181.0285470000000032
11
81.7101069999999936
21
-180.7222139999999797
0
LINE
8
BLACK
6
CONTINUOUS
10
81.7101069999999936
20
-180.7222139999999797
11
82.0164400000000029
21
-180.8650590000000022
0
LINE
8
BLACK
6
CONTINUOUS
10
46.3001959999999997
20
-180.6368439999999964
11
45.9938629999999975
21
-180.7796889999999905
0
LINE
8
BLACK
6
CONTINUOUS
10
45.9938629999999975
20
-180.7796889999999905
11
45.8510179999999963
21
-180.4733559999999954
0
LINE
8
BLACK
6
CONTINUOUS
10
45.8510179999999963
20
-180.4733559999999954
11
46.1573509999999985
21
-180.3305110000000013
0
LINE
8
BLACK
6
CONTINUOUS
10
46.1573509999999985
20
-180.3305110000000013
11
46.3001959999999997
21
-180.6368439999999964
0
LINE
8
BLACK
6
CONTINUOUS
10
83.1327379999999891
20
-180.4587589999999864
11
82.989892999999995
21
-180.7650919999999815
0
LINE
8
BLACK
6
CONTINUOUS
10
82.989892999999995
20
-180.7650919999999815
11
82.6835599999999999
21
-180.6222469999999873
0
LINE
8
BLACK
6
CONTINUOUS
10
82.6835599999999999
20
-180.6222469999999873
11
82.8264049999999941
21
-180.3159139999999923
0
LINE
8
BLACK
6
CONTINUOUS
10
82.8264049999999941
20
-180.3159139999999923
11
83.1327379999999891
21
-180.4587589999999864
0
LINE
8
BLACK
6
CONTINUOUS
10
46.0809050000000013
20
-179.4938319999999976
11
46.1193329999999975
21
-179.5107409999999959
0
LINE
8
BLACK
6
CONTINUOUS
10
46.1193329999999975
20
-179.5107409999999959
11
46.3369
21
-179.6630820000000028
0
LINE
8
BLACK
6
CONTINUOUS
10
46.3369
20
-179.6630820000000028
11
46.3659320000000008
21
-179.6934100000000001
0
LINE
8
BLACK
6
CONTINUOUS
10
46.3659320000000008
20
-179.6934100000000001
11
46.3811490000000006
21
-179.7325390000000027
0
LINE
8
BLACK
6
CONTINUOUS
10
46.3811490000000006
20
-179.7325390000000027
11
46.3802319999999995
21
-179.7745119999999872
0
LINE
8
BLACK
6
CONTINUOUS
10
46.3802319999999995
20
-179.7745119999999872
11
46.3633239999999986
21
-179.8129399999999976
0
LINE
8
BLACK
6
CONTINUOUS
10
46.3633239999999986
20
-179.8129399999999976
11
46.2398899999999955
21
-179.9892219999999838
0
LINE
8
BLACK
6
CONTINUOUS
10
46.2398899999999955
20
-179.9892219999999838
11
46.2095619999999982
21
-180.0182539999999847
0
LINE
8
BLACK
6
CONTINUOUS
10
46.2095619999999982
20
-180.0182539999999847
11
46.1704340000000002
21
-180.0334699999999941
0
LINE
8
BLACK
6
CONTINUOUS
10
46.1704340000000002
20
-180.0334699999999941
11
46.1284609999999944
21
-180.0325540000000046
0
LINE
8
BLACK
6
CONTINUOUS
10
46.1284609999999944
20
-180.0325540000000046
11
46.0900329999999983
21
-180.0156449999999779
0
LINE
8
BLACK
6
CONTINUOUS
10
46.0900329999999983
20
-180.0156449999999779
11
45.8724659999999957
21
-179.8633039999999994
0
LINE
8
BLACK
6
CONTINUOUS
10
45.8724659999999957
20
-179.8633039999999994
11
45.8434339999999949
21
-179.8329760000000022
0
LINE
8
BLACK
6
CONTINUOUS
10
45.8434339999999949
20
-179.8329760000000022
11
45.8282169999999951
21
-179.7938469999999995
0
LINE
8
BLACK
6
CONTINUOUS
10
45.8282169999999951
20
-179.7938469999999995
11
45.8291339999999963
21
-179.7518739999999866
0
LINE
8
BLACK
6
CONTINUOUS
10
45.8291339999999963
20
-179.7518739999999866
11
45.8460419999999971
21
-179.7134460000000047
0
LINE
8
BLACK
6
CONTINUOUS
10
45.8460419999999971
20
-179.7134460000000047
11
45.9694760000000002
21
-179.53716399999999
0
LINE
8
BLACK
6
CONTINUOUS
10
45.9694760000000002
20
-179.53716399999999
11
45.9998039999999975
21
-179.5081319999999891
0
LINE
8
BLACK
6
CONTINUOUS
10
45.9998039999999975
20
-179.5081319999999891
11
46.0389319999999955
21
-179.4929159999999797
0
LINE
8
BLACK
6
CONTINUOUS
10
46.0389319999999955
20
-179.4929159999999797
11
46.0809050000000013
21
-179.4938319999999976
0
LINE
8
BLACK
6
CONTINUOUS
10
82.860196000000002
20
-179.2681319999999801
11
82.8905239999999992
21
-179.2971639999999809
0
LINE
8
BLACK
6
CONTINUOUS
10
82.8905239999999992
20
-179.2971639999999809
11
83.0139580000000024
21
-179.4734459999999956
0
LINE
8
BLACK
6
CONTINUOUS
10
83.0139580000000024
20
-179.4734459999999956
11
83.0308660000000032
21
-179.5118740000000059
0
LINE
8
BLACK
6
CONTINUOUS
10
83.0308660000000032
20
-179.5118740000000059
11
83.0317829999999901
21
-179.5538469999999904
0
LINE
8
BLACK
6
CONTINUOUS
10
83.0317829999999901
20
-179.5538469999999904
11
83.0165659999999974
21
-179.5929759999999931
0
LINE
8
BLACK
6
CONTINUOUS
10
83.0165659999999974
20
-179.5929759999999931
11
82.9875339999999966
21
-179.6233039999999903
0
LINE
8
BLACK
6
CONTINUOUS
10
82.9875339999999966
20
-179.6233039999999903
11
82.7699669999999941
21
-179.7756449999999973
0
LINE
8
BLACK
6
CONTINUOUS
10
82.7699669999999941
20
-179.7756449999999973
11
82.7315389999999979
21
-179.7925539999999955
0
LINE
8
BLACK
6
CONTINUOUS
10
82.7315389999999979
20
-179.7925539999999955
11
82.6895659999999992
21
-179.793469999999985
0
LINE
8
BLACK
6
CONTINUOUS
10
82.6895659999999992
20
-179.793469999999985
11
82.6504379999999941
21
-179.778254000000004
0
LINE
8
BLACK
6
CONTINUOUS
10
82.6504379999999941
20
-179.778254000000004
11
82.6201099999999968
21
-179.7492220000000032
0
LINE
8
BLACK
6
CONTINUOUS
10
82.6201099999999968
20
-179.7492220000000032
11
82.4966759999999937
21
-179.5729399999999885
0
LINE
8
BLACK
6
CONTINUOUS
10
82.4966759999999937
20
-179.5729399999999885
11
82.4797679999999929
21
-179.5345119999999781
0
LINE
8
BLACK
6
CONTINUOUS
10
82.4797679999999929
20
-179.5345119999999781
11
82.4788509999999917
21
-179.4925389999999936
0
LINE
8
BLACK
6
CONTINUOUS
10
82.4788509999999917
20
-179.4925389999999936
11
82.4940679999999986
21
-179.453409999999991
0
LINE
8
BLACK
6
CONTINUOUS
10
82.4940679999999986
20
-179.453409999999991
11
82.5230999999999995
21
-179.4230819999999937
0
LINE
8
BLACK
6
CONTINUOUS
10
82.5230999999999995
20
-179.4230819999999937
11
82.740667000000002
21
-179.2707409999999868
0
LINE
8
BLACK
6
CONTINUOUS
10
82.740667000000002
20
-179.2707409999999868
11
82.7790949999999981
21
-179.2538319999999885
0
LINE
8
BLACK
6
CONTINUOUS
10
82.7790949999999981
20
-179.2538319999999885
11
82.8210679999999968
21
-179.252915999999999
0
LINE
8
BLACK
6
CONTINUOUS
10
82.8210679999999968
20
-179.252915999999999
11
82.860196000000002
21
-179.2681319999999801
0
LINE
8
BLACK
6
CONTINUOUS
10
63.2419999999999973
20
-179.258499999999998
11
62.7779999999999987
21
-179.258499999999998
0
LINE
8
BLACK
6
CONTINUOUS
10
62.7779999999999987
20
-179.258499999999998
11
62.7779999999999987
21
-177.9964999999999975
0
LINE
8
BLACK
6
CONTINUOUS
10
62.7779999999999987
20
-177.9964999999999975
11
63.2419999999999973
21
-177.9964999999999975
0
LINE
8
BLACK
6
CONTINUOUS
10
63.2419999999999973
20
-177.9964999999999975
11
63.2419999999999973
21
-179.258499999999998
0
LINE
8
BLACK
6
CONTINUOUS
10
64.2419999999999902
20
-179.258499999999998
11
63.7779999999999987
21
-179.258499999999998
0
LINE
8
BLACK
6
CONTINUOUS
10
63.7779999999999987
20
-179.258499999999998
11
63.7779999999999987
21
-177.9964999999999975
0
LINE
8
BLACK
6
CONTINUOUS
10
63.7779999999999987
20
-177.9964999999999975
11
64.2419999999999902
21
-177.9964999999999975
0
LINE
8
BLACK
6
CONTINUOUS
10
64.2419999999999902
20
-177.9964999999999975
11
64.2419999999999902
21
-179.258499999999998
0
LINE
8
BLACK
6
CONTINUOUS
10
65.2419999999999902
20
-179.258499999999998
11
64.7779999999999916
21
-179.258499999999998
0
LINE
8
BLACK
6
CONTINUOUS
10
64.7779999999999916
20
-179.258499999999998
11
64.7779999999999916
21
-177.9964999999999975
0
LINE
8
BLACK
6
CONTINUOUS
10
64.7779999999999916
20
-177.9964999999999975
11
65.2419999999999902
21
-177.9964999999999975
0
LINE
8
BLACK
6
CONTINUOUS
10
65.2419999999999902
20
-177.9964999999999975
11
65.2419999999999902
21
-179.258499999999998
0
LINE
8
BLACK
6
CONTINUOUS
10
66.2419999999999902
20
-179.258499999999998
11
65.7779999999999916
21
-179.258499999999998
0
LINE
8
BLACK
6
CONTINUOUS
10
65.7779999999999916
20
-179.258499999999998
11
65.7779999999999916
21
-177.9964999999999975
0
LINE
8
BLACK
6
CONTINUOUS
10
65.7779999999999916
20
-177.9964999999999975
11
66.2419999999999902
21
-177.9964999999999975
0
LINE
8
BLACK
6
CONTINUOUS
10
66.2419999999999902
20
-177.9964999999999975
11
66.2419999999999902
21
-179.258499999999998
0
LINE
8
BLACK
6
CONTINUOUS
10
67.2419999999999902
20
-179.258499999999998
11
66.7779999999999916
21
-179.258499999999998
0
LINE
8
BLACK
6
CONTINUOUS
10
66.7779999999999916
20
-179.258499999999998
11
66.7779999999999916
21
-177.9964999999999975
0
LINE
8
BLACK
6
CONTINUOUS
10
66.7779999999999916
20
-177.9964999999999975
11
67.2419999999999902
21
-177.9964999999999975
0
LINE
8
BLACK
6
CONTINUOUS
10
67.2419999999999902
20
-177.9964999999999975
11
67.2419999999999902
21
-179.258499999999998
0
LINE
8
BLACK
6
CONTINUOUS
10
68.2419999999999902
20
-179.258499999999998
11
67.7779999999999916
21
-179.258499999999998
0
LINE
8
BLACK
6
CONTINUOUS
10
67.7779999999999916
20
-179.258499999999998
11
67.7779999999999916
21
-177.9964999999999975
0
LINE
8
BLACK
6
CONTINUOUS
10
67.7779999999999916
20
-177.9964999999999975
11
68.2419999999999902
21
-177.9964999999999975
0
LINE
8
BLACK
6
CONTINUOUS
10
68.2419999999999902
20
-177.9964999999999975
11
68.2419999999999902
21
-179.258499999999998
0
LINE
8
BLACK
6
CONTINUOUS
10
46.6315389999999965
20
-178.7074460000000045
11
46.6699669999999998
21
-178.7243550000000027
0
LINE
8
BLACK
6
CONTINUOUS
10
46.6699669999999998
20
-178.7243550000000027
11
46.8875339999999952
21
-178.8766959999999813
0
LINE
8
BLACK
6
CONTINUOUS
10
46.8875339999999952
20
-178.8766959999999813
11
46.916565999999996
21
-178.9070239999999785
0
LINE
8
BLACK
6
CONTINUOUS
10
46.916565999999996
20
-178.9070239999999785
11
46.9317829999999958
21
-178.9461529999999811
0
LINE
8
BLACK
6
CONTINUOUS
10
46.9317829999999958
20
-178.9461529999999811
11
46.9308659999999946
21
-178.9881259999999941
0
LINE
8
BLACK
6
CONTINUOUS
10
46.9308659999999946
20
-178.9881259999999941
11
46.9139580000000009
21
-179.0265540000000044
0
LINE
8
BLACK
6
CONTINUOUS
10
46.9139580000000009
20
-179.0265540000000044
11
46.7905239999999978
21
-179.2028359999999907
0
LINE
8
BLACK
6
CONTINUOUS
10
46.7905239999999978
20
-179.2028359999999907
11
46.7601960000000005
21
-179.2318679999999915
0
LINE
8
BLACK
6
CONTINUOUS
10
46.7601960000000005
20
-179.2318679999999915
11
46.7210679999999954
21
-179.247084000000001
0
LINE
8
BLACK
6
CONTINUOUS
10
46.7210679999999954
20
-179.247084000000001
11
46.6790949999999967
21
-179.2461679999999831
0
LINE
8
BLACK
6
CONTINUOUS
10
46.6790949999999967
20
-179.2461679999999831
11
46.6406670000000005
21
-179.2292589999999848
0
LINE
8
BLACK
6
CONTINUOUS
10
46.6406670000000005
20
-179.2292589999999848
11
46.423099999999998
21
-179.0769179999999778
0
LINE
8
BLACK
6
CONTINUOUS
10
46.423099999999998
20
-179.0769179999999778
11
46.3940679999999972
21
-179.0465899999999806
0
LINE
8
BLACK
6
CONTINUOUS
10
46.3940679999999972
20
-179.0465899999999806
11
46.3788509999999974
21
-179.007460999999978
0
LINE
8
BLACK
6
CONTINUOUS
10
46.3788509999999974
20
-179.007460999999978
11
46.3797679999999986
21
-178.9654879999999935
0
LINE
8
BLACK
6
CONTINUOUS
10
46.3797679999999986
20
-178.9654879999999935
11
46.3966759999999994
21
-178.9270599999999831
0
LINE
8
BLACK
6
CONTINUOUS
10
46.3966759999999994
20
-178.9270599999999831
11
46.5201099999999954
21
-178.7507779999999968
0
LINE
8
BLACK
6
CONTINUOUS
10
46.5201099999999954
20
-178.7507779999999968
11
46.5504379999999998
21
-178.721745999999996
0
LINE
8
BLACK
6
CONTINUOUS
10
46.5504379999999998
20
-178.721745999999996
11
46.5895659999999978
21
-178.7065299999999866
0
LINE
8
BLACK
6
CONTINUOUS
10
46.5895659999999978
20
-178.7065299999999866
11
46.6315389999999965
21
-178.7074460000000045
0
LINE
8
BLACK
6
CONTINUOUS
10
82.3095619999999997
20
-178.4817459999999869
11
82.3398899999999969
21
-178.5107779999999877
0
LINE
8
BLACK
6
CONTINUOUS
10
82.3398899999999969
20
-178.5107779999999877
11
82.4633240000000001
21
-178.6870600000000024
0
LINE
8
BLACK
6
CONTINUOUS
10
82.4633240000000001
20
-178.6870600000000024
11
82.4802320000000009
21
-178.7254879999999844
0
LINE
8
BLACK
6
CONTINUOUS
10
82.4802320000000009
20
-178.7254879999999844
11
82.481149000000002
21
-178.7674609999999973
0
LINE
8
BLACK
6
CONTINUOUS
10
82.481149000000002
20
-178.7674609999999973
11
82.4659319999999951
21
-178.8065899999999999
0
LINE
8
BLACK
6
CONTINUOUS
10
82.4659319999999951
20
-178.8065899999999999
11
82.4368999999999943
21
-178.8369179999999972
0
LINE
8
BLACK
6
CONTINUOUS
10
82.4368999999999943
20
-178.8369179999999972
11
82.2193329999999918
21
-178.9892590000000041
0
LINE
8
BLACK
6
CONTINUOUS
10
82.2193329999999918
20
-178.9892590000000041
11
82.1809049999999957
21
-179.0061680000000024
0
LINE
8
BLACK
6
CONTINUOUS
10
82.1809049999999957
20
-179.0061680000000024
11
82.1389319999999969
21
-179.0070839999999919
0
LINE
8
BLACK
6
CONTINUOUS
10
82.1389319999999969
20
-179.0070839999999919
11
82.0998039999999918
21
-178.9918679999999824
0
LINE
8
BLACK
6
CONTINUOUS
10
82.0998039999999918
20
-178.9918679999999824
11
82.0694759999999945
21
-178.9628359999999816
0
LINE
8
BLACK
6
CONTINUOUS
10
82.0694759999999945
20
-178.9628359999999816
11
81.9460419999999914
21
-178.7865539999999953
0
LINE
8
BLACK
6
CONTINUOUS
10
81.9460419999999914
20
-178.7865539999999953
11
81.9291339999999906
21
-178.748125999999985
0
LINE
8
BLACK
6
CONTINUOUS
10
81.9291339999999906
20
-178.748125999999985
11
81.9282169999999894
21
-178.7061530000000005
0
LINE
8
BLACK
6
CONTINUOUS
10
81.9282169999999894
20
-178.7061530000000005
11
81.9434339999999963
21
-178.6670239999999978
0
LINE
8
BLACK
6
CONTINUOUS
10
81.9434339999999963
20
-178.6670239999999978
11
81.9724659999999972
21
-178.6366960000000006
0
LINE
8
BLACK
6
CONTINUOUS
10
81.9724659999999972
20
-178.6366960000000006
11
82.1900329999999997
21
-178.4843549999999937
0
LINE
8
BLACK
6
CONTINUOUS
10
82.1900329999999997
20
-178.4843549999999937
11
82.2284609999999958
21
-178.4674459999999954
0
LINE
8
BLACK
6
CONTINUOUS
10
82.2284609999999958
20
-178.4674459999999954
11
82.2704339999999945
21
-178.4665300000000059
0
LINE
8
BLACK
6
CONTINUOUS
10
82.2704339999999945
20
-178.4665300000000059
11
82.3095619999999997
21
-178.4817459999999869
0
LINE
8
BLACK
6
CONTINUOUS
10
76.9043999999999954
20
-177.9875999999999863
11
76.0455999999999932
21
-177.9875999999999863
0
LINE
8
BLACK
6
CONTINUOUS
10
76.0455999999999932
20
-177.9875999999999863
11
76.0455999999999932
21
-177.5823999999999785
0
LINE
8
BLACK
6
CONTINUOUS
10
76.0455999999999932
20
-177.5823999999999785
11
76.9043999999999954
21
-177.5823999999999785
0
LINE
8
BLACK
6
CONTINUOUS
10
76.9043999999999954
20
-177.5823999999999785
11
76.9043999999999954
21
-177.9875999999999863
0
LINE
8
BLACK
6
CONTINUOUS
10
79.2043999999999926
20
-177.9875999999999863
11
78.3455999999999904
21
-177.9875999999999863
0
LINE
8
BLACK
6
CONTINUOUS
10
78.3455999999999904
20
-177.9875999999999863
11
78.3455999999999904
21
-177.5823999999999785
0
LINE
8
BLACK
6
CONTINUOUS
10
78.3455999999999904
20
-177.5823999999999785
11
79.2043999999999926
21
-177.5823999999999785
0
LINE
8
BLACK
6
CONTINUOUS
10
79.2043999999999926
20
-177.5823999999999785
11
79.2043999999999926
21
-177.9875999999999863
0
LINE
8
BLACK
6
CONTINUOUS
10
73.7489999999999952
20
-177.9249999999999829
11
72.7809999999999917
21
-177.9249999999999829
0
LINE
8
BLACK
6
CONTINUOUS
10
72.7809999999999917
20
-177.9249999999999829
11
72.7809999999999917
21
-175.4449999999999932
0
LINE
8
BLACK
6
CONTINUOUS
10
72.7809999999999917
20
-175.4449999999999932
11
73.7489999999999952
21
-175.4449999999999932
0
LINE
8
BLACK
6
CONTINUOUS
10
73.7489999999999952
20
-175.4449999999999932
11
73.7489999999999952
21
-177.9249999999999829
0
LINE
8
BLACK
6
CONTINUOUS
10
75.6490000000000009
20
-177.9249999999999829
11
74.6809999999999974
21
-177.9249999999999829
0
LINE
8
BLACK
6
CONTINUOUS
10
74.6809999999999974
20
-177.9249999999999829
11
74.6809999999999974
21
-175.4449999999999932
0
LINE
8
BLACK
6
CONTINUOUS
10
74.6809999999999974
20
-175.4449999999999932
11
75.6490000000000009
21
-175.4449999999999932
0
LINE
8
BLACK
6
CONTINUOUS
10
75.6490000000000009
20
-175.4449999999999932
11
75.6490000000000009
21
-177.9249999999999829
0
LINE
8
BLACK
6
CONTINUOUS
10
76.9043999999999954
20
-177.0375999999999976
11
76.0455999999999932
21
-177.0375999999999976
0
LINE
8
BLACK
6
CONTINUOUS
10
76.0455999999999932
20
-177.0375999999999976
11
76.0455999999999932
21
-176.6323999999999899
0
LINE
8
BLACK
6
CONTINUOUS
10
76.0455999999999932
20
-176.6323999999999899
11
76.9043999999999954
21
-176.6323999999999899
0
LINE
8
BLACK
6
CONTINUOUS
10
76.9043999999999954
20
-176.6323999999999899
11
76.9043999999999954
21
-177.0375999999999976
0
LINE
8
BLACK
6
CONTINUOUS
10
79.2043999999999926
20
-177.0375999999999976
11
78.3455999999999904
21
-177.0375999999999976
0
LINE
8
BLACK
6
CONTINUOUS
10
78.3455999999999904
20
-177.0375999999999976
11
78.3455999999999904
21
-176.6323999999999899
0
LINE
8
BLACK
6
CONTINUOUS
10
78.3455999999999904
20
-176.6323999999999899
11
79.2043999999999926
21
-176.6323999999999899
0
LINE
8
BLACK
6
CONTINUOUS
10
79.2043999999999926
20
-176.6323999999999899
11
79.2043999999999926
21
-177.0375999999999976
0
LINE
8
BLACK
6
CONTINUOUS
10
65.1649689999999993
20
-176.5310709999999972
11
65.1985150000000004
21
-176.5534849999999949
0
LINE
8
BLACK
6
CONTINUOUS
10
65.1985150000000004
20
-176.5534849999999949
11
65.2209289999999982
21
-176.5870309999999961
0
LINE
8
BLACK
6
CONTINUOUS
10
65.2209289999999982
20
-176.5870309999999961
11
65.2287999999999926
21
-176.6265999999999963
0
LINE
8
BLACK
6
CONTINUOUS
10
65.2287999999999926
20
-176.6265999999999963
11
65.2287999999999926
21
-176.8333999999999833
0
LINE
8
BLACK
6
CONTINUOUS
10
65.2287999999999926
20
-176.8333999999999833
11
65.2209289999999982
21
-176.8729689999999835
0
LINE
8
BLACK
6
CONTINUOUS
10
65.2209289999999982
20
-176.8729689999999835
11
65.1985150000000004
21
-176.9065149999999846
0
LINE
8
BLACK
6
CONTINUOUS
10
65.1985150000000004
20
-176.9065149999999846
11
65.1649689999999993
21
-176.9289289999999824
0
LINE
8
BLACK
6
CONTINUOUS
10
65.1649689999999993
20
-176.9289289999999824
11
65.1253999999999991
21
-176.9368000000000052
0
LINE
8
BLACK
6
CONTINUOUS
10
65.1253999999999991
20
-176.9368000000000052
11
64.8345999999999947
21
-176.9368000000000052
0
LINE
8
BLACK
6
CONTINUOUS
10
64.8345999999999947
20
-176.9368000000000052
11
64.7950309999999945
21
-176.9289289999999824
0
LINE
8
BLACK
6
CONTINUOUS
10
64.7950309999999945
20
-176.9289289999999824
11
64.7614849999999933
21
-176.9065149999999846
0
LINE
8
BLACK
6
CONTINUOUS
10
64.7614849999999933
20
-176.9065149999999846
11
64.7390709999999956
21
-176.8729689999999835
0
LINE
8
BLACK
6
CONTINUOUS
10
64.7390709999999956
20
-176.8729689999999835
11
64.7312000000000012
21
-176.8333999999999833
0
LINE
8
BLACK
6
CONTINUOUS
10
64.7312000000000012
20
-176.8333999999999833
11
64.7312000000000012
21
-176.6265999999999963
0
LINE
8
BLACK
6
CONTINUOUS
10
64.7312000000000012
20
-176.6265999999999963
11
64.7390709999999956
21
-176.5870309999999961
0
LINE
8
BLACK
6
CONTINUOUS
10
64.7390709999999956
20
-176.5870309999999961
11
64.7614849999999933
21
-176.5534849999999949
0
LINE
8
BLACK
6
CONTINUOUS
10
64.7614849999999933
20
-176.5534849999999949
11
64.7950309999999945
21
-176.5310709999999972
0
LINE
8
BLACK
6
CONTINUOUS
10
64.7950309999999945
20
-176.5310709999999972
11
64.8345999999999947
21
-176.5232000000000028
0
LINE
8
BLACK
6
CONTINUOUS
10
64.8345999999999947
20
-176.5232000000000028
11
65.1253999999999991
21
-176.5232000000000028
0
LINE
8
BLACK
6
CONTINUOUS
10
65.1253999999999991
20
-176.5232000000000028
11
65.1649689999999993
21
-176.5310709999999972
0
LINE
8
BLACK
6
CONTINUOUS
10
76.9043999999999954
20
-176.0875999999999806
11
76.0455999999999932
21
-176.0875999999999806
0
LINE
8
BLACK
6
CONTINUOUS
10
76.0455999999999932
20
-176.0875999999999806
11
76.0455999999999932
21
-175.6824000000000012
0
LINE
8
BLACK
6
CONTINUOUS
10
76.0455999999999932
20
-175.6824000000000012
11
76.9043999999999954
21
-175.6824000000000012
0
LINE
8
BLACK
6
CONTINUOUS
10
76.9043999999999954
20
-175.6824000000000012
11
76.9043999999999954
21
-176.0875999999999806
0
LINE
8
BLACK
6
CONTINUOUS
10
79.2043999999999926
20
-176.0875999999999806
11
78.3455999999999904
21
-176.0875999999999806
0
LINE
8
BLACK
6
CONTINUOUS
10
78.3455999999999904
20
-176.0875999999999806
11
78.3455999999999904
21
-175.6824000000000012
0
LINE
8
BLACK
6
CONTINUOUS
10
78.3455999999999904
20
-175.6824000000000012
11
79.2043999999999926
21
-175.6824000000000012
0
LINE
8
BLACK
6
CONTINUOUS
10
79.2043999999999926
20
-175.6824000000000012
11
79.2043999999999926
21
-176.0875999999999806
0
LINE
8
BLACK
6
CONTINUOUS
10
65.1649689999999993
20
-175.511070999999987
11
65.1985150000000004
21
-175.5334849999999847
0
LINE
8
BLACK
6
CONTINUOUS
10
65.1985150000000004
20
-175.5334849999999847
11
65.2209289999999982
21
-175.5670309999999859
0
LINE
8
BLACK
6
CONTINUOUS
10
65.2209289999999982
20
-175.5670309999999859
11
65.2287999999999926
21
-175.606599999999986
0
LINE
8
BLACK
6
CONTINUOUS
10
65.2287999999999926
20
-175.606599999999986
11
65.2287999999999926
21
-175.8134000000000015
0
LINE
8
BLACK
6
CONTINUOUS
10
65.2287999999999926
20
-175.8134000000000015
11
65.2209289999999982
21
-175.8529690000000016
0
LINE
8
BLACK
6
CONTINUOUS
10
65.2209289999999982
20
-175.8529690000000016
11
65.1985150000000004
21
-175.8865150000000028
0
LINE
8
BLACK
6
CONTINUOUS
10
65.1985150000000004
20
-175.8865150000000028
11
65.1649689999999993
21
-175.9089290000000005
0
LINE
8
BLACK
6
CONTINUOUS
10
65.1649689999999993
20
-175.9089290000000005
11
65.1253999999999991
21
-175.916799999999995
0
LINE
8
BLACK
6
CONTINUOUS
10
65.1253999999999991
20
-175.916799999999995
11
64.8345999999999947
21
-175.916799999999995
0
LINE
8
BLACK
6
CONTINUOUS
10
64.8345999999999947
20
-175.916799999999995
11
64.7950309999999945
21
-175.9089290000000005
0
LINE
8
BLACK
6
CONTINUOUS
10
64.7950309999999945
20
-175.9089290000000005
11
64.7614849999999933
21
-175.8865150000000028
0
LINE
8
BLACK
6
CONTINUOUS
10
64.7614849999999933
20
-175.8865150000000028
11
64.7390709999999956
21
-175.8529690000000016
0
LINE
8
BLACK
6
CONTINUOUS
10
64.7390709999999956
20
-175.8529690000000016
11
64.7312000000000012
21
-175.8134000000000015
0
LINE
8
BLACK
6
CONTINUOUS
10
64.7312000000000012
20
-175.8134000000000015
11
64.7312000000000012
21
-175.606599999999986
0
LINE
8
BLACK
6
CONTINUOUS
10
64.7312000000000012
20
-175.606599999999986
11
64.7390709999999956
21
-175.5670309999999859
0
LINE
8
BLACK
6
CONTINUOUS
10
64.7390709999999956
20
-175.5670309999999859
11
64.7614849999999933
21
-175.5334849999999847
0
LINE
8
BLACK
6
CONTINUOUS
10
64.7614849999999933
20
-175.5334849999999847
11
64.7950309999999945
21
-175.511070999999987
0
LINE
8
BLACK
6
CONTINUOUS
10
64.7950309999999945
20
-175.511070999999987
11
64.8345999999999947
21
-175.5031999999999925
0
LINE
8
BLACK
6
CONTINUOUS
10
64.8345999999999947
20
-175.5031999999999925
11
65.1253999999999991
21
-175.5031999999999925
0
LINE
8
BLACK
6
CONTINUOUS
10
65.1253999999999991
20
-175.5031999999999925
11
65.1649689999999993
21
-175.511070999999987
0
LINE
8
BLACK
6
CONTINUOUS
10
76.7265369999999933
20
-174.1112239999999929
11
76.7914209999999997
21
-174.154578999999984
0
LINE
8
BLACK
6
CONTINUOUS
10
76.7914209999999997
20
-174.154578999999984
11
76.8347759999999909
21
-174.2194629999999904
0
LINE
8
BLACK
6
CONTINUOUS
10
76.8347759999999909
20
-174.2194629999999904
11
76.8499999999999943
21
-174.2959999999999923
0
LINE
8
BLACK
6
CONTINUOUS
10
76.8499999999999943
20
-174.2959999999999923
11
76.8499999999999943
21
-175.0739999999999839
0
LINE
8
BLACK
6
CONTINUOUS
10
76.8499999999999943
20
-175.0739999999999839
11
76.8347759999999909
21
-175.1505369999999857
0
LINE
8
BLACK
6
CONTINUOUS
10
76.8347759999999909
20
-175.1505369999999857
11
76.7914209999999997
21
-175.2154209999999921
0
LINE
8
BLACK
6
CONTINUOUS
10
76.7914209999999997
20
-175.2154209999999921
11
76.7265369999999933
21
-175.2587759999999832
0
LINE
8
BLACK
6
CONTINUOUS
10
76.7265369999999933
20
-175.2587759999999832
11
76.6499999999999915
21
-175.2740000000000009
0
LINE
8
BLACK
6
CONTINUOUS
10
76.6499999999999915
20
-175.2740000000000009
11
76.25
21
-175.2740000000000009
0
LINE
8
BLACK
6
CONTINUOUS
10
76.25
20
-175.2740000000000009
11
76.1734629999999981
21
-175.2587759999999832
0
LINE
8
BLACK
6
CONTINUOUS
10
76.1734629999999981
20
-175.2587759999999832
11
76.1085789999999918
21
-175.2154209999999921
0
LINE
8
BLACK
6
CONTINUOUS
10
76.1085789999999918
20
-175.2154209999999921
11
76.0652240000000006
21
-175.1505369999999857
0
LINE
8
BLACK
6
CONTINUOUS
10
76.0652240000000006
20
-175.1505369999999857
11
76.0499999999999972
21
-175.0739999999999839
0
LINE
8
BLACK
6
CONTINUOUS
10
76.0499999999999972
20
-175.0739999999999839
11
76.0499999999999972
21
-174.2959999999999923
0
LINE
8
BLACK
6
CONTINUOUS
10
76.0499999999999972
20
-174.2959999999999923
11
76.0652240000000006
21
-174.2194629999999904
0
LINE
8
BLACK
6
CONTINUOUS
10
76.0652240000000006
20
-174.2194629999999904
11
76.1085789999999918
21
-174.154578999999984
0
LINE
8
BLACK
6
CONTINUOUS
10
76.1085789999999918
20
-174.154578999999984
11
76.1734629999999981
21
-174.1112239999999929
0
LINE
8
BLACK
6
CONTINUOUS
10
76.1734629999999981
20
-174.1112239999999929
11
76.25
21
-174.0960000000000036
0
LINE
8
BLACK
6
CONTINUOUS
10
76.25
20
-174.0960000000000036
11
76.6499999999999915
21
-174.0960000000000036
0
LINE
8
BLACK
6
CONTINUOUS
10
76.6499999999999915
20
-174.0960000000000036
11
76.7265369999999933
21
-174.1112239999999929
0
LINE
8
BLACK
6
CONTINUOUS
10
78.626536999999999
20
-174.1112239999999929
11
78.6914209999999912
21
-174.154578999999984
0
LINE
8
BLACK
6
CONTINUOUS
10
78.6914209999999912
20
-174.154578999999984
11
78.7347759999999965
21
-174.2194629999999904
0
LINE
8
BLACK
6
CONTINUOUS
10
78.7347759999999965
20
-174.2194629999999904
11
78.75
21
-174.2959999999999923
0
LINE
8
BLACK
6
CONTINUOUS
10
78.75
20
-174.2959999999999923
11
78.75
21
-175.0739999999999839
0
LINE
8
BLACK
6
CONTINUOUS
10
78.75
20
-175.0739999999999839
11
78.7347759999999965
21
-175.1505369999999857
0
LINE
8
BLACK
6
CONTINUOUS
10
78.7347759999999965
20
-175.1505369999999857
11
78.6914209999999912
21
-175.2154209999999921
0
LINE
8
BLACK
6
CONTINUOUS
10
78.6914209999999912
20
-175.2154209999999921
11
78.626536999999999
21
-175.2587759999999832
0
LINE
8
BLACK
6
CONTINUOUS
10
78.626536999999999
20
-175.2587759999999832
11
78.5499999999999972
21
-175.2740000000000009
0
LINE
8
BLACK
6
CONTINUOUS
10
78.5499999999999972
20
-175.2740000000000009
11
78.1499999999999915
21
-175.2740000000000009
0
LINE
8
BLACK
6
CONTINUOUS
10
78.1499999999999915
20
-175.2740000000000009
11
78.0734629999999896
21
-175.2587759999999832
0
LINE
8
BLACK
6
CONTINUOUS
10
78.0734629999999896
20
-175.2587759999999832
11
78.0085789999999974
21
-175.2154209999999921
0
LINE
8
BLACK
6
CONTINUOUS
10
78.0085789999999974
20
-175.2154209999999921
11
77.9652239999999921
21
-175.1505369999999857
0
LINE
8
BLACK
6
CONTINUOUS
10
77.9652239999999921
20
-175.1505369999999857
11
77.9500000000000028
21
-175.0739999999999839
0
LINE
8
BLACK
6
CONTINUOUS
10
77.9500000000000028
20
-175.0739999999999839
11
77.9500000000000028
21
-174.2959999999999923
0
LINE
8
BLACK
6
CONTINUOUS
10
77.9500000000000028
20
-174.2959999999999923
11
77.9652239999999921
21
-174.2194629999999904
0
LINE
8
BLACK
6
CONTINUOUS
10
77.9652239999999921
20
-174.2194629999999904
11
78.0085789999999974
21
-174.154578999999984
0
LINE
8
BLACK
6
CONTINUOUS
10
78.0085789999999974
20
-174.154578999999984
11
78.0734629999999896
21
-174.1112239999999929
0
LINE
8
BLACK
6
CONTINUOUS
10
78.0734629999999896
20
-174.1112239999999929
11
78.1499999999999915
21
-174.0960000000000036
0
LINE
8
BLACK
6
CONTINUOUS
10
78.1499999999999915
20
-174.0960000000000036
11
78.5499999999999972
21
-174.0960000000000036
0
LINE
8
BLACK
6
CONTINUOUS
10
78.5499999999999972
20
-174.0960000000000036
11
78.626536999999999
21
-174.1112239999999929
0
LINE
8
BLACK
6
CONTINUOUS
10
65.6349689999999981
20
-174.7410710000000051
11
65.6685149999999993
21
-174.7634850000000029
0
LINE
8
BLACK
6
CONTINUOUS
10
65.6685149999999993
20
-174.7634850000000029
11
65.690928999999997
21
-174.797031000000004
0
LINE
8
BLACK
6
CONTINUOUS
10
65.690928999999997
20
-174.797031000000004
11
65.6987999999999914
21
-174.8366000000000042
0
LINE
8
BLACK
6
CONTINUOUS
10
65.6987999999999914
20
-174.8366000000000042
11
65.6987999999999914
21
-175.0433999999999912
0
LINE
8
BLACK
6
CONTINUOUS
10
65.6987999999999914
20
-175.0433999999999912
11
65.690928999999997
21
-175.0829689999999914
0
LINE
8
BLACK
6
CONTINUOUS
10
65.690928999999997
20
-175.0829689999999914
11
65.6685149999999993
21
-175.1165149999999926
0
LINE
8
BLACK
6
CONTINUOUS
10
65.6685149999999993
20
-175.1165149999999926
11
65.6349689999999981
21
-175.1389289999999903
0
LINE
8
BLACK
6
CONTINUOUS
10
65.6349689999999981
20
-175.1389289999999903
11
65.5953999999999979
21
-175.1467999999999847
0
LINE
8
BLACK
6
CONTINUOUS
10
65.5953999999999979
20
-175.1467999999999847
11
65.3045999999999935
21
-175.1467999999999847
0
LINE
8
BLACK
6
CONTINUOUS
10
65.3045999999999935
20
-175.1467999999999847
11
65.2650309999999934
21
-175.1389289999999903
0
LINE
8
BLACK
6
CONTINUOUS
10
65.2650309999999934
20
-175.1389289999999903
11
65.2314849999999922
21
-175.1165149999999926
0
LINE
8
BLACK
6
CONTINUOUS
10
65.2314849999999922
20
-175.1165149999999926
11
65.2090709999999945
21
-175.0829689999999914
0
LINE
8
BLACK
6
CONTINUOUS
10
65.2090709999999945
20
-175.0829689999999914
11
65.2012
21
-175.0433999999999912
0
LINE
8
BLACK
6
CONTINUOUS
10
65.2012
20
-175.0433999999999912
11
65.2012
21
-174.8366000000000042
0
LINE
8
BLACK
6
CONTINUOUS
10
65.2012
20
-174.8366000000000042
11
65.2090709999999945
21
-174.797031000000004
0
LINE
8
BLACK
6
CONTINUOUS
10
65.2090709999999945
20
-174.797031000000004
11
65.2314849999999922
21
-174.7634850000000029
0
LINE
8
BLACK
6
CONTINUOUS
10
65.2314849999999922
20
-174.7634850000000029
11
65.2650309999999934
21
-174.7410710000000051
0
LINE
8
BLACK
6
CONTINUOUS
10
65.2650309999999934
20
-174.7410710000000051
11
65.3045999999999935
21
-174.7331999999999823
0
LINE
8
BLACK
6
CONTINUOUS
10
65.3045999999999935
20
-174.7331999999999823
11
65.5953999999999979
21
-174.7331999999999823
0
LINE
8
BLACK
6
CONTINUOUS
10
65.5953999999999979
20
-174.7331999999999823
11
65.6349689999999981
21
-174.7410710000000051
0
LINE
8
BLACK
6
CONTINUOUS
10
68.9669999999999987
20
-174.9050000000000011
11
68.7129999999999939
21
-174.9050000000000011
0
LINE
8
BLACK
6
CONTINUOUS
10
68.7129999999999939
20
-174.9050000000000011
11
68.7129999999999939
21
-174.7349999999999852
0
LINE
8
BLACK
6
CONTINUOUS
10
68.7129999999999939
20
-174.7349999999999852
11
68.9669999999999987
21
-174.7349999999999852
0
LINE
8
BLACK
6
CONTINUOUS
10
68.9669999999999987
20
-174.7349999999999852
11
68.9669999999999987
21
-174.9050000000000011
0
LINE
8
BLACK
6
CONTINUOUS
10
73.8974999999999937
20
-174.1446259999999882
11
73.9555720000000036
21
-174.1834279999999922
0
LINE
8
BLACK
6
CONTINUOUS
10
73.9555720000000036
20
-174.1834279999999922
11
73.9943739999999934
21
-174.241500000000002
0
LINE
8
BLACK
6
CONTINUOUS
10
73.9943739999999934
20
-174.241500000000002
11
74.0079999999999956
21
-174.3100000000000023
0
LINE
8
BLACK
6
CONTINUOUS
10
74.0079999999999956
20
-174.3100000000000023
11
74.0079999999999956
21
-174.7099999999999795
0
LINE
8
BLACK
6
CONTINUOUS
10
74.0079999999999956
20
-174.7099999999999795
11
73.9943739999999934
21
-174.7784999999999798
0
LINE
8
BLACK
6
CONTINUOUS
10
73.9943739999999934
20
-174.7784999999999798
11
73.9555720000000036
21
-174.8365719999999897
0
LINE
8
BLACK
6
CONTINUOUS
10
73.9555720000000036
20
-174.8365719999999897
11
73.8974999999999937
21
-174.8753739999999937
0
LINE
8
BLACK
6
CONTINUOUS
10
73.8974999999999937
20
-174.8753739999999937
11
73.8289999999999935
21
-174.8889999999999816
0
LINE
8
BLACK
6
CONTINUOUS
10
73.8289999999999935
20
-174.8889999999999816
11
73.4710000000000036
21
-174.8889999999999816
0
LINE
8
BLACK
6
CONTINUOUS
10
73.4710000000000036
20
-174.8889999999999816
11
73.4025000000000034
21
-174.8753739999999937
0
LINE
8
BLACK
6
CONTINUOUS
10
73.4025000000000034
20
-174.8753739999999937
11
73.3444279999999935
21
-174.8365719999999897
0
LINE
8
BLACK
6
CONTINUOUS
10
73.3444279999999935
20
-174.8365719999999897
11
73.3056260000000037
21
-174.7784999999999798
0
LINE
8
BLACK
6
CONTINUOUS
10
73.3056260000000037
20
-174.7784999999999798
11
73.2920000000000016
21
-174.7099999999999795
0
LINE
8
BLACK
6
CONTINUOUS
10
73.2920000000000016
20
-174.7099999999999795
11
73.2920000000000016
21
-174.3100000000000023
0
LINE
8
BLACK
6
CONTINUOUS
10
73.2920000000000016
20
-174.3100000000000023
11
73.3056260000000037
21
-174.241500000000002
0
LINE
8
BLACK
6
CONTINUOUS
10
73.3056260000000037
20
-174.241500000000002
11
73.3444279999999935
21
-174.1834279999999922
0
LINE
8
BLACK
6
CONTINUOUS
10
73.3444279999999935
20
-174.1834279999999922
11
73.4025000000000034
21
-174.1446259999999882
0
LINE
8
BLACK
6
CONTINUOUS
10
73.4025000000000034
20
-174.1446259999999882
11
73.4710000000000036
21
-174.1310000000000002
0
LINE
8
BLACK
6
CONTINUOUS
10
73.4710000000000036
20
-174.1310000000000002
11
73.8289999999999935
21
-174.1310000000000002
0
LINE
8
BLACK
6
CONTINUOUS
10
73.8289999999999935
20
-174.1310000000000002
11
73.8974999999999937
21
-174.1446259999999882
0
LINE
8
BLACK
6
CONTINUOUS
10
75.4474999999999909
20
-174.1446259999999882
11
75.5055720000000008
21
-174.1834279999999922
0
LINE
8
BLACK
6
CONTINUOUS
10
75.5055720000000008
20
-174.1834279999999922
11
75.5443739999999906
21
-174.241500000000002
0
LINE
8
BLACK
6
CONTINUOUS
10
75.5443739999999906
20
-174.241500000000002
11
75.5579999999999927
21
-174.3100000000000023
0
LINE
8
BLACK
6
CONTINUOUS
10
75.5579999999999927
20
-174.3100000000000023
11
75.5579999999999927
21
-174.7099999999999795
0
LINE
8
BLACK
6
CONTINUOUS
10
75.5579999999999927
20
-174.7099999999999795
11
75.5443739999999906
21
-174.7784999999999798
0
LINE
8
BLACK
6
CONTINUOUS
10
75.5443739999999906
20
-174.7784999999999798
11
75.5055720000000008
21
-174.8365719999999897
0
LINE
8
BLACK
6
CONTINUOUS
10
75.5055720000000008
20
-174.8365719999999897
11
75.4474999999999909
21
-174.8753739999999937
0
LINE
8
BLACK
6
CONTINUOUS
10
75.4474999999999909
20
-174.8753739999999937
11
75.3789999999999907
21
-174.8889999999999816
0
LINE
8
BLACK
6
CONTINUOUS
10
75.3789999999999907
20
-174.8889999999999816
11
75.0210000000000008
21
-174.8889999999999816
0
LINE
8
BLACK
6
CONTINUOUS
10
75.0210000000000008
20
-174.8889999999999816
11
74.9525000000000006
21
-174.8753739999999937
0
LINE
8
BLACK
6
CONTINUOUS
10
74.9525000000000006
20
-174.8753739999999937
11
74.8944279999999907
21
-174.8365719999999897
0
LINE
8
BLACK
6
CONTINUOUS
10
74.8944279999999907
20
-174.8365719999999897
11
74.8556260000000009
21
-174.7784999999999798
0
LINE
8
BLACK
6
CONTINUOUS
10
74.8556260000000009
20
-174.7784999999999798
11
74.8419999999999987
21
-174.7099999999999795
0
LINE
8
BLACK
6
CONTINUOUS
10
74.8419999999999987
20
-174.7099999999999795
11
74.8419999999999987
21
-174.3100000000000023
0
LINE
8
BLACK
6
CONTINUOUS
10
74.8419999999999987
20
-174.3100000000000023
11
74.8556260000000009
21
-174.241500000000002
0
LINE
8
BLACK
6
CONTINUOUS
10
74.8556260000000009
20
-174.241500000000002
11
74.8944279999999907
21
-174.1834279999999922
0
LINE
8
BLACK
6
CONTINUOUS
10
74.8944279999999907
20
-174.1834279999999922
11
74.9525000000000006
21
-174.1446259999999882
0
LINE
8
BLACK
6
CONTINUOUS
10
74.9525000000000006
20
-174.1446259999999882
11
75.0210000000000008
21
-174.1310000000000002
0
LINE
8
BLACK
6
CONTINUOUS
10
75.0210000000000008
20
-174.1310000000000002
11
75.3789999999999907
21
-174.1310000000000002
0
LINE
8
BLACK
6
CONTINUOUS
10
75.3789999999999907
20
-174.1310000000000002
11
75.4474999999999909
21
-174.1446259999999882
0
LINE
8
BLACK
6
CONTINUOUS
10
66.4029689999999988
20
-174.3990709999999922
11
66.436515
21
-174.4214849999999899
0
LINE
8
BLACK
6
CONTINUOUS
10
66.436515
20
-174.4214849999999899
11
66.4589289999999977
21
-174.4550309999999911
0
LINE
8
BLACK
6
CONTINUOUS
10
66.4589289999999977
20
-174.4550309999999911
11
66.4667999999999921
21
-174.4945999999999913
0
LINE
8
BLACK
6
CONTINUOUS
10
66.4667999999999921
20
-174.4945999999999913
11
66.4667999999999921
21
-174.7853999999999814
0
LINE
8
BLACK
6
CONTINUOUS
10
66.4667999999999921
20
-174.7853999999999814
11
66.4589289999999977
21
-174.8249689999999816
0
LINE
8
BLACK
6
CONTINUOUS
10
66.4589289999999977
20
-174.8249689999999816
11
66.436515
21
-174.8585149999999828
0
LINE
8
BLACK
6
CONTINUOUS
10
66.436515
20
-174.8585149999999828
11
66.4029689999999988
21
-174.8809289999999805
0
LINE
8
BLACK
6
CONTINUOUS
10
66.4029689999999988
20
-174.8809289999999805
11
66.3633999999999986
21
-174.8888000000000034
0
LINE
8
BLACK
6
CONTINUOUS
10
66.3633999999999986
20
-174.8888000000000034
11
66.1565999999999974
21
-174.8888000000000034
0
LINE
8
BLACK
6
CONTINUOUS
10
66.1565999999999974
20
-174.8888000000000034
11
66.1170309999999972
21
-174.8809289999999805
0
LINE
8
BLACK
6
CONTINUOUS
10
66.1170309999999972
20
-174.8809289999999805
11
66.083484999999996
21
-174.8585149999999828
0
LINE
8
BLACK
6
CONTINUOUS
10
66.083484999999996
20
-174.8585149999999828
11
66.0610709999999983
21
-174.8249689999999816
0
LINE
8
BLACK
6
CONTINUOUS
10
66.0610709999999983
20
-174.8249689999999816
11
66.0532000000000039
21
-174.7853999999999814
0
LINE
8
BLACK
6
CONTINUOUS
10
66.0532000000000039
20
-174.7853999999999814
11
66.0532000000000039
21
-174.4945999999999913
0
LINE
8
BLACK
6
CONTINUOUS
10
66.0532000000000039
20
-174.4945999999999913
11
66.0610709999999983
21
-174.4550309999999911
0
LINE
8
BLACK
6
CONTINUOUS
10
66.0610709999999983
20
-174.4550309999999911
11
66.083484999999996
21
-174.4214849999999899
0
LINE
8
BLACK
6
CONTINUOUS
10
66.083484999999996
20
-174.4214849999999899
11
66.1170309999999972
21
-174.3990709999999922
0
LINE
8
BLACK
6
CONTINUOUS
10
66.1170309999999972
20
-174.3990709999999922
11
66.1565999999999974
21
-174.3911999999999978
0
LINE
8
BLACK
6
CONTINUOUS
10
66.1565999999999974
20
-174.3911999999999978
11
66.3633999999999986
21
-174.3911999999999978
0
LINE
8
BLACK
6
CONTINUOUS
10
66.3633999999999986
20
-174.3911999999999978
11
66.4029689999999988
21
-174.3990709999999922
0
LINE
8
BLACK
6
CONTINUOUS
10
67.4229689999999948
20
-174.3990709999999922
11
67.456514999999996
21
-174.4214849999999899
0
LINE
8
BLACK
6
CONTINUOUS
10
67.456514999999996
20
-174.4214849999999899
11
67.4789289999999937
21
-174.4550309999999911
0
LINE
8
BLACK
6
CONTINUOUS
10
67.4789289999999937
20
-174.4550309999999911
11
67.4868000000000023
21
-174.4945999999999913
0
LINE
8
BLACK
6
CONTINUOUS
10
67.4868000000000023
20
-174.4945999999999913
11
67.4868000000000023
21
-174.7853999999999814
0
LINE
8
BLACK
6
CONTINUOUS
10
67.4868000000000023
20
-174.7853999999999814
11
67.4789289999999937
21
-174.8249689999999816
0
LINE
8
BLACK
6
CONTINUOUS
10
67.4789289999999937
20
-174.8249689999999816
11
67.456514999999996
21
-174.8585149999999828
0
LINE
8
BLACK
6
CONTINUOUS
10
67.456514999999996
20
-174.8585149999999828
11
67.4229689999999948
21
-174.8809289999999805
0
LINE
8
BLACK
6
CONTINUOUS
10
67.4229689999999948
20
-174.8809289999999805
11
67.3833999999999946
21
-174.8888000000000034
0
LINE
8
BLACK
6
CONTINUOUS
10
67.3833999999999946
20
-174.8888000000000034
11
67.1765999999999934
21
-174.8888000000000034
0
LINE
8
BLACK
6
CONTINUOUS
10
67.1765999999999934
20
-174.8888000000000034
11
67.1370309999999932
21
-174.8809289999999805
0
LINE
8
BLACK
6
CONTINUOUS
10
67.1370309999999932
20
-174.8809289999999805
11
67.1034849999999921
21
-174.8585149999999828
0
LINE
8
BLACK
6
CONTINUOUS
10
67.1034849999999921
20
-174.8585149999999828
11
67.0810709999999943
21
-174.8249689999999816
0
LINE
8
BLACK
6
CONTINUOUS
10
67.0810709999999943
20
-174.8249689999999816
11
67.0731999999999999
21
-174.7853999999999814
0
LINE
8
BLACK
6
CONTINUOUS
10
67.0731999999999999
20
-174.7853999999999814
11
67.0731999999999999
21
-174.4945999999999913
0
LINE
8
BLACK
6
CONTINUOUS
10
67.0731999999999999
20
-174.4945999999999913
11
67.0810709999999943
21
-174.4550309999999911
0
LINE
8
BLACK
6
CONTINUOUS
10
67.0810709999999943
20
-174.4550309999999911
11
67.1034849999999921
21
-174.4214849999999899
0
LINE
8
BLACK
6
CONTINUOUS
10
67.1034849999999921
20
-174.4214849999999899
11
67.1370309999999932
21
-174.3990709999999922
0
LINE
8
BLACK
6
CONTINUOUS
10
67.1370309999999932
20
-174.3990709999999922
11
67.1765999999999934
21
-174.3911999999999978
0
LINE
8
BLACK
6
CONTINUOUS
10
67.1765999999999934
20
-174.3911999999999978
11
67.3833999999999946
21
-174.3911999999999978
0
LINE
8
BLACK
6
CONTINUOUS
10
67.3833999999999946
20
-174.3911999999999978
11
67.4229689999999948
21
-174.3990709999999922
0
LINE
8
BLACK
6
CONTINUOUS
10
72.8099689999999953
20
-174.4460709999999892
11
72.8435149999999965
21
-174.4684849999999869
0
LINE
8
BLACK
6
CONTINUOUS
10
72.8435149999999965
20
-174.4684849999999869
11
72.8659289999999942
21
-174.5020309999999881
0
LINE
8
BLACK
6
CONTINUOUS
10
72.8659289999999942
20
-174.5020309999999881
11
72.8738000000000028
21
-174.5415999999999883
0
LINE
8
BLACK
6
CONTINUOUS
10
72.8738000000000028
20
-174.5415999999999883
11
72.8738000000000028
21
-174.7484000000000037
0
LINE
8
BLACK
6
CONTINUOUS
10
72.8738000000000028
20
-174.7484000000000037
11
72.8659289999999942
21
-174.7879690000000039
0
LINE
8
BLACK
6
CONTINUOUS
10
72.8659289999999942
20
-174.7879690000000039
11
72.8435149999999965
21
-174.8215150000000051
0
LINE
8
BLACK
6
CONTINUOUS
10
72.8435149999999965
20
-174.8215150000000051
11
72.8099689999999953
21
-174.8439290000000028
0
LINE
8
BLACK
6
CONTINUOUS
10
72.8099689999999953
20
-174.8439290000000028
11
72.7703999999999951
21
-174.8517999999999972
0
LINE
8
BLACK
6
CONTINUOUS
10
72.7703999999999951
20
-174.8517999999999972
11
72.4795999999999907
21
-174.8517999999999972
0
LINE
8
BLACK
6
CONTINUOUS
10
72.4795999999999907
20
-174.8517999999999972
11
72.4400309999999905
21
-174.8439290000000028
0
LINE
8
BLACK
6
CONTINUOUS
10
72.4400309999999905
20
-174.8439290000000028
11
72.4064850000000035
21
-174.8215150000000051
0
LINE
8
BLACK
6
CONTINUOUS
10
72.4064850000000035
20
-174.8215150000000051
11
72.3840709999999916
21
-174.7879690000000039
0
LINE
8
BLACK
6
CONTINUOUS
10
72.3840709999999916
20
-174.7879690000000039
11
72.3761999999999972
21
-174.7484000000000037
0
LINE
8
BLACK
6
CONTINUOUS
10
72.3761999999999972
20
-174.7484000000000037
11
72.3761999999999972
21
-174.5415999999999883
0
LINE
8
BLACK
6
CONTINUOUS
10
72.3761999999999972
20
-174.5415999999999883
11
72.3840709999999916
21
-174.5020309999999881
0
LINE
8
BLACK
6
CONTINUOUS
10
72.3840709999999916
20
-174.5020309999999881
11
72.4064850000000035
21
-174.4684849999999869
0
LINE
8
BLACK
6
CONTINUOUS
10
72.4064850000000035
20
-174.4684849999999869
11
72.4400309999999905
21
-174.4460709999999892
0
LINE
8
BLACK
6
CONTINUOUS
10
72.4400309999999905
20
-174.4460709999999892
11
72.4795999999999907
21
-174.4381999999999948
0
LINE
8
BLACK
6
CONTINUOUS
10
72.4795999999999907
20
-174.4381999999999948
11
72.7703999999999951
21
-174.4381999999999948
0
LINE
8
BLACK
6
CONTINUOUS
10
72.7703999999999951
20
-174.4381999999999948
11
72.8099689999999953
21
-174.4460709999999892
0
LINE
8
BLACK
6
CONTINUOUS
10
68.2869999999999919
20
-174.8319999999999936
11
68.0330000000000013
21
-174.8319999999999936
0
LINE
8
BLACK
6
CONTINUOUS
10
68.0330000000000013
20
-174.8319999999999936
11
68.0330000000000013
21
-174.367999999999995
0
LINE
8
BLACK
6
CONTINUOUS
10
68.0330000000000013
20
-174.367999999999995
11
68.2869999999999919
21
-174.367999999999995
0
LINE
8
BLACK
6
CONTINUOUS
10
68.2869999999999919
20
-174.367999999999995
11
68.2869999999999919
21
-174.8319999999999936
0
LINE
8
BLACK
6
CONTINUOUS
10
68.9669999999999987
20
-174.4650000000000034
11
68.7129999999999939
21
-174.4650000000000034
0
LINE
8
BLACK
6
CONTINUOUS
10
68.7129999999999939
20
-174.4650000000000034
11
68.7129999999999939
21
-174.2949999999999875
0
LINE
8
BLACK
6
CONTINUOUS
10
68.7129999999999939
20
-174.2949999999999875
11
68.9669999999999987
21
-174.2949999999999875
0
LINE
8
BLACK
6
CONTINUOUS
10
68.9669999999999987
20
-174.2949999999999875
11
68.9669999999999987
21
-174.4650000000000034
0
LINE
8
BLACK
6
CONTINUOUS
10
65.6349689999999981
20
-173.7210709999999949
11
65.6685149999999993
21
-173.7434849999999926
0
LINE
8
BLACK
6
CONTINUOUS
10
65.6685149999999993
20
-173.7434849999999926
11
65.690928999999997
21
-173.7770309999999938
0
LINE
8
BLACK
6
CONTINUOUS
10
65.690928999999997
20
-173.7770309999999938
11
65.6987999999999914
21
-173.816599999999994
0
LINE
8
BLACK
6
CONTINUOUS
10
65.6987999999999914
20
-173.816599999999994
11
65.6987999999999914
21
-174.023399999999981
0
LINE
8
BLACK
6
CONTINUOUS
10
65.6987999999999914
20
-174.023399999999981
11
65.690928999999997
21
-174.0629689999999812
0
LINE
8
BLACK
6
CONTINUOUS
10
65.690928999999997
20
-174.0629689999999812
11
65.6685149999999993
21
-174.0965149999999824
0
LINE
8
BLACK
6
CONTINUOUS
10
65.6685149999999993
20
-174.0965149999999824
11
65.6349689999999981
21
-174.1189289999999801
0
LINE
8
BLACK
6
CONTINUOUS
10
65.6349689999999981
20
-174.1189289999999801
11
65.5953999999999979
21
-174.1268000000000029
0
LINE
8
BLACK
6
CONTINUOUS
10
65.5953999999999979
20
-174.1268000000000029
11
65.3045999999999935
21
-174.1268000000000029
0
LINE
8
BLACK
6
CONTINUOUS
10
65.3045999999999935
20
-174.1268000000000029
11
65.2650309999999934
21
-174.1189289999999801
0
LINE
8
BLACK
6
CONTINUOUS
10
65.2650309999999934
20
-174.1189289999999801
11
65.2314849999999922
21
-174.0965149999999824
0
LINE
8
BLACK
6
CONTINUOUS
10
65.2314849999999922
20
-174.0965149999999824
11
65.2090709999999945
21
-174.0629689999999812
0
LINE
8
BLACK
6
CONTINUOUS
10
65.2090709999999945
20
-174.0629689999999812
11
65.2012
21
-174.023399999999981
0
LINE
8
BLACK
6
CONTINUOUS
10
65.2012
20
-174.023399999999981
11
65.2012
21
-173.816599999999994
0
LINE
8
BLACK
6
CONTINUOUS
10
65.2012
20
-173.816599999999994
11
65.2090709999999945
21
-173.7770309999999938
0
LINE
8
BLACK
6
CONTINUOUS
10
65.2090709999999945
20
-173.7770309999999938
11
65.2314849999999922
21
-173.7434849999999926
0
LINE
8
BLACK
6
CONTINUOUS
10
65.2314849999999922
20
-173.7434849999999926
11
65.2650309999999934
21
-173.7210709999999949
0
LINE
8
BLACK
6
CONTINUOUS
10
65.2650309999999934
20
-173.7210709999999949
11
65.3045999999999935
21
-173.7132000000000005
0
LINE
8
BLACK
6
CONTINUOUS
10
65.3045999999999935
20
-173.7132000000000005
11
65.5953999999999979
21
-173.7132000000000005
0
LINE
8
BLACK
6
CONTINUOUS
10
65.5953999999999979
20
-173.7132000000000005
11
65.6349689999999981
21
-173.7210709999999949
0
LINE
8
BLACK
6
CONTINUOUS
10
72.8099689999999953
20
-173.426070999999979
11
72.8435149999999965
21
-173.4484850000000051
0
LINE
8
BLACK
6
CONTINUOUS
10
72.8435149999999965
20
-173.4484850000000051
11
72.8659289999999942
21
-173.4820310000000063
0
LINE
8
BLACK
6
CONTINUOUS
10
72.8659289999999942
20
-173.4820310000000063
11
72.8738000000000028
21
-173.5215999999999781
0
LINE
8
BLACK
6
CONTINUOUS
10
72.8738000000000028
20
-173.5215999999999781
11
72.8738000000000028
21
-173.7283999999999935
0
LINE
8
BLACK
6
CONTINUOUS
10
72.8738000000000028
20
-173.7283999999999935
11
72.8659289999999942
21
-173.7679689999999937
0
LINE
8
BLACK
6
CONTINUOUS
10
72.8659289999999942
20
-173.7679689999999937
11
72.8435149999999965
21
-173.8015149999999949
0
LINE
8
BLACK
6
CONTINUOUS
10
72.8435149999999965
20
-173.8015149999999949
11
72.8099689999999953
21
-173.8239289999999926
0
LINE
8
BLACK
6
CONTINUOUS
10
72.8099689999999953
20
-173.8239289999999926
11
72.7703999999999951
21
-173.831799999999987
0
LINE
8
BLACK
6
CONTINUOUS
10
72.7703999999999951
20
-173.831799999999987
11
72.4795999999999907
21
-173.831799999999987
0
LINE
8
BLACK
6
CONTINUOUS
10
72.4795999999999907
20
-173.831799999999987
11
72.4400309999999905
21
-173.8239289999999926
0
LINE
8
BLACK
6
CONTINUOUS
10
72.4400309999999905
20
-173.8239289999999926
11
72.4064850000000035
21
-173.8015149999999949
0
LINE
8
BLACK
6
CONTINUOUS
10
72.4064850000000035
20
-173.8015149999999949
11
72.3840709999999916
21
-173.7679689999999937
0
LINE
8
BLACK
6
CONTINUOUS
10
72.3840709999999916
20
-173.7679689999999937
11
72.3761999999999972
21
-173.7283999999999935
0
LINE
8
BLACK
6
CONTINUOUS
10
72.3761999999999972
20
-173.7283999999999935
11
72.3761999999999972
21
-173.5215999999999781
0
LINE
8
BLACK
6
CONTINUOUS
10
72.3761999999999972
20
-173.5215999999999781
11
72.3840709999999916
21
-173.4820310000000063
0
LINE
8
BLACK
6
CONTINUOUS
10
72.3840709999999916
20
-173.4820310000000063
11
72.4064850000000035
21
-173.4484850000000051
0
LINE
8
BLACK
6
CONTINUOUS
10
72.4064850000000035
20
-173.4484850000000051
11
72.4400309999999905
21
-173.426070999999979
0
LINE
8
BLACK
6
CONTINUOUS
10
72.4400309999999905
20
-173.426070999999979
11
72.4795999999999907
21
-173.4181999999999846
0
LINE
8
BLACK
6
CONTINUOUS
10
72.4795999999999907
20
-173.4181999999999846
11
72.7703999999999951
21
-173.4181999999999846
0
LINE
8
BLACK
6
CONTINUOUS
10
72.7703999999999951
20
-173.4181999999999846
11
72.8099689999999953
21
-173.426070999999979
0
LINE
8
BLACK
6
CONTINUOUS
10
73.6579689999999943
20
-173.2190709999999854
11
73.6915149999999954
21
-173.2414849999999831
0
LINE
8
BLACK
6
CONTINUOUS
10
73.6915149999999954
20
-173.2414849999999831
11
73.7139289999999932
21
-173.2750309999999843
0
LINE
8
BLACK
6
CONTINUOUS
10
73.7139289999999932
20
-173.2750309999999843
11
73.7218000000000018
21
-173.3145999999999844
0
LINE
8
BLACK
6
CONTINUOUS
10
73.7218000000000018
20
-173.3145999999999844
11
73.7218000000000018
21
-173.605400000000003
0
LINE
8
BLACK
6
CONTINUOUS
10
73.7218000000000018
20
-173.605400000000003
11
73.7139289999999932
21
-173.6449690000000032
0
LINE
8
BLACK
6
CONTINUOUS
10
73.7139289999999932
20
-173.6449690000000032
11
73.6915149999999954
21
-173.6785150000000044
0
LINE
8
BLACK
6
CONTINUOUS
10
73.6915149999999954
20
-173.6785150000000044
11
73.6579689999999943
21
-173.7009290000000021
0
LINE
8
BLACK
6
CONTINUOUS
10
73.6579689999999943
20
-173.7009290000000021
11
73.6183999999999941
21
-173.7087999999999965
0
LINE
8
BLACK
6
CONTINUOUS
10
73.6183999999999941
20
-173.7087999999999965
11
73.4115999999999929
21
-173.7087999999999965
0
LINE
8
BLACK
6
CONTINUOUS
10
73.4115999999999929
20
-173.7087999999999965
11
73.3720309999999927
21
-173.7009290000000021
0
LINE
8
BLACK
6
CONTINUOUS
10
73.3720309999999927
20
-173.7009290000000021
11
73.3384849999999915
21
-173.6785150000000044
0
LINE
8
BLACK
6
CONTINUOUS
10
73.3384849999999915
20
-173.6785150000000044
11
73.3160709999999938
21
-173.6449690000000032
0
LINE
8
BLACK
6
CONTINUOUS
10
73.3160709999999938
20
-173.6449690000000032
11
73.3081999999999994
21
-173.605400000000003
0
LINE
8
BLACK
6
CONTINUOUS
10
73.3081999999999994
20
-173.605400000000003
11
73.3081999999999994
21
-173.3145999999999844
0
LINE
8
BLACK
6
CONTINUOUS
10
73.3081999999999994
20
-173.3145999999999844
11
73.3160709999999938
21
-173.2750309999999843
0
LINE
8
BLACK
6
CONTINUOUS
10
73.3160709999999938
20
-173.2750309999999843
11
73.3384849999999915
21
-173.2414849999999831
0
LINE
8
BLACK
6
CONTINUOUS
10
73.3384849999999915
20
-173.2414849999999831
11
73.3720309999999927
21
-173.2190709999999854
0
LINE
8
BLACK
6
CONTINUOUS
10
73.3720309999999927
20
-173.2190709999999854
11
73.4115999999999929
21
-173.211199999999991
0
LINE
8
BLACK
6
CONTINUOUS
10
73.4115999999999929
20
-173.211199999999991
11
73.6183999999999941
21
-173.211199999999991
0
LINE
8
BLACK
6
CONTINUOUS
10
73.6183999999999941
20
-173.211199999999991
11
73.6579689999999943
21
-173.2190709999999854
0
LINE
8
BLACK
6
CONTINUOUS
10
74.6779689999999903
20
-173.2190709999999854
11
74.7115149999999915
21
-173.2414849999999831
0
LINE
8
BLACK
6
CONTINUOUS
10
74.7115149999999915
20
-173.2414849999999831
11
74.7339290000000034
21
-173.2750309999999843
0
LINE
8
BLACK
6
CONTINUOUS
10
74.7339290000000034
20
-173.2750309999999843
11
74.7417999999999978
21
-173.3145999999999844
0
LINE
8
BLACK
6
CONTINUOUS
10
74.7417999999999978
20
-173.3145999999999844
11
74.7417999999999978
21
-173.605400000000003
0
LINE
8
BLACK
6
CONTINUOUS
10
74.7417999999999978
20
-173.605400000000003
11
74.7339290000000034
21
-173.6449690000000032
0
LINE
8
BLACK
6
CONTINUOUS
10
74.7339290000000034
20
-173.6449690000000032
11
74.7115149999999915
21
-173.6785150000000044
0
LINE
8
BLACK
6
CONTINUOUS
10
74.7115149999999915
20
-173.6785150000000044
11
74.6779689999999903
21
-173.7009290000000021
0
LINE
8
BLACK
6
CONTINUOUS
10
74.6779689999999903
20
-173.7009290000000021
11
74.6383999999999901
21
-173.7087999999999965
0
LINE
8
BLACK
6
CONTINUOUS
10
74.6383999999999901
20
-173.7087999999999965
11
74.4316000000000031
21
-173.7087999999999965
0
LINE
8
BLACK
6
CONTINUOUS
10
74.4316000000000031
20
-173.7087999999999965
11
74.3920310000000029
21
-173.7009290000000021
0
LINE
8
BLACK
6
CONTINUOUS
10
74.3920310000000029
20
-173.7009290000000021
11
74.3584850000000017
21
-173.6785150000000044
0
LINE
8
BLACK
6
CONTINUOUS
10
74.3584850000000017
20
-173.6785150000000044
11
74.3360709999999898
21
-173.6449690000000032
0
LINE
8
BLACK
6
CONTINUOUS
10
74.3360709999999898
20
-173.6449690000000032
11
74.3281999999999954
21
-173.605400000000003
0
LINE
8
BLACK
6
CONTINUOUS
10
74.3281999999999954
20
-173.605400000000003
11
74.3281999999999954
21
-173.3145999999999844
0
LINE
8
BLACK
6
CONTINUOUS
10
74.3281999999999954
20
-173.3145999999999844
11
74.3360709999999898
21
-173.2750309999999843
0
LINE
8
BLACK
6
CONTINUOUS
10
74.3360709999999898
20
-173.2750309999999843
11
74.3584850000000017
21
-173.2414849999999831
0
LINE
8
BLACK
6
CONTINUOUS
10
74.3584850000000017
20
-173.2414849999999831
11
74.3920310000000029
21
-173.2190709999999854
0
LINE
8
BLACK
6
CONTINUOUS
10
74.3920310000000029
20
-173.2190709999999854
11
74.4316000000000031
21
-173.211199999999991
0
LINE
8
BLACK
6
CONTINUOUS
10
74.4316000000000031
20
-173.211199999999991
11
74.6383999999999901
21
-173.211199999999991
0
LINE
8
BLACK
6
CONTINUOUS
10
74.6383999999999901
20
-173.211199999999991
11
74.6779689999999903
21
-173.2190709999999854
0
LINE
8
BLACK
6
CONTINUOUS
10
48.7999999999999972
20
-173.6739999999999782
11
47.5799999999999983
21
-173.6739999999999782
0
LINE
8
BLACK
6
CONTINUOUS
10
47.5799999999999983
20
-173.6739999999999782
11
47.5799999999999983
21
-172.2860000000000014
0
LINE
8
BLACK
6
CONTINUOUS
10
47.5799999999999983
20
-172.2860000000000014
11
48.7999999999999972
21
-172.2860000000000014
0
LINE
8
BLACK
6
CONTINUOUS
10
48.7999999999999972
20
-172.2860000000000014
11
48.7999999999999972
21
-173.6739999999999782
0
LINE
8
BLACK
6
CONTINUOUS
10
52.8739999999999952
20
-173.6739999999999782
11
51.9059999999999988
21
-173.6739999999999782
0
LINE
8
BLACK
6
CONTINUOUS
10
51.9059999999999988
20
-173.6739999999999782
11
51.9059999999999988
21
-172.2860000000000014
0
LINE
8
BLACK
6
CONTINUOUS
10
51.9059999999999988
20
-172.2860000000000014
11
52.8739999999999952
21
-172.2860000000000014
0
LINE
8
BLACK
6
CONTINUOUS
10
52.8739999999999952
20
-172.2860000000000014
11
52.8739999999999952
21
-173.6739999999999782
0
LINE
8
BLACK
6
CONTINUOUS
10
81.1829689999999999
20
-172.9590709999999945
11
81.2165150000000011
21
-172.9814849999999922
0
LINE
8
BLACK
6
CONTINUOUS
10
81.2165150000000011
20
-172.9814849999999922
11
81.2389289999999988
21
-173.0150309999999934
0
LINE
8
BLACK
6
CONTINUOUS
10
81.2389289999999988
20
-173.0150309999999934
11
81.2467999999999932
21
-173.0545999999999935
0
LINE
8
BLACK
6
CONTINUOUS
10
81.2467999999999932
20
-173.0545999999999935
11
81.2467999999999932
21
-173.3453999999999837
0
LINE
8
BLACK
6
CONTINUOUS
10
81.2467999999999932
20
-173.3453999999999837
11
81.2389289999999988
21
-173.3849689999999839
0
LINE
8
BLACK
6
CONTINUOUS
10
81.2389289999999988
20
-173.3849689999999839
11
81.2165150000000011
21
-173.4185149999999851
0
LINE
8
BLACK
6
CONTINUOUS
10
81.2165150000000011
20
-173.4185149999999851
11
81.1829689999999999
21
-173.4409289999999828
0
LINE
8
BLACK
6
CONTINUOUS
10
81.1829689999999999
20
-173.4409289999999828
11
81.1433999999999997
21
-173.4488000000000056
0
LINE
8
BLACK
6
CONTINUOUS
10
81.1433999999999997
20
-173.4488000000000056
11
80.9365999999999985
21
-173.4488000000000056
0
LINE
8
BLACK
6
CONTINUOUS
10
80.9365999999999985
20
-173.4488000000000056
11
80.8970309999999984
21
-173.4409289999999828
0
LINE
8
BLACK
6
CONTINUOUS
10
80.8970309999999984
20
-173.4409289999999828
11
80.8634849999999972
21
-173.4185149999999851
0
LINE
8
BLACK
6
CONTINUOUS
10
80.8634849999999972
20
-173.4185149999999851
11
80.8410709999999995
21
-173.3849689999999839
0
LINE
8
BLACK
6
CONTINUOUS
10
80.8410709999999995
20
-173.3849689999999839
11
80.8331999999999908
21
-173.3453999999999837
0
LINE
8
BLACK
6
CONTINUOUS
10
80.8331999999999908
20
-173.3453999999999837
11
80.8331999999999908
21
-173.0545999999999935
0
LINE
8
BLACK
6
CONTINUOUS
10
80.8331999999999908
20
-173.0545999999999935
11
80.8410709999999995
21
-173.0150309999999934
0
LINE
8
BLACK
6
CONTINUOUS
10
80.8410709999999995
20
-173.0150309999999934
11
80.8634849999999972
21
-172.9814849999999922
0
LINE
8
BLACK
6
CONTINUOUS
10
80.8634849999999972
20
-172.9814849999999922
11
80.8970309999999984
21
-172.9590709999999945
0
LINE
8
BLACK
6
CONTINUOUS
10
80.8970309999999984
20
-172.9590709999999945
11
80.9365999999999985
21
-172.9512
0
LINE
8
BLACK
6
CONTINUOUS
10
80.9365999999999985
20
-172.9512
11
81.1433999999999997
21
-172.9512
0
LINE
8
BLACK
6
CONTINUOUS
10
81.1433999999999997
20
-172.9512
11
81.1829689999999999
21
-172.9590709999999945
0
LINE
8
BLACK
6
CONTINUOUS
10
82.202968999999996
20
-172.9590709999999945
11
82.2365149999999971
21
-172.9814849999999922
0
LINE
8
BLACK
6
CONTINUOUS
10
82.2365149999999971
20
-172.9814849999999922
11
82.2589289999999949
21
-173.0150309999999934
0
LINE
8
BLACK
6
CONTINUOUS
10
82.2589289999999949
20
-173.0150309999999934
11
82.2667999999999893
21
-173.0545999999999935
0
LINE
8
BLACK
6
CONTINUOUS
10
82.2667999999999893
20
-173.0545999999999935
11
82.2667999999999893
21
-173.3453999999999837
0
LINE
8
BLACK
6
CONTINUOUS
10
82.2667999999999893
20
-173.3453999999999837
11
82.2589289999999949
21
-173.3849689999999839
0
LINE
8
BLACK
6
CONTINUOUS
10
82.2589289999999949
20
-173.3849689999999839
11
82.2365149999999971
21
-173.4185149999999851
0
LINE
8
BLACK
6
CONTINUOUS
10
82.2365149999999971
20
-173.4185149999999851
11
82.202968999999996
21
-173.4409289999999828
0
LINE
8
BLACK
6
CONTINUOUS
10
82.202968999999996
20
-173.4409289999999828
11
82.1633999999999958
21
-173.4488000000000056
0
LINE
8
BLACK
6
CONTINUOUS
10
82.1633999999999958
20
-173.4488000000000056
11
81.9565999999999946
21
-173.4488000000000056
0
LINE
8
BLACK
6
CONTINUOUS
10
81.9565999999999946
20
-173.4488000000000056
11
81.9170309999999944
21
-173.4409289999999828
0
LINE
8
BLACK
6
CONTINUOUS
10
81.9170309999999944
20
-173.4409289999999828
11
81.8834849999999932
21
-173.4185149999999851
0
LINE
8
BLACK
6
CONTINUOUS
10
81.8834849999999932
20
-173.4185149999999851
11
81.8610709999999955
21
-173.3849689999999839
0
LINE
8
BLACK
6
CONTINUOUS
10
81.8610709999999955
20
-173.3849689999999839
11
81.8532000000000011
21
-173.3453999999999837
0
LINE
8
BLACK
6
CONTINUOUS
10
81.8532000000000011
20
-173.3453999999999837
11
81.8532000000000011
21
-173.0545999999999935
0
LINE
8
BLACK
6
CONTINUOUS
10
81.8532000000000011
20
-173.0545999999999935
11
81.8610709999999955
21
-173.0150309999999934
0
LINE
8
BLACK
6
CONTINUOUS
10
81.8610709999999955
20
-173.0150309999999934
11
81.8834849999999932
21
-172.9814849999999922
0
LINE
8
BLACK
6
CONTINUOUS
10
81.8834849999999932
20
-172.9814849999999922
11
81.9170309999999944
21
-172.9590709999999945
0
LINE
8
BLACK
6
CONTINUOUS
10
81.9170309999999944
20
-172.9590709999999945
11
81.9565999999999946
21
-172.9512
0
LINE
8
BLACK
6
CONTINUOUS
10
81.9565999999999946
20
-172.9512
11
82.1633999999999958
21
-172.9512
0
LINE
8
BLACK
6
CONTINUOUS
10
82.1633999999999958
20
-172.9512
11
82.202968999999996
21
-172.9590709999999945
0
LINE
8
BLACK
6
CONTINUOUS
10
68.8389769999999999
20
-171.8654310000000009
11
68.8738850000000014
21
-171.8887550000000033
0
LINE
8
BLACK
6
CONTINUOUS
10
68.8738850000000014
20
-171.8887550000000033
11
68.8972090000000037
21
-171.9236630000000048
0
LINE
8
BLACK
6
CONTINUOUS
10
68.8972090000000037
20
-171.9236630000000048
11
68.9054000000000002
21
-171.964839999999981
0
LINE
8
BLACK
6
CONTINUOUS
10
68.9054000000000002
20
-171.964839999999981
11
68.9054000000000002
21
-172.1800399999999911
0
LINE
8
BLACK
6
CONTINUOUS
10
68.9054000000000002
20
-172.1800399999999911
11
68.8972090000000037
21
-172.2212169999999958
0
LINE
8
BLACK
6
CONTINUOUS
10
68.8972090000000037
20
-172.2212169999999958
11
68.8738850000000014
21
-172.2561249999999973
0
LINE
8
BLACK
6
CONTINUOUS
10
68.8738850000000014
20
-172.2561249999999973
11
68.8389769999999999
21
-172.2794489999999996
0
LINE
8
BLACK
6
CONTINUOUS
10
68.8389769999999999
20
-172.2794489999999996
11
68.7977999999999952
21
-172.2876399999999819
0
LINE
8
BLACK
6
CONTINUOUS
10
68.7977999999999952
20
-172.2876399999999819
11
68.5322000000000031
21
-172.2876399999999819
0
LINE
8
BLACK
6
CONTINUOUS
10
68.5322000000000031
20
-172.2876399999999819
11
68.4910229999999984
21
-172.2794489999999996
0
LINE
8
BLACK
6
CONTINUOUS
10
68.4910229999999984
20
-172.2794489999999996
11
68.4561149999999969
21
-172.2561249999999973
0
LINE
8
BLACK
6
CONTINUOUS
10
68.4561149999999969
20
-172.2561249999999973
11
68.4327909999999946
21
-172.2212169999999958
0
LINE
8
BLACK
6
CONTINUOUS
10
68.4327909999999946
20
-172.2212169999999958
11
68.4245999999999981
21
-172.1800399999999911
0
LINE
8
BLACK
6
CONTINUOUS
10
68.4245999999999981
20
-172.1800399999999911
11
68.4245999999999981
21
-171.964839999999981
0
LINE
8
BLACK
6
CONTINUOUS
10
68.4245999999999981
20
-171.964839999999981
11
68.4327909999999946
21
-171.9236630000000048
0
LINE
8
BLACK
6
CONTINUOUS
10
68.4327909999999946
20
-171.9236630000000048
11
68.4561149999999969
21
-171.8887550000000033
0
LINE
8
BLACK
6
CONTINUOUS
10
68.4561149999999969
20
-171.8887550000000033
11
68.4910229999999984
21
-171.8654310000000009
0
LINE
8
BLACK
6
CONTINUOUS
10
68.4910229999999984
20
-171.8654310000000009
11
68.5322000000000031
21
-171.8572399999999902
0
LINE
8
BLACK
6
CONTINUOUS
10
68.5322000000000031
20
-171.8572399999999902
11
68.7977999999999952
21
-171.8572399999999902
0
LINE
8
BLACK
6
CONTINUOUS
10
68.7977999999999952
20
-171.8572399999999902
11
68.8389769999999999
21
-171.8654310000000009
0
LINE
8
BLACK
6
CONTINUOUS
10
71.5049690000000027
20
-171.6410709999999824
11
71.5385150000000039
21
-171.6634849999999801
0
LINE
8
BLACK
6
CONTINUOUS
10
71.5385150000000039
20
-171.6634849999999801
11
71.5609290000000016
21
-171.6970309999999813
0
LINE
8
BLACK
6
CONTINUOUS
10
71.5609290000000016
20
-171.6970309999999813
11
71.568799999999996
21
-171.7365999999999815
0
LINE
8
BLACK
6
CONTINUOUS
10
71.568799999999996
20
-171.7365999999999815
11
71.568799999999996
21
-171.9433999999999969
0
LINE
8
BLACK
6
CONTINUOUS
10
71.568799999999996
20
-171.9433999999999969
11
71.5609290000000016
21
-171.9829689999999971
0
LINE
8
BLACK
6
CONTINUOUS
10
71.5609290000000016
20
-171.9829689999999971
11
71.5385150000000039
21
-172.0165149999999983
0
LINE
8
BLACK
6
CONTINUOUS
10
71.5385150000000039
20
-172.0165149999999983
11
71.5049690000000027
21
-172.038928999999996
0
LINE
8
BLACK
6
CONTINUOUS
10
71.5049690000000027
20
-172.038928999999996
11
71.4654000000000025
21
-172.0467999999999904
0
LINE
8
BLACK
6
CONTINUOUS
10
71.4654000000000025
20
-172.0467999999999904
11
71.1745999999999981
21
-172.0467999999999904
0
LINE
8
BLACK
6
CONTINUOUS
10
71.1745999999999981
20
-172.0467999999999904
11
71.1350309999999979
21
-172.038928999999996
0
LINE
8
BLACK
6
CONTINUOUS
10
71.1350309999999979
20
-172.038928999999996
11
71.1014849999999967
21
-172.0165149999999983
0
LINE
8
BLACK
6
CONTINUOUS
10
71.1014849999999967
20
-172.0165149999999983
11
71.079070999999999
21
-171.9829689999999971
0
LINE
8
BLACK
6
CONTINUOUS
10
71.079070999999999
20
-171.9829689999999971
11
71.0711999999999904
21
-171.9433999999999969
0
LINE
8
BLACK
6
CONTINUOUS
10
71.0711999999999904
20
-171.9433999999999969
11
71.0711999999999904
21
-171.7365999999999815
0
LINE
8
BLACK
6
CONTINUOUS
10
71.0711999999999904
20
-171.7365999999999815
11
71.079070999999999
21
-171.6970309999999813
0
LINE
8
BLACK
6
CONTINUOUS
10
71.079070999999999
20
-171.6970309999999813
11
71.1014849999999967
21
-171.6634849999999801
0
LINE
8
BLACK
6
CONTINUOUS
10
71.1014849999999967
20
-171.6634849999999801
11
71.1350309999999979
21
-171.6410709999999824
0
LINE
8
BLACK
6
CONTINUOUS
10
71.1350309999999979
20
-171.6410709999999824
11
71.1745999999999981
21
-171.633199999999988
0
LINE
8
BLACK
6
CONTINUOUS
10
71.1745999999999981
20
-171.633199999999988
11
71.4654000000000025
21
-171.633199999999988
0
LINE
8
BLACK
6
CONTINUOUS
10
71.4654000000000025
20
-171.633199999999988
11
71.5049690000000027
21
-171.6410709999999824
0
LINE
8
BLACK
6
CONTINUOUS
10
64.0239770000000021
20
-171.6229909999999848
11
64.0588850000000036
21
-171.6463149999999871
0
LINE
8
BLACK
6
CONTINUOUS
10
64.0588850000000036
20
-171.6463149999999871
11
64.0822089999999918
21
-171.6812229999999886
0
LINE
8
BLACK
6
CONTINUOUS
10
64.0822089999999918
20
-171.6812229999999886
11
64.0904000000000025
21
-171.7223999999999933
0
LINE
8
BLACK
6
CONTINUOUS
10
64.0904000000000025
20
-171.7223999999999933
11
64.0904000000000025
21
-171.9376000000000033
0
LINE
8
BLACK
6
CONTINUOUS
10
64.0904000000000025
20
-171.9376000000000033
11
64.0822089999999918
21
-171.9787769999999796
0
LINE
8
BLACK
6
CONTINUOUS
10
64.0822089999999918
20
-171.9787769999999796
11
64.0588850000000036
21
-172.0136849999999811
0
LINE
8
BLACK
6
CONTINUOUS
10
64.0588850000000036
20
-172.0136849999999811
11
64.0239770000000021
21
-172.0370089999999834
0
LINE
8
BLACK
6
CONTINUOUS
10
64.0239770000000021
20
-172.0370089999999834
11
63.9827999999999975
21
-172.0451999999999941
0
LINE
8
BLACK
6
CONTINUOUS
10
63.9827999999999975
20
-172.0451999999999941
11
63.7171999999999983
21
-172.0451999999999941
0
LINE
8
BLACK
6
CONTINUOUS
10
63.7171999999999983
20
-172.0451999999999941
11
63.6760229999999936
21
-172.0370089999999834
0
LINE
8
BLACK
6
CONTINUOUS
10
63.6760229999999936
20
-172.0370089999999834
11
63.6411149999999992
21
-172.0136849999999811
0
LINE
8
BLACK
6
CONTINUOUS
10
63.6411149999999992
20
-172.0136849999999811
11
63.6177909999999969
21
-171.9787769999999796
0
LINE
8
BLACK
6
CONTINUOUS
10
63.6177909999999969
20
-171.9787769999999796
11
63.6096000000000004
21
-171.9376000000000033
0
LINE
8
BLACK
6
CONTINUOUS
10
63.6096000000000004
20
-171.9376000000000033
11
63.6096000000000004
21
-171.7223999999999933
0
LINE
8
BLACK
6
CONTINUOUS
10
63.6096000000000004
20
-171.7223999999999933
11
63.6177909999999969
21
-171.6812229999999886
0
LINE
8
BLACK
6
CONTINUOUS
10
63.6177909999999969
20
-171.6812229999999886
11
63.6411149999999992
21
-171.6463149999999871
0
LINE
8
BLACK
6
CONTINUOUS
10
63.6411149999999992
20
-171.6463149999999871
11
63.6760229999999936
21
-171.6229909999999848
0
LINE
8
BLACK
6
CONTINUOUS
10
63.6760229999999936
20
-171.6229909999999848
11
63.7171999999999983
21
-171.6148000000000025
0
LINE
8
BLACK
6
CONTINUOUS
10
63.7171999999999983
20
-171.6148000000000025
11
63.9827999999999975
21
-171.6148000000000025
0
LINE
8
BLACK
6
CONTINUOUS
10
63.9827999999999975
20
-171.6148000000000025
11
64.0239770000000021
21
-171.6229909999999848
0
LINE
8
BLACK
6
CONTINUOUS
10
66.3134000000000015
20
-172.0344399999999894
11
66.1265999999999963
21
-172.0344399999999894
0
LINE
8
BLACK
6
CONTINUOUS
10
66.1265999999999963
20
-172.0344399999999894
11
66.1265999999999963
21
-171.5704399999999907
0
LINE
8
BLACK
6
CONTINUOUS
10
66.1265999999999963
20
-171.5704399999999907
11
66.3134000000000015
21
-171.5704399999999907
0
LINE
8
BLACK
6
CONTINUOUS
10
66.3134000000000015
20
-171.5704399999999907
11
66.3134000000000015
21
-172.0344399999999894
0
LINE
8
BLACK
6
CONTINUOUS
10
66.8134000000000015
20
-172.0344399999999894
11
66.6265999999999963
21
-172.0344399999999894
0
LINE
8
BLACK
6
CONTINUOUS
10
66.6265999999999963
20
-172.0344399999999894
11
66.6265999999999963
21
-171.5704399999999907
0
LINE
8
BLACK
6
CONTINUOUS
10
66.6265999999999963
20
-171.5704399999999907
11
66.8134000000000015
21
-171.5704399999999907
0
LINE
8
BLACK
6
CONTINUOUS
10
66.8134000000000015
20
-171.5704399999999907
11
66.8134000000000015
21
-172.0344399999999894
0
LINE
8
BLACK
6
CONTINUOUS
10
67.3134000000000015
20
-172.0344399999999894
11
67.1265999999999963
21
-172.0344399999999894
0
LINE
8
BLACK
6
CONTINUOUS
10
67.1265999999999963
20
-172.0344399999999894
11
67.1265999999999963
21
-171.5704399999999907
0
LINE
8
BLACK
6
CONTINUOUS
10
67.1265999999999963
20
-171.5704399999999907
11
67.3134000000000015
21
-171.5704399999999907
0
LINE
8
BLACK
6
CONTINUOUS
10
67.3134000000000015
20
-171.5704399999999907
11
67.3134000000000015
21
-172.0344399999999894
0
LINE
8
BLACK
6
CONTINUOUS
10
64.763976999999997
20
-171.6054309999999816
11
64.7988849999999985
21
-171.628754999999984
0
LINE
8
BLACK
6
CONTINUOUS
10
64.7988849999999985
20
-171.628754999999984
11
64.8222090000000009
21
-171.6636629999999855
0
LINE
8
BLACK
6
CONTINUOUS
10
64.8222090000000009
20
-171.6636629999999855
11
64.8303999999999974
21
-171.7048399999999901
0
LINE
8
BLACK
6
CONTINUOUS
10
64.8303999999999974
20
-171.7048399999999901
11
64.8303999999999974
21
-171.9200400000000002
0
LINE
8
BLACK
6
CONTINUOUS
10
64.8303999999999974
20
-171.9200400000000002
11
64.8222090000000009
21
-171.9612170000000049
0
LINE
8
BLACK
6
CONTINUOUS
10
64.8222090000000009
20
-171.9612170000000049
11
64.7988849999999985
21
-171.9961250000000064
0
LINE
8
BLACK
6
CONTINUOUS
10
64.7988849999999985
20
-171.9961250000000064
11
64.763976999999997
21
-172.0194489999999803
0
LINE
8
BLACK
6
CONTINUOUS
10
64.763976999999997
20
-172.0194489999999803
11
64.7227999999999923
21
-172.027639999999991
0
LINE
8
BLACK
6
CONTINUOUS
10
64.7227999999999923
20
-172.027639999999991
11
64.4572000000000003
21
-172.027639999999991
0
LINE
8
BLACK
6
CONTINUOUS
10
64.4572000000000003
20
-172.027639999999991
11
64.4160229999999956
21
-172.0194489999999803
0
LINE
8
BLACK
6
CONTINUOUS
10
64.4160229999999956
20
-172.0194489999999803
11
64.3811149999999941
21
-171.9961250000000064
0
LINE
8
BLACK
6
CONTINUOUS
10
64.3811149999999941
20
-171.9961250000000064
11
64.3577909999999918
21
-171.9612170000000049
0
LINE
8
BLACK
6
CONTINUOUS
10
64.3577909999999918
20
-171.9612170000000049
11
64.3495999999999952
21
-171.9200400000000002
0
LINE
8
BLACK
6
CONTINUOUS
10
64.3495999999999952
20
-171.9200400000000002
11
64.3495999999999952
21
-171.7048399999999901
0
LINE
8
BLACK
6
CONTINUOUS
10
64.3495999999999952
20
-171.7048399999999901
11
64.3577909999999918
21
-171.6636629999999855
0
LINE
8
BLACK
6
CONTINUOUS
10
64.3577909999999918
20
-171.6636629999999855
11
64.3811149999999941
21
-171.628754999999984
0
LINE
8
BLACK
6
CONTINUOUS
10
64.3811149999999941
20
-171.628754999999984
11
64.4160229999999956
21
-171.6054309999999816
0
LINE
8
BLACK
6
CONTINUOUS
10
64.4160229999999956
20
-171.6054309999999816
11
64.4572000000000003
21
-171.5972399999999993
0
LINE
8
BLACK
6
CONTINUOUS
10
64.4572000000000003
20
-171.5972399999999993
11
64.7227999999999923
21
-171.5972399999999993
0
LINE
8
BLACK
6
CONTINUOUS
10
64.7227999999999923
20
-171.5972399999999993
11
64.763976999999997
21
-171.6054309999999816
0
LINE
8
BLACK
6
CONTINUOUS
10
61.4899999999999949
20
-171.9594400000000007
11
61.1099999999999994
21
-171.9594400000000007
0
LINE
8
BLACK
6
CONTINUOUS
10
61.1099999999999994
20
-171.9594400000000007
11
61.1099999999999994
21
-171.7054399999999816
0
LINE
8
BLACK
6
CONTINUOUS
10
61.1099999999999994
20
-171.7054399999999816
11
61.4899999999999949
21
-171.7054399999999816
0
LINE
8
BLACK
6
CONTINUOUS
10
61.4899999999999949
20
-171.7054399999999816
11
61.4899999999999949
21
-171.9594400000000007
0
LINE
8
BLACK
6
CONTINUOUS
10
63.3299999999999983
20
-171.9594400000000007
11
62.9499999999999957
21
-171.9594400000000007
0
LINE
8
BLACK
6
CONTINUOUS
10
62.9499999999999957
20
-171.9594400000000007
11
62.9499999999999957
21
-171.7054399999999816
0
LINE
8
BLACK
6
CONTINUOUS
10
62.9499999999999957
20
-171.7054399999999816
11
63.3299999999999983
21
-171.7054399999999816
0
LINE
8
BLACK
6
CONTINUOUS
10
63.3299999999999983
20
-171.7054399999999816
11
63.3299999999999983
21
-171.9594400000000007
0
LINE
8
BLACK
6
CONTINUOUS
10
60.7439769999999939
20
-171.5104309999999828
11
60.7788849999999954
21
-171.5337549999999851
0
LINE
8
BLACK
6
CONTINUOUS
10
60.7788849999999954
20
-171.5337549999999851
11
60.8022089999999977
21
-171.5686629999999866
0
LINE
8
BLACK
6
CONTINUOUS
10
60.8022089999999977
20
-171.5686629999999866
11
60.8103999999999942
21
-171.6098399999999913
0
LINE
8
BLACK
6
CONTINUOUS
10
60.8103999999999942
20
-171.6098399999999913
11
60.8103999999999942
21
-171.8250400000000013
0
LINE
8
BLACK
6
CONTINUOUS
10
60.8103999999999942
20
-171.8250400000000013
11
60.8022089999999977
21
-171.866217000000006
0
LINE
8
BLACK
6
CONTINUOUS
10
60.8022089999999977
20
-171.866217000000006
11
60.7788849999999954
21
-171.9011249999999791
0
LINE
8
BLACK
6
CONTINUOUS
10
60.7788849999999954
20
-171.9011249999999791
11
60.7439769999999939
21
-171.9244489999999814
0
LINE
8
BLACK
6
CONTINUOUS
10
60.7439769999999939
20
-171.9244489999999814
11
60.7027999999999963
21
-171.9326399999999921
0
LINE
8
BLACK
6
CONTINUOUS
10
60.7027999999999963
20
-171.9326399999999921
11
60.4371999999999971
21
-171.9326399999999921
0
LINE
8
BLACK
6
CONTINUOUS
10
60.4371999999999971
20
-171.9326399999999921
11
60.3960229999999996
21
-171.9244489999999814
0
LINE
8
BLACK
6
CONTINUOUS
10
60.3960229999999996
20
-171.9244489999999814
11
60.3611149999999981
21
-171.9011249999999791
0
LINE
8
BLACK
6
CONTINUOUS
10
60.3611149999999981
20
-171.9011249999999791
11
60.3377909999999957
21
-171.866217000000006
0
LINE
8
BLACK
6
CONTINUOUS
10
60.3377909999999957
20
-171.866217000000006
11
60.3295999999999992
21
-171.8250400000000013
0
LINE
8
BLACK
6
CONTINUOUS
10
60.3295999999999992
20
-171.8250400000000013
11
60.3295999999999992
21
-171.6098399999999913
0
LINE
8
BLACK
6
CONTINUOUS
10
60.3295999999999992
20
-171.6098399999999913
11
60.3377909999999957
21
-171.5686629999999866
0
LINE
8
BLACK
6
CONTINUOUS
10
60.3377909999999957
20
-171.5686629999999866
11
60.3611149999999981
21
-171.5337549999999851
0
LINE
8
BLACK
6
CONTINUOUS
10
60.3611149999999981
20
-171.5337549999999851
11
60.3960229999999996
21
-171.5104309999999828
0
LINE
8
BLACK
6
CONTINUOUS
10
60.3960229999999996
20
-171.5104309999999828
11
60.4371999999999971
21
-171.5022400000000005
0
LINE
8
BLACK
6
CONTINUOUS
10
60.4371999999999971
20
-171.5022400000000005
11
60.7027999999999963
21
-171.5022400000000005
0
LINE
8
BLACK
6
CONTINUOUS
10
60.7027999999999963
20
-171.5022400000000005
11
60.7439769999999939
21
-171.5104309999999828
0
LINE
8
BLACK
6
CONTINUOUS
10
62.5150000000000006
20
-171.7714399999999841
11
61.9249999999999972
21
-171.7714399999999841
0
LINE
8
BLACK
6
CONTINUOUS
10
61.9249999999999972
20
-171.7714399999999841
11
61.9249999999999972
21
-170.5934399999999869
0
LINE
8
BLACK
6
CONTINUOUS
10
61.9249999999999972
20
-170.5934399999999869
11
62.5150000000000006
21
-170.5934399999999869
0
LINE
8
BLACK
6
CONTINUOUS
10
62.5150000000000006
20
-170.5934399999999869
11
62.5150000000000006
21
-171.7714399999999841
0
LINE
8
BLACK
6
CONTINUOUS
10
65.7819999999999965
20
-171.7258400000000051
11
65.3179999999999978
21
-171.7258400000000051
0
LINE
8
BLACK
6
CONTINUOUS
10
65.3179999999999978
20
-171.7258400000000051
11
65.3179999999999978
21
-171.53904
0
LINE
8
BLACK
6
CONTINUOUS
10
65.3179999999999978
20
-171.53904
11
65.7819999999999965
21
-171.53904
0
LINE
8
BLACK
6
CONTINUOUS
10
65.7819999999999965
20
-171.53904
11
65.7819999999999965
21
-171.7258400000000051
0
LINE
8
BLACK
6
CONTINUOUS
10
68.1219999999999999
20
-171.7258400000000051
11
67.6580000000000013
21
-171.7258400000000051
0
LINE
8
BLACK
6
CONTINUOUS
10
67.6580000000000013
20
-171.7258400000000051
11
67.6580000000000013
21
-171.53904
0
LINE
8
BLACK
6
CONTINUOUS
10
67.6580000000000013
20
-171.53904
11
68.1219999999999999
21
-171.53904
0
LINE
8
BLACK
6
CONTINUOUS
10
68.1219999999999999
20
-171.53904
11
68.1219999999999999
21
-171.7258400000000051
0
LINE
8
BLACK
6
CONTINUOUS
10
68.8389769999999999
20
-170.905430999999993
11
68.8738850000000014
21
-170.9287549999999953
0
LINE
8
BLACK
6
CONTINUOUS
10
68.8738850000000014
20
-170.9287549999999953
11
68.8972090000000037
21
-170.9636629999999968
0
LINE
8
BLACK
6
CONTINUOUS
10
68.8972090000000037
20
-170.9636629999999968
11
68.9054000000000002
21
-171.0048400000000015
0
LINE
8
BLACK
6
CONTINUOUS
10
68.9054000000000002
20
-171.0048400000000015
11
68.9054000000000002
21
-171.2200399999999831
0
LINE
8
BLACK
6
CONTINUOUS
10
68.9054000000000002
20
-171.2200399999999831
11
68.8972090000000037
21
-171.2612169999999878
0
LINE
8
BLACK
6
CONTINUOUS
10
68.8972090000000037
20
-171.2612169999999878
11
68.8738850000000014
21
-171.2961249999999893
0
LINE
8
BLACK
6
CONTINUOUS
10
68.8738850000000014
20
-171.2961249999999893
11
68.8389769999999999
21
-171.3194489999999917
0
LINE
8
BLACK
6
CONTINUOUS
10
68.8389769999999999
20
-171.3194489999999917
11
68.7977999999999952
21
-171.3276400000000024
0
LINE
8
BLACK
6
CONTINUOUS
10
68.7977999999999952
20
-171.3276400000000024
11
68.5322000000000031
21
-171.3276400000000024
0
LINE
8
BLACK
6
CONTINUOUS
10
68.5322000000000031
20
-171.3276400000000024
11
68.4910229999999984
21
-171.3194489999999917
0
LINE
8
BLACK
6
CONTINUOUS
10
68.4910229999999984
20
-171.3194489999999917
11
68.4561149999999969
21
-171.2961249999999893
0
LINE
8
BLACK
6
CONTINUOUS
10
68.4561149999999969
20
-171.2961249999999893
11
68.4327909999999946
21
-171.2612169999999878
0
LINE
8
BLACK
6
CONTINUOUS
10
68.4327909999999946
20
-171.2612169999999878
11
68.4245999999999981
21
-171.2200399999999831
0
LINE
8
BLACK
6
CONTINUOUS
10
68.4245999999999981
20
-171.2200399999999831
11
68.4245999999999981
21
-171.0048400000000015
0
LINE
8
BLACK
6
CONTINUOUS
10
68.4245999999999981
20
-171.0048400000000015
11
68.4327909999999946
21
-170.9636629999999968
0
LINE
8
BLACK
6
CONTINUOUS
10
68.4327909999999946
20
-170.9636629999999968
11
68.4561149999999969
21
-170.9287549999999953
0
LINE
8
BLACK
6
CONTINUOUS
10
68.4561149999999969
20
-170.9287549999999953
11
68.4910229999999984
21
-170.905430999999993
0
LINE
8
BLACK
6
CONTINUOUS
10
68.4910229999999984
20
-170.905430999999993
11
68.5322000000000031
21
-170.8972399999999823
0
LINE
8
BLACK
6
CONTINUOUS
10
68.5322000000000031
20
-170.8972399999999823
11
68.7977999999999952
21
-170.8972399999999823
0
LINE
8
BLACK
6
CONTINUOUS
10
68.7977999999999952
20
-170.8972399999999823
11
68.8389769999999999
21
-170.905430999999993
0
LINE
8
BLACK
6
CONTINUOUS
10
61.4899999999999949
20
-171.3094399999999951
11
61.1099999999999994
21
-171.3094399999999951
0
LINE
8
BLACK
6
CONTINUOUS
10
61.1099999999999994
20
-171.3094399999999951
11
61.1099999999999994
21
-171.0554400000000044
0
LINE
8
BLACK
6
CONTINUOUS
10
61.1099999999999994
20
-171.0554400000000044
11
61.4899999999999949
21
-171.0554400000000044
0
LINE
8
BLACK
6
CONTINUOUS
10
61.4899999999999949
20
-171.0554400000000044
11
61.4899999999999949
21
-171.3094399999999951
0
LINE
8
BLACK
6
CONTINUOUS
10
63.3299999999999983
20
-171.3094399999999951
11
62.9499999999999957
21
-171.3094399999999951
0
LINE
8
BLACK
6
CONTINUOUS
10
62.9499999999999957
20
-171.3094399999999951
11
62.9499999999999957
21
-171.0554400000000044
0
LINE
8
BLACK
6
CONTINUOUS
10
62.9499999999999957
20
-171.0554400000000044
11
63.3299999999999983
21
-171.0554400000000044
0
LINE
8
BLACK
6
CONTINUOUS
10
63.3299999999999983
20
-171.0554400000000044
11
63.3299999999999983
21
-171.3094399999999951
0
LINE
8
BLACK
6
CONTINUOUS
10
65.7819999999999965
20
-171.2258400000000051
11
65.3179999999999978
21
-171.2258400000000051
0
LINE
8
BLACK
6
CONTINUOUS
10
65.3179999999999978
20
-171.2258400000000051
11
65.3179999999999978
21
-171.03904
0
LINE
8
BLACK
6
CONTINUOUS
10
65.3179999999999978
20
-171.03904
11
65.7819999999999965
21
-171.03904
0
LINE
8
BLACK
6
CONTINUOUS
10
65.7819999999999965
20
-171.03904
11
65.7819999999999965
21
-171.2258400000000051
0
LINE
8
BLACK
6
CONTINUOUS
10
68.1219999999999999
20
-171.2258400000000051
11
67.6580000000000013
21
-171.2258400000000051
0
LINE
8
BLACK
6
CONTINUOUS
10
67.6580000000000013
20
-171.2258400000000051
11
67.6580000000000013
21
-171.03904
0
LINE
8
BLACK
6
CONTINUOUS
10
67.6580000000000013
20
-171.03904
11
68.1219999999999999
21
-171.03904
0
LINE
8
BLACK
6
CONTINUOUS
10
68.1219999999999999
20
-171.03904
11
68.1219999999999999
21
-171.2258400000000051
0
LINE
8
BLACK
6
CONTINUOUS
10
53.2687999999999988
20
-171.1699999999999875
11
52.3511999999999986
21
-171.1699999999999875
0
LINE
8
BLACK
6
CONTINUOUS
10
52.3511999999999986
20
-171.1699999999999875
11
52.3511999999999986
21
-170.789999999999992
0
LINE
8
BLACK
6
CONTINUOUS
10
52.3511999999999986
20
-170.789999999999992
11
53.2687999999999988
21
-170.789999999999992
0
LINE
8
BLACK
6
CONTINUOUS
10
53.2687999999999988
20
-170.789999999999992
11
53.2687999999999988
21
-171.1699999999999875
0
LINE
8
BLACK
6
CONTINUOUS
10
64.0239770000000021
20
-170.6629910000000052
11
64.0588850000000036
21
-170.6863149999999791
0
LINE
8
BLACK
6
CONTINUOUS
10
64.0588850000000036
20
-170.6863149999999791
11
64.0822089999999918
21
-170.7212229999999806
0
LINE
8
BLACK
6
CONTINUOUS
10
64.0822089999999918
20
-170.7212229999999806
11
64.0904000000000025
21
-170.7623999999999853
0
LINE
8
BLACK
6
CONTINUOUS
10
64.0904000000000025
20
-170.7623999999999853
11
64.0904000000000025
21
-170.9775999999999954
0
LINE
8
BLACK
6
CONTINUOUS
10
64.0904000000000025
20
-170.9775999999999954
11
64.0822089999999918
21
-171.018777
0
LINE
8
BLACK
6
CONTINUOUS
10
64.0822089999999918
20
-171.018777
11
64.0588850000000036
21
-171.0536850000000015
0
LINE
8
BLACK
6
CONTINUOUS
10
64.0588850000000036
20
-171.0536850000000015
11
64.0239770000000021
21
-171.0770090000000039
0
LINE
8
BLACK
6
CONTINUOUS
10
64.0239770000000021
20
-171.0770090000000039
11
63.9827999999999975
21
-171.0851999999999862
0
LINE
8
BLACK
6
CONTINUOUS
10
63.9827999999999975
20
-171.0851999999999862
11
63.7171999999999983
21
-171.0851999999999862
0
LINE
8
BLACK
6
CONTINUOUS
10
63.7171999999999983
20
-171.0851999999999862
11
63.6760229999999936
21
-171.0770090000000039
0
LINE
8
BLACK
6
CONTINUOUS
10
63.6760229999999936
20
-171.0770090000000039
11
63.6411149999999992
21
-171.0536850000000015
0
LINE
8
BLACK
6
CONTINUOUS
10
63.6411149999999992
20
-171.0536850000000015
11
63.6177909999999969
21
-171.018777
0
LINE
8
BLACK
6
CONTINUOUS
10
63.6177909999999969
20
-171.018777
11
63.6096000000000004
21
-170.9775999999999954
0
LINE
8
BLACK
6
CONTINUOUS
10
63.6096000000000004
20
-170.9775999999999954
11
63.6096000000000004
21
-170.7623999999999853
0
LINE
8
BLACK
6
CONTINUOUS
10
63.6096000000000004
20
-170.7623999999999853
11
63.6177909999999969
21
-170.7212229999999806
0
LINE
8
BLACK
6
CONTINUOUS
10
63.6177909999999969
20
-170.7212229999999806
11
63.6411149999999992
21
-170.6863149999999791
0
LINE
8
BLACK
6
CONTINUOUS
10
63.6411149999999992
20
-170.6863149999999791
11
63.6760229999999936
21
-170.6629910000000052
0
LINE
8
BLACK
6
CONTINUOUS
10
63.6760229999999936
20
-170.6629910000000052
11
63.7171999999999983
21
-170.6547999999999945
0
LINE
8
BLACK
6
CONTINUOUS
10
63.7171999999999983
20
-170.6547999999999945
11
63.9827999999999975
21
-170.6547999999999945
0
LINE
8
BLACK
6
CONTINUOUS
10
63.9827999999999975
20
-170.6547999999999945
11
64.0239770000000021
21
-170.6629910000000052
0
LINE
8
BLACK
6
CONTINUOUS
10
64.763976999999997
20
-170.6454310000000021
11
64.7988849999999985
21
-170.6687550000000044
0
LINE
8
BLACK
6
CONTINUOUS
10
64.7988849999999985
20
-170.6687550000000044
11
64.8222090000000009
21
-170.7036630000000059
0
LINE
8
BLACK
6
CONTINUOUS
10
64.8222090000000009
20
-170.7036630000000059
11
64.8303999999999974
21
-170.7448399999999822
0
LINE
8
BLACK
6
CONTINUOUS
10
64.8303999999999974
20
-170.7448399999999822
11
64.8303999999999974
21
-170.9600399999999922
0
LINE
8
BLACK
6
CONTINUOUS
10
64.8303999999999974
20
-170.9600399999999922
11
64.8222090000000009
21
-171.0012169999999969
0
LINE
8
BLACK
6
CONTINUOUS
10
64.8222090000000009
20
-171.0012169999999969
11
64.7988849999999985
21
-171.0361249999999984
0
LINE
8
BLACK
6
CONTINUOUS
10
64.7988849999999985
20
-171.0361249999999984
11
64.763976999999997
21
-171.0594490000000008
0
LINE
8
BLACK
6
CONTINUOUS
10
64.763976999999997
20
-171.0594490000000008
11
64.7227999999999923
21
-171.067639999999983
0
LINE
8
BLACK
6
CONTINUOUS
10
64.7227999999999923
20
-171.067639999999983
11
64.4572000000000003
21
-171.067639999999983
0
LINE
8
BLACK
6
CONTINUOUS
10
64.4572000000000003
20
-171.067639999999983
11
64.4160229999999956
21
-171.0594490000000008
0
LINE
8
BLACK
6
CONTINUOUS
10
64.4160229999999956
20
-171.0594490000000008
11
64.3811149999999941
21
-171.0361249999999984
0
LINE
8
BLACK
6
CONTINUOUS
10
64.3811149999999941
20
-171.0361249999999984
11
64.3577909999999918
21
-171.0012169999999969
0
LINE
8
BLACK
6
CONTINUOUS
10
64.3577909999999918
20
-171.0012169999999969
11
64.3495999999999952
21
-170.9600399999999922
0
LINE
8
BLACK
6
CONTINUOUS
10
64.3495999999999952
20
-170.9600399999999922
11
64.3495999999999952
21
-170.7448399999999822
0
LINE
8
BLACK
6
CONTINUOUS
10
64.3495999999999952
20
-170.7448399999999822
11
64.3577909999999918
21
-170.7036630000000059
0
LINE
8
BLACK
6
CONTINUOUS
10
64.3577909999999918
20
-170.7036630000000059
11
64.3811149999999941
21
-170.6687550000000044
0
LINE
8
BLACK
6
CONTINUOUS
10
64.3811149999999941
20
-170.6687550000000044
11
64.4160229999999956
21
-170.6454310000000021
0
LINE
8
BLACK
6
CONTINUOUS
10
64.4160229999999956
20
-170.6454310000000021
11
64.4572000000000003
21
-170.6372399999999914
0
LINE
8
BLACK
6
CONTINUOUS
10
64.4572000000000003
20
-170.6372399999999914
11
64.7227999999999923
21
-170.6372399999999914
0
LINE
8
BLACK
6
CONTINUOUS
10
64.7227999999999923
20
-170.6372399999999914
11
64.763976999999997
21
-170.6454310000000021
0
LINE
8
BLACK
6
CONTINUOUS
10
71.5049690000000027
20
-170.6210710000000006
11
71.5385150000000039
21
-170.6434849999999983
0
LINE
8
BLACK
6
CONTINUOUS
10
71.5385150000000039
20
-170.6434849999999983
11
71.5609290000000016
21
-170.6770309999999995
0
LINE
8
BLACK
6
CONTINUOUS
10
71.5609290000000016
20
-170.6770309999999995
11
71.568799999999996
21
-170.7165999999999997
0
LINE
8
BLACK
6
CONTINUOUS
10
71.568799999999996
20
-170.7165999999999997
11
71.568799999999996
21
-170.9233999999999867
0
LINE
8
BLACK
6
CONTINUOUS
10
71.568799999999996
20
-170.9233999999999867
11
71.5609290000000016
21
-170.9629689999999869
0
LINE
8
BLACK
6
CONTINUOUS
10
71.5609290000000016
20
-170.9629689999999869
11
71.5385150000000039
21
-170.996514999999988
0
LINE
8
BLACK
6
CONTINUOUS
10
71.5385150000000039
20
-170.996514999999988
11
71.5049690000000027
21
-171.0189289999999858
0
LINE
8
BLACK
6
CONTINUOUS
10
71.5049690000000027
20
-171.0189289999999858
11
71.4654000000000025
21
-171.0267999999999802
0
LINE
8
BLACK
6
CONTINUOUS
10
71.4654000000000025
20
-171.0267999999999802
11
71.1745999999999981
21
-171.0267999999999802
0
LINE
8
BLACK
6
CONTINUOUS
10
71.1745999999999981
20
-171.0267999999999802
11
71.1350309999999979
21
-171.0189289999999858
0
LINE
8
BLACK
6
CONTINUOUS
10
71.1350309999999979
20
-171.0189289999999858
11
71.1014849999999967
21
-170.996514999999988
0
LINE
8
BLACK
6
CONTINUOUS
10
71.1014849999999967
20
-170.996514999999988
11
71.079070999999999
21
-170.9629689999999869
0
LINE
8
BLACK
6
CONTINUOUS
10
71.079070999999999
20
-170.9629689999999869
11
71.0711999999999904
21
-170.9233999999999867
0
LINE
8
BLACK
6
CONTINUOUS
10
71.0711999999999904
20
-170.9233999999999867
11
71.0711999999999904
21
-170.7165999999999997
0
LINE
8
BLACK
6
CONTINUOUS
10
71.0711999999999904
20
-170.7165999999999997
11
71.079070999999999
21
-170.6770309999999995
0
LINE
8
BLACK
6
CONTINUOUS
10
71.079070999999999
20
-170.6770309999999995
11
71.1014849999999967
21
-170.6434849999999983
0
LINE
8
BLACK
6
CONTINUOUS
10
71.1014849999999967
20
-170.6434849999999983
11
71.1350309999999979
21
-170.6210710000000006
0
LINE
8
BLACK
6
CONTINUOUS
10
71.1350309999999979
20
-170.6210710000000006
11
71.1745999999999981
21
-170.6132000000000062
0
LINE
8
BLACK
6
CONTINUOUS
10
71.1745999999999981
20
-170.6132000000000062
11
71.4654000000000025
21
-170.6132000000000062
0
LINE
8
BLACK
6
CONTINUOUS
10
71.4654000000000025
20
-170.6132000000000062
11
71.5049690000000027
21
-170.6210710000000006
0
LINE
8
BLACK
6
CONTINUOUS
10
60.7439769999999939
20
-170.5504310000000032
11
60.7788849999999954
21
-170.5737550000000056
0
LINE
8
BLACK
6
CONTINUOUS
10
60.7788849999999954
20
-170.5737550000000056
11
60.8022089999999977
21
-170.6086629999999786
0
LINE
8
BLACK
6
CONTINUOUS
10
60.8022089999999977
20
-170.6086629999999786
11
60.8103999999999942
21
-170.6498399999999833
0
LINE
8
BLACK
6
CONTINUOUS
10
60.8103999999999942
20
-170.6498399999999833
11
60.8103999999999942
21
-170.8650399999999934
0
LINE
8
BLACK
6
CONTINUOUS
10
60.8103999999999942
20
-170.8650399999999934
11
60.8022089999999977
21
-170.9062169999999981
0
LINE
8
BLACK
6
CONTINUOUS
10
60.8022089999999977
20
-170.9062169999999981
11
60.7788849999999954
21
-170.9411249999999995
0
LINE
8
BLACK
6
CONTINUOUS
10
60.7788849999999954
20
-170.9411249999999995
11
60.7439769999999939
21
-170.9644490000000019
0
LINE
8
BLACK
6
CONTINUOUS
10
60.7439769999999939
20
-170.9644490000000019
11
60.7027999999999963
21
-170.9726399999999842
0
LINE
8
BLACK
6
CONTINUOUS
10
60.7027999999999963
20
-170.9726399999999842
11
60.4371999999999971
21
-170.9726399999999842
0
LINE
8
BLACK
6
CONTINUOUS
10
60.4371999999999971
20
-170.9726399999999842
11
60.3960229999999996
21
-170.9644490000000019
0
LINE
8
BLACK
6
CONTINUOUS
10
60.3960229999999996
20
-170.9644490000000019
11
60.3611149999999981
21
-170.9411249999999995
0
LINE
8
BLACK
6
CONTINUOUS
10
60.3611149999999981
20
-170.9411249999999995
11
60.3377909999999957
21
-170.9062169999999981
0
LINE
8
BLACK
6
CONTINUOUS
10
60.3377909999999957
20
-170.9062169999999981
11
60.3295999999999992
21
-170.8650399999999934
0
LINE
8
BLACK
6
CONTINUOUS
10
60.3295999999999992
20
-170.8650399999999934
11
60.3295999999999992
21
-170.6498399999999833
0
LINE
8
BLACK
6
CONTINUOUS
10
60.3295999999999992
20
-170.6498399999999833
11
60.3377909999999957
21
-170.6086629999999786
0
LINE
8
BLACK
6
CONTINUOUS
10
60.3377909999999957
20
-170.6086629999999786
11
60.3611149999999981
21
-170.5737550000000056
0
LINE
8
BLACK
6
CONTINUOUS
10
60.3611149999999981
20
-170.5737550000000056
11
60.3960229999999996
21
-170.5504310000000032
0
LINE
8
BLACK
6
CONTINUOUS
10
60.3960229999999996
20
-170.5504310000000032
11
60.4371999999999971
21
-170.5422399999999925
0
LINE
8
BLACK
6
CONTINUOUS
10
60.4371999999999971
20
-170.5422399999999925
11
60.7027999999999963
21
-170.5422399999999925
0
LINE
8
BLACK
6
CONTINUOUS
10
60.7027999999999963
20
-170.5422399999999925
11
60.7439769999999939
21
-170.5504310000000032
0
LINE
8
BLACK
6
CONTINUOUS
10
82.2449689999999975
20
-170.4510709999999847
11
82.2785149999999987
21
-170.4734849999999824
0
LINE
8
BLACK
6
CONTINUOUS
10
82.2785149999999987
20
-170.4734849999999824
11
82.3009289999999964
21
-170.5070309999999836
0
LINE
8
BLACK
6
CONTINUOUS
10
82.3009289999999964
20
-170.5070309999999836
11
82.3087999999999909
21
-170.5465999999999838
0
LINE
8
BLACK
6
CONTINUOUS
10
82.3087999999999909
20
-170.5465999999999838
11
82.3087999999999909
21
-170.7533999999999992
0
LINE
8
BLACK
6
CONTINUOUS
10
82.3087999999999909
20
-170.7533999999999992
11
82.3009289999999964
21
-170.7929689999999994
0
LINE
8
BLACK
6
CONTINUOUS
10
82.3009289999999964
20
-170.7929689999999994
11
82.2785149999999987
21
-170.8265150000000006
0
LINE
8
BLACK
6
CONTINUOUS
10
82.2785149999999987
20
-170.8265150000000006
11
82.2449689999999975
21
-170.8489289999999983
0
LINE
8
BLACK
6
CONTINUOUS
10
82.2449689999999975
20
-170.8489289999999983
11
82.2053999999999974
21
-170.8567999999999927
0
LINE
8
BLACK
6
CONTINUOUS
10
82.2053999999999974
20
-170.8567999999999927
11
81.914599999999993
21
-170.8567999999999927
0
LINE
8
BLACK
6
CONTINUOUS
10
81.914599999999993
20
-170.8567999999999927
11
81.8750309999999928
21
-170.8489289999999983
0
LINE
8
BLACK
6
CONTINUOUS
10
81.8750309999999928
20
-170.8489289999999983
11
81.8414849999999916
21
-170.8265150000000006
0
LINE
8
BLACK
6
CONTINUOUS
10
81.8414849999999916
20
-170.8265150000000006
11
81.8190709999999939
21
-170.7929689999999994
0
LINE
8
BLACK
6
CONTINUOUS
10
81.8190709999999939
20
-170.7929689999999994
11
81.8111999999999995
21
-170.7533999999999992
0
LINE
8
BLACK
6
CONTINUOUS
10
81.8111999999999995
20
-170.7533999999999992
11
81.8111999999999995
21
-170.5465999999999838
0
LINE
8
BLACK
6
CONTINUOUS
10
81.8111999999999995
20
-170.5465999999999838
11
81.8190709999999939
21
-170.5070309999999836
0
LINE
8
BLACK
6
CONTINUOUS
10
81.8190709999999939
20
-170.5070309999999836
11
81.8414849999999916
21
-170.4734849999999824
0
LINE
8
BLACK
6
CONTINUOUS
10
81.8414849999999916
20
-170.4734849999999824
11
81.8750309999999928
21
-170.4510709999999847
0
LINE
8
BLACK
6
CONTINUOUS
10
81.8750309999999928
20
-170.4510709999999847
11
81.914599999999993
21
-170.4431999999999903
0
LINE
8
BLACK
6
CONTINUOUS
10
81.914599999999993
20
-170.4431999999999903
11
82.2053999999999974
21
-170.4431999999999903
0
LINE
8
BLACK
6
CONTINUOUS
10
82.2053999999999974
20
-170.4431999999999903
11
82.2449689999999975
21
-170.4510709999999847
0
LINE
8
BLACK
6
CONTINUOUS
10
68.1219999999999999
20
-170.7258400000000051
11
67.6580000000000013
21
-170.7258400000000051
0
LINE
8
BLACK
6
CONTINUOUS
10
67.6580000000000013
20
-170.7258400000000051
11
67.6580000000000013
21
-170.53904
0
LINE
8
BLACK
6
CONTINUOUS
10
67.6580000000000013
20
-170.53904
11
68.1219999999999999
21
-170.53904
0
LINE
8
BLACK
6
CONTINUOUS
10
68.1219999999999999
20
-170.53904
11
68.1219999999999999
21
-170.7258400000000051
0
LINE
8
BLACK
6
CONTINUOUS
10
61.4899999999999949
20
-170.6594399999999894
11
61.1099999999999994
21
-170.6594399999999894
0
LINE
8
BLACK
6
CONTINUOUS
10
61.1099999999999994
20
-170.6594399999999894
11
61.1099999999999994
21
-170.4054399999999987
0
LINE
8
BLACK
6
CONTINUOUS
10
61.1099999999999994
20
-170.4054399999999987
11
61.4899999999999949
21
-170.4054399999999987
0
LINE
8
BLACK
6
CONTINUOUS
10
61.4899999999999949
20
-170.4054399999999987
11
61.4899999999999949
21
-170.6594399999999894
0
LINE
8
BLACK
6
CONTINUOUS
10
63.3299999999999983
20
-170.6594399999999894
11
62.9499999999999957
21
-170.6594399999999894
0
LINE
8
BLACK
6
CONTINUOUS
10
62.9499999999999957
20
-170.6594399999999894
11
62.9499999999999957
21
-170.4054399999999987
0
LINE
8
BLACK
6
CONTINUOUS
10
62.9499999999999957
20
-170.4054399999999987
11
63.3299999999999983
21
-170.4054399999999987
0
LINE
8
BLACK
6
CONTINUOUS
10
63.3299999999999983
20
-170.4054399999999987
11
63.3299999999999983
21
-170.6594399999999894
0
LINE
8
BLACK
6
CONTINUOUS
10
53.2687999999999988
20
-170.3700000000000045
11
52.3511999999999986
21
-170.3700000000000045
0
LINE
8
BLACK
6
CONTINUOUS
10
52.3511999999999986
20
-170.3700000000000045
11
52.3511999999999986
21
-169.9899999999999807
0
LINE
8
BLACK
6
CONTINUOUS
10
52.3511999999999986
20
-169.9899999999999807
11
53.2687999999999988
21
-169.9899999999999807
0
LINE
8
BLACK
6
CONTINUOUS
10
53.2687999999999988
20
-169.9899999999999807
11
53.2687999999999988
21
-170.3700000000000045
0
LINE
8
BLACK
6
CONTINUOUS
10
68.1219999999999999
20
-170.2258400000000051
11
67.6580000000000013
21
-170.2258400000000051
0
LINE
8
BLACK
6
CONTINUOUS
10
67.6580000000000013
20
-170.2258400000000051
11
67.6580000000000013
21
-170.03904
0
LINE
8
BLACK
6
CONTINUOUS
10
67.6580000000000013
20
-170.03904
11
68.1219999999999999
21
-170.03904
0
LINE
8
BLACK
6
CONTINUOUS
10
68.1219999999999999
20
-170.03904
11
68.1219999999999999
21
-170.2258400000000051
0
LINE
8
BLACK
6
CONTINUOUS
10
66.3134000000000015
20
-170.194439999999986
11
66.1265999999999963
21
-170.194439999999986
0
LINE
8
BLACK
6
CONTINUOUS
10
66.1265999999999963
20
-170.194439999999986
11
66.1265999999999963
21
-169.7304399999999873
0
LINE
8
BLACK
6
CONTINUOUS
10
66.1265999999999963
20
-169.7304399999999873
11
66.3134000000000015
21
-169.7304399999999873
0
LINE
8
BLACK
6
CONTINUOUS
10
66.3134000000000015
20
-169.7304399999999873
11
66.3134000000000015
21
-170.194439999999986
0
LINE
8
BLACK
6
CONTINUOUS
10
66.8134000000000015
20
-170.194439999999986
11
66.6265999999999963
21
-170.194439999999986
0
LINE
8
BLACK
6
CONTINUOUS
10
66.6265999999999963
20
-170.194439999999986
11
66.6265999999999963
21
-169.7304399999999873
0
LINE
8
BLACK
6
CONTINUOUS
10
66.6265999999999963
20
-169.7304399999999873
11
66.8134000000000015
21
-169.7304399999999873
0
LINE
8
BLACK
6
CONTINUOUS
10
66.8134000000000015
20
-169.7304399999999873
11
66.8134000000000015
21
-170.194439999999986
0
LINE
8
BLACK
6
CONTINUOUS
10
67.3134000000000015
20
-170.194439999999986
11
67.1265999999999963
21
-170.194439999999986
0
LINE
8
BLACK
6
CONTINUOUS
10
67.1265999999999963
20
-170.194439999999986
11
67.1265999999999963
21
-169.7304399999999873
0
LINE
8
BLACK
6
CONTINUOUS
10
67.1265999999999963
20
-169.7304399999999873
11
67.3134000000000015
21
-169.7304399999999873
0
LINE
8
BLACK
6
CONTINUOUS
10
67.3134000000000015
20
-169.7304399999999873
11
67.3134000000000015
21
-170.194439999999986
0
LINE
8
BLACK
6
CONTINUOUS
10
71.5417410000000018
20
-169.3532260000000065
11
71.5981099999999913
21
-169.3908899999999846
0
LINE
8
BLACK
6
CONTINUOUS
10
71.5981099999999913
20
-169.3908899999999846
11
71.6357739999999978
21
-169.4472590000000025
0
LINE
8
BLACK
6
CONTINUOUS
10
71.6357739999999978
20
-169.4472590000000025
11
71.6490000000000009
21
-169.5137499999999875
0
LINE
8
BLACK
6
CONTINUOUS
10
71.6490000000000009
20
-169.5137499999999875
11
71.6490000000000009
21
-169.8612499999999841
0
LINE
8
BLACK
6
CONTINUOUS
10
71.6490000000000009
20
-169.8612499999999841
11
71.6357739999999978
21
-169.9277409999999975
0
LINE
8
BLACK
6
CONTINUOUS
10
71.6357739999999978
20
-169.9277409999999975
11
71.5981099999999913
21
-169.9841099999999869
0
LINE
8
BLACK
6
CONTINUOUS
10
71.5981099999999913
20
-169.9841099999999869
11
71.5417410000000018
21
-170.0217739999999935
0
LINE
8
BLACK
6
CONTINUOUS
10
71.5417410000000018
20
-170.0217739999999935
11
71.4752500000000026
21
-170.0349999999999966
0
LINE
8
BLACK
6
CONTINUOUS
10
71.4752500000000026
20
-170.0349999999999966
11
71.0647500000000036
21
-170.0349999999999966
0
LINE
8
BLACK
6
CONTINUOUS
10
71.0647500000000036
20
-170.0349999999999966
11
70.9982589999999902
21
-170.0217739999999935
0
LINE
8
BLACK
6
CONTINUOUS
10
70.9982589999999902
20
-170.0217739999999935
11
70.9418900000000008
21
-169.9841099999999869
0
LINE
8
BLACK
6
CONTINUOUS
10
70.9418900000000008
20
-169.9841099999999869
11
70.9042259999999942
21
-169.9277409999999975
0
LINE
8
BLACK
6
CONTINUOUS
10
70.9042259999999942
20
-169.9277409999999975
11
70.8909999999999911
21
-169.8612499999999841
0
LINE
8
BLACK
6
CONTINUOUS
10
70.8909999999999911
20
-169.8612499999999841
11
70.8909999999999911
21
-169.5137499999999875
0
LINE
8
BLACK
6
CONTINUOUS
10
70.8909999999999911
20
-169.5137499999999875
11
70.9042259999999942
21
-169.4472590000000025
0
LINE
8
BLACK
6
CONTINUOUS
10
70.9042259999999942
20
-169.4472590000000025
11
70.9418900000000008
21
-169.3908899999999846
0
LINE
8
BLACK
6
CONTINUOUS
10
70.9418900000000008
20
-169.3908899999999846
11
70.9982589999999902
21
-169.3532260000000065
0
LINE
8
BLACK
6
CONTINUOUS
10
70.9982589999999902
20
-169.3532260000000065
11
71.0647500000000036
21
-169.3400000000000034
0
LINE
8
BLACK
6
CONTINUOUS
10
71.0647500000000036
20
-169.3400000000000034
11
71.4752500000000026
21
-169.3400000000000034
0
LINE
8
BLACK
6
CONTINUOUS
10
71.4752500000000026
20
-169.3400000000000034
11
71.5417410000000018
21
-169.3532260000000065
0
LINE
8
BLACK
6
CONTINUOUS
10
82.2449689999999975
20
-169.4310710000000029
11
82.2785149999999987
21
-169.4534850000000006
0
LINE
8
BLACK
6
CONTINUOUS
10
82.2785149999999987
20
-169.4534850000000006
11
82.3009289999999964
21
-169.4870310000000018
0
LINE
8
BLACK
6
CONTINUOUS
10
82.3009289999999964
20
-169.4870310000000018
11
82.3087999999999909
21
-169.526600000000002
0
LINE
8
BLACK
6
CONTINUOUS
10
82.3087999999999909
20
-169.526600000000002
11
82.3087999999999909
21
-169.7333999999999889
0
LINE
8
BLACK
6
CONTINUOUS
10
82.3087999999999909
20
-169.7333999999999889
11
82.3009289999999964
21
-169.7729689999999891
0
LINE
8
BLACK
6
CONTINUOUS
10
82.3009289999999964
20
-169.7729689999999891
11
82.2785149999999987
21
-169.8065149999999903
0
LINE
8
BLACK
6
CONTINUOUS
10
82.2785149999999987
20
-169.8065149999999903
11
82.2449689999999975
21
-169.828928999999988
0
LINE
8
BLACK
6
CONTINUOUS
10
82.2449689999999975
20
-169.828928999999988
11
82.2053999999999974
21
-169.8367999999999824
0
LINE
8
BLACK
6
CONTINUOUS
10
82.2053999999999974
20
-169.8367999999999824
11
81.914599999999993
21
-169.8367999999999824
0
LINE
8
BLACK
6
CONTINUOUS
10
81.914599999999993
20
-169.8367999999999824
11
81.8750309999999928
21
-169.828928999999988
0
LINE
8
BLACK
6
CONTINUOUS
10
81.8750309999999928
20
-169.828928999999988
11
81.8414849999999916
21
-169.8065149999999903
0
LINE
8
BLACK
6
CONTINUOUS
10
81.8414849999999916
20
-169.8065149999999903
11
81.8190709999999939
21
-169.7729689999999891
0
LINE
8
BLACK
6
CONTINUOUS
10
81.8190709999999939
20
-169.7729689999999891
11
81.8111999999999995
21
-169.7333999999999889
0
LINE
8
BLACK
6
CONTINUOUS
10
81.8111999999999995
20
-169.7333999999999889
11
81.8111999999999995
21
-169.526600000000002
0
LINE
8
BLACK
6
CONTINUOUS
10
81.8111999999999995
20
-169.526600000000002
11
81.8190709999999939
21
-169.4870310000000018
0
LINE
8
BLACK
6
CONTINUOUS
10
81.8190709999999939
20
-169.4870310000000018
11
81.8414849999999916
21
-169.4534850000000006
0
LINE
8
BLACK
6
CONTINUOUS
10
81.8414849999999916
20
-169.4534850000000006
11
81.8750309999999928
21
-169.4310710000000029
0
LINE
8
BLACK
6
CONTINUOUS
10
81.8750309999999928
20
-169.4310710000000029
11
81.914599999999993
21
-169.42319999999998
0
LINE
8
BLACK
6
CONTINUOUS
10
81.914599999999993
20
-169.42319999999998
11
82.2053999999999974
21
-169.42319999999998
0
LINE
8
BLACK
6
CONTINUOUS
10
82.2053999999999974
20
-169.42319999999998
11
82.2449689999999975
21
-169.4310710000000029
0
LINE
8
BLACK
6
CONTINUOUS
10
53.2687999999999988
20
-169.6359999999999957
11
52.3511999999999986
21
-169.6359999999999957
0
LINE
8
BLACK
6
CONTINUOUS
10
52.3511999999999986
20
-169.6359999999999957
11
52.3511999999999986
21
-169.4239999999999782
0
LINE
8
BLACK
6
CONTINUOUS
10
52.3511999999999986
20
-169.4239999999999782
11
53.2687999999999988
21
-169.4239999999999782
0
LINE
8
BLACK
6
CONTINUOUS
10
53.2687999999999988
20
-169.4239999999999782
11
53.2687999999999988
21
-169.6359999999999957
0
LINE
8
BLACK
6
CONTINUOUS
10
66.7710000000000008
20
-169.2474399999999832
11
66.5589999999999975
21
-169.2474399999999832
0
LINE
8
BLACK
6
CONTINUOUS
10
66.5589999999999975
20
-169.2474399999999832
11
66.5589999999999975
21
-168.8674399999999878
0
LINE
8
BLACK
6
CONTINUOUS
10
66.5589999999999975
20
-168.8674399999999878
11
66.7710000000000008
21
-168.8674399999999878
0
LINE
8
BLACK
6
CONTINUOUS
10
66.7710000000000008
20
-168.8674399999999878
11
66.7710000000000008
21
-169.2474399999999832
0
LINE
8
BLACK
6
CONTINUOUS
10
67.2710000000000008
20
-169.2474399999999832
11
67.0589999999999975
21
-169.2474399999999832
0
LINE
8
BLACK
6
CONTINUOUS
10
67.0589999999999975
20
-169.2474399999999832
11
67.0589999999999975
21
-168.8674399999999878
0
LINE
8
BLACK
6
CONTINUOUS
10
67.0589999999999975
20
-168.8674399999999878
11
67.2710000000000008
21
-168.8674399999999878
0
LINE
8
BLACK
6
CONTINUOUS
10
67.2710000000000008
20
-168.8674399999999878
11
67.2710000000000008
21
-169.2474399999999832
0
LINE
8
BLACK
6
CONTINUOUS
10
67.7710000000000008
20
-169.2474399999999832
11
67.5589999999999975
21
-169.2474399999999832
0
LINE
8
BLACK
6
CONTINUOUS
10
67.5589999999999975
20
-169.2474399999999832
11
67.5589999999999975
21
-168.8674399999999878
0
LINE
8
BLACK
6
CONTINUOUS
10
67.5589999999999975
20
-168.8674399999999878
11
67.7710000000000008
21
-168.8674399999999878
0
LINE
8
BLACK
6
CONTINUOUS
10
67.7710000000000008
20
-168.8674399999999878
11
67.7710000000000008
21
-169.2474399999999832
0
LINE
8
BLACK
6
CONTINUOUS
10
53.2687999999999988
20
-169.1359999999999957
11
52.3511999999999986
21
-169.1359999999999957
0
LINE
8
BLACK
6
CONTINUOUS
10
52.3511999999999986
20
-169.1359999999999957
11
52.3511999999999986
21
-168.9239999999999782
0
LINE
8
BLACK
6
CONTINUOUS
10
52.3511999999999986
20
-168.9239999999999782
11
53.2687999999999988
21
-168.9239999999999782
0
LINE
8
BLACK
6
CONTINUOUS
10
53.2687999999999988
20
-168.9239999999999782
11
53.2687999999999988
21
-169.1359999999999957
0
LINE
8
BLACK
6
CONTINUOUS
10
76.0939769999999953
20
-168.682990999999987
11
76.1288849999999968
21
-168.7063149999999894
0
LINE
8
BLACK
6
CONTINUOUS
10
76.1288849999999968
20
-168.7063149999999894
11
76.1522089999999992
21
-168.7412229999999909
0
LINE
8
BLACK
6
CONTINUOUS
10
76.1522089999999992
20
-168.7412229999999909
11
76.1603999999999957
21
-168.7823999999999955
0
LINE
8
BLACK
6
CONTINUOUS
10
76.1603999999999957
20
-168.7823999999999955
11
76.1603999999999957
21
-168.9976000000000056
0
LINE
8
BLACK
6
CONTINUOUS
10
76.1603999999999957
20
-168.9976000000000056
11
76.1522089999999992
21
-169.0387769999999819
0
LINE
8
BLACK
6
CONTINUOUS
10
76.1522089999999992
20
-169.0387769999999819
11
76.1288849999999968
21
-169.0736849999999833
0
LINE
8
BLACK
6
CONTINUOUS
10
76.1288849999999968
20
-169.0736849999999833
11
76.0939769999999953
21
-169.0970089999999857
0
LINE
8
BLACK
6
CONTINUOUS
10
76.0939769999999953
20
-169.0970089999999857
11
76.0527999999999906
21
-169.1051999999999964
0
LINE
8
BLACK
6
CONTINUOUS
10
76.0527999999999906
20
-169.1051999999999964
11
75.7871999999999986
21
-169.1051999999999964
0
LINE
8
BLACK
6
CONTINUOUS
10
75.7871999999999986
20
-169.1051999999999964
11
75.7460229999999939
21
-169.0970089999999857
0
LINE
8
BLACK
6
CONTINUOUS
10
75.7460229999999939
20
-169.0970089999999857
11
75.7111149999999924
21
-169.0736849999999833
0
LINE
8
BLACK
6
CONTINUOUS
10
75.7111149999999924
20
-169.0736849999999833
11
75.68779099999999
21
-169.0387769999999819
0
LINE
8
BLACK
6
CONTINUOUS
10
75.68779099999999
20
-169.0387769999999819
11
75.6795999999999935
21
-168.9976000000000056
0
LINE
8
BLACK
6
CONTINUOUS
10
75.6795999999999935
20
-168.9976000000000056
11
75.6795999999999935
21
-168.7823999999999955
0
LINE
8
BLACK
6
CONTINUOUS
10
75.6795999999999935
20
-168.7823999999999955
11
75.68779099999999
21
-168.7412229999999909
0
LINE
8
BLACK
6
CONTINUOUS
10
75.68779099999999
20
-168.7412229999999909
11
75.7111149999999924
21
-168.7063149999999894
0
LINE
8
BLACK
6
CONTINUOUS
10
75.7111149999999924
20
-168.7063149999999894
11
75.7460229999999939
21
-168.682990999999987
0
LINE
8
BLACK
6
CONTINUOUS
10
75.7460229999999939
20
-168.682990999999987
11
75.7871999999999986
21
-168.6748000000000047
0
LINE
8
BLACK
6
CONTINUOUS
10
75.7871999999999986
20
-168.6748000000000047
11
76.0527999999999906
21
-168.6748000000000047
0
LINE
8
BLACK
6
CONTINUOUS
10
76.0527999999999906
20
-168.6748000000000047
11
76.0939769999999953
21
-168.682990999999987
0
LINE
8
BLACK
6
CONTINUOUS
10
79.2539769999999919
20
-168.682990999999987
11
79.2888849999999934
21
-168.7063149999999894
0
LINE
8
BLACK
6
CONTINUOUS
10
79.2888849999999934
20
-168.7063149999999894
11
79.3122089999999957
21
-168.7412229999999909
0
LINE
8
BLACK
6
CONTINUOUS
10
79.3122089999999957
20
-168.7412229999999909
11
79.3203999999999922
21
-168.7823999999999955
0
LINE
8
BLACK
6
CONTINUOUS
10
79.3203999999999922
20
-168.7823999999999955
11
79.3203999999999922
21
-168.9976000000000056
0
LINE
8
BLACK
6
CONTINUOUS
10
79.3203999999999922
20
-168.9976000000000056
11
79.3122089999999957
21
-169.0387769999999819
0
LINE
8
BLACK
6
CONTINUOUS
10
79.3122089999999957
20
-169.0387769999999819
11
79.2888849999999934
21
-169.0736849999999833
0
LINE
8
BLACK
6
CONTINUOUS
10
79.2888849999999934
20
-169.0736849999999833
11
79.2539769999999919
21
-169.0970089999999857
0
LINE
8
BLACK
6
CONTINUOUS
10
79.2539769999999919
20
-169.0970089999999857
11
79.2128000000000014
21
-169.1051999999999964
0
LINE
8
BLACK
6
CONTINUOUS
10
79.2128000000000014
20
-169.1051999999999964
11
78.9471999999999952
21
-169.1051999999999964
0
LINE
8
BLACK
6
CONTINUOUS
10
78.9471999999999952
20
-169.1051999999999964
11
78.9060229999999905
21
-169.0970089999999857
0
LINE
8
BLACK
6
CONTINUOUS
10
78.9060229999999905
20
-169.0970089999999857
11
78.8711150000000032
21
-169.0736849999999833
0
LINE
8
BLACK
6
CONTINUOUS
10
78.8711150000000032
20
-169.0736849999999833
11
78.8477910000000008
21
-169.0387769999999819
0
LINE
8
BLACK
6
CONTINUOUS
10
78.8477910000000008
20
-169.0387769999999819
11
78.8395999999999901
21
-168.9976000000000056
0
LINE
8
BLACK
6
CONTINUOUS
10
78.8395999999999901
20
-168.9976000000000056
11
78.8395999999999901
21
-168.7823999999999955
0
LINE
8
BLACK
6
CONTINUOUS
10
78.8395999999999901
20
-168.7823999999999955
11
78.8477910000000008
21
-168.7412229999999909
0
LINE
8
BLACK
6
CONTINUOUS
10
78.8477910000000008
20
-168.7412229999999909
11
78.8711150000000032
21
-168.7063149999999894
0
LINE
8
BLACK
6
CONTINUOUS
10
78.8711150000000032
20
-168.7063149999999894
11
78.9060229999999905
21
-168.682990999999987
0
LINE
8
BLACK
6
CONTINUOUS
10
78.9060229999999905
20
-168.682990999999987
11
78.9471999999999952
21
-168.6748000000000047
0
LINE
8
BLACK
6
CONTINUOUS
10
78.9471999999999952
20
-168.6748000000000047
11
79.2128000000000014
21
-168.6748000000000047
0
LINE
8
BLACK
6
CONTINUOUS
10
79.2128000000000014
20
-168.6748000000000047
11
79.2539769999999919
21
-168.682990999999987
0
LINE
8
BLACK
6
CONTINUOUS
10
76.9149689999999993
20
-168.6960709999999892
11
76.9485150000000004
21
-168.7184849999999869
0
LINE
8
BLACK
6
CONTINUOUS
10
76.9485150000000004
20
-168.7184849999999869
11
76.9709289999999982
21
-168.7520309999999881
0
LINE
8
BLACK
6
CONTINUOUS
10
76.9709289999999982
20
-168.7520309999999881
11
76.9787999999999926
21
-168.7915999999999883
0
LINE
8
BLACK
6
CONTINUOUS
10
76.9787999999999926
20
-168.7915999999999883
11
76.9787999999999926
21
-168.9984000000000037
0
LINE
8
BLACK
6
CONTINUOUS
10
76.9787999999999926
20
-168.9984000000000037
11
76.9709289999999982
21
-169.0379690000000039
0
LINE
8
BLACK
6
CONTINUOUS
10
76.9709289999999982
20
-169.0379690000000039
11
76.9485150000000004
21
-169.0715150000000051
0
LINE
8
BLACK
6
CONTINUOUS
10
76.9485150000000004
20
-169.0715150000000051
11
76.9149689999999993
21
-169.0939290000000028
0
LINE
8
BLACK
6
CONTINUOUS
10
76.9149689999999993
20
-169.0939290000000028
11
76.8753999999999991
21
-169.1017999999999972
0
LINE
8
BLACK
6
CONTINUOUS
10
76.8753999999999991
20
-169.1017999999999972
11
76.5845999999999947
21
-169.1017999999999972
0
LINE
8
BLACK
6
CONTINUOUS
10
76.5845999999999947
20
-169.1017999999999972
11
76.5450309999999945
21
-169.0939290000000028
0
LINE
8
BLACK
6
CONTINUOUS
10
76.5450309999999945
20
-169.0939290000000028
11
76.5114849999999933
21
-169.0715150000000051
0
LINE
8
BLACK
6
CONTINUOUS
10
76.5114849999999933
20
-169.0715150000000051
11
76.4890709999999956
21
-169.0379690000000039
0
LINE
8
BLACK
6
CONTINUOUS
10
76.4890709999999956
20
-169.0379690000000039
11
76.4812000000000012
21
-168.9984000000000037
0
LINE
8
BLACK
6
CONTINUOUS
10
76.4812000000000012
20
-168.9984000000000037
11
76.4812000000000012
21
-168.7915999999999883
0
LINE
8
BLACK
6
CONTINUOUS
10
76.4812000000000012
20
-168.7915999999999883
11
76.4890709999999956
21
-168.7520309999999881
0
LINE
8
BLACK
6
CONTINUOUS
10
76.4890709999999956
20
-168.7520309999999881
11
76.5114849999999933
21
-168.7184849999999869
0
LINE
8
BLACK
6
CONTINUOUS
10
76.5114849999999933
20
-168.7184849999999869
11
76.5450309999999945
21
-168.6960709999999892
0
LINE
8
BLACK
6
CONTINUOUS
10
76.5450309999999945
20
-168.6960709999999892
11
76.5845999999999947
21
-168.6881999999999948
0
LINE
8
BLACK
6
CONTINUOUS
10
76.5845999999999947
20
-168.6881999999999948
11
76.8753999999999991
21
-168.6881999999999948
0
LINE
8
BLACK
6
CONTINUOUS
10
76.8753999999999991
20
-168.6881999999999948
11
76.9149689999999993
21
-168.6960709999999892
0
LINE
8
BLACK
6
CONTINUOUS
10
80.3649690000000021
20
-168.6460710000000063
11
80.3985150000000033
21
-168.668485000000004
0
LINE
8
BLACK
6
CONTINUOUS
10
80.3985150000000033
20
-168.668485000000004
11
80.420929000000001
21
-168.7020310000000052
0
LINE
8
BLACK
6
CONTINUOUS
10
80.420929000000001
20
-168.7020310000000052
11
80.4287999999999954
21
-168.7416000000000054
0
LINE
8
BLACK
6
CONTINUOUS
10
80.4287999999999954
20
-168.7416000000000054
11
80.4287999999999954
21
-168.9483999999999924
0
LINE
8
BLACK
6
CONTINUOUS
10
80.4287999999999954
20
-168.9483999999999924
11
80.420929000000001
21
-168.9879689999999925
0
LINE
8
BLACK
6
CONTINUOUS
10
80.420929000000001
20
-168.9879689999999925
11
80.3985150000000033
21
-169.0215149999999937
0
LINE
8
BLACK
6
CONTINUOUS
10
80.3985150000000033
20
-169.0215149999999937
11
80.3649690000000021
21
-169.0439289999999914
0
LINE
8
BLACK
6
CONTINUOUS
10
80.3649690000000021
20
-169.0439289999999914
11
80.3254000000000019
21
-169.0517999999999859
0
LINE
8
BLACK
6
CONTINUOUS
10
80.3254000000000019
20
-169.0517999999999859
11
80.0345999999999975
21
-169.0517999999999859
0
LINE
8
BLACK
6
CONTINUOUS
10
80.0345999999999975
20
-169.0517999999999859
11
79.9950309999999973
21
-169.0439289999999914
0
LINE
8
BLACK
6
CONTINUOUS
10
79.9950309999999973
20
-169.0439289999999914
11
79.9614849999999961
21
-169.0215149999999937
0
LINE
8
BLACK
6
CONTINUOUS
10
79.9614849999999961
20
-169.0215149999999937
11
79.9390709999999984
21
-168.9879689999999925
0
LINE
8
BLACK
6
CONTINUOUS
10
79.9390709999999984
20
-168.9879689999999925
11
79.9311999999999898
21
-168.9483999999999924
0
LINE
8
BLACK
6
CONTINUOUS
10
79.9311999999999898
20
-168.9483999999999924
11
79.9311999999999898
21
-168.7416000000000054
0
LINE
8
BLACK
6
CONTINUOUS
10
79.9311999999999898
20
-168.7416000000000054
11
79.9390709999999984
21
-168.7020310000000052
0
LINE
8
BLACK
6
CONTINUOUS
10
79.9390709999999984
20
-168.7020310000000052
11
79.9614849999999961
21
-168.668485000000004
0
LINE
8
BLACK
6
CONTINUOUS
10
79.9614849999999961
20
-168.668485000000004
11
79.9950309999999973
21
-168.6460710000000063
0
LINE
8
BLACK
6
CONTINUOUS
10
79.9950309999999973
20
-168.6460710000000063
11
80.0345999999999975
21
-168.6381999999999834
0
LINE
8
BLACK
6
CONTINUOUS
10
80.0345999999999975
20
-168.6381999999999834
11
80.3254000000000019
21
-168.6381999999999834
0
LINE
8
BLACK
6
CONTINUOUS
10
80.3254000000000019
20
-168.6381999999999834
11
80.3649690000000021
21
-168.6460710000000063
0
LINE
8
BLACK
6
CONTINUOUS
10
53.2687999999999988
20
-168.6359999999999957
11
52.3511999999999986
21
-168.6359999999999957
0
LINE
8
BLACK
6
CONTINUOUS
10
52.3511999999999986
20
-168.6359999999999957
11
52.3511999999999986
21
-168.4239999999999782
0
LINE
8
BLACK
6
CONTINUOUS
10
52.3511999999999986
20
-168.4239999999999782
11
53.2687999999999988
21
-168.4239999999999782
0
LINE
8
BLACK
6
CONTINUOUS
10
53.2687999999999988
20
-168.4239999999999782
11
53.2687999999999988
21
-168.6359999999999957
0
LINE
8
BLACK
6
CONTINUOUS
10
66.4849999999999994
20
-168.5434400000000039
11
66.105000000000004
21
-168.5434400000000039
0
LINE
8
BLACK
6
CONTINUOUS
10
66.105000000000004
20
-168.5434400000000039
11
66.105000000000004
21
-168.3314399999999864
0
LINE
8
BLACK
6
CONTINUOUS
10
66.105000000000004
20
-168.3314399999999864
11
66.4849999999999994
21
-168.3314399999999864
0
LINE
8
BLACK
6
CONTINUOUS
10
66.4849999999999994
20
-168.3314399999999864
11
66.4849999999999994
21
-168.5434400000000039
0
LINE
8
BLACK
6
CONTINUOUS
10
68.2249999999999943
20
-168.5434400000000039
11
67.8449999999999989
21
-168.5434400000000039
0
LINE
8
BLACK
6
CONTINUOUS
10
67.8449999999999989
20
-168.5434400000000039
11
67.8449999999999989
21
-168.3314399999999864
0
LINE
8
BLACK
6
CONTINUOUS
10
67.8449999999999989
20
-168.3314399999999864
11
68.2249999999999943
21
-168.3314399999999864
0
LINE
8
BLACK
6
CONTINUOUS
10
68.2249999999999943
20
-168.3314399999999864
11
68.2249999999999943
21
-168.5434400000000039
0
LINE
8
BLACK
6
CONTINUOUS
10
71.5417410000000018
20
-167.7782259999999894
11
71.5981099999999913
21
-167.815889999999996
0
LINE
8
BLACK
6
CONTINUOUS
10
71.5981099999999913
20
-167.815889999999996
11
71.6357739999999978
21
-167.8722589999999855
0
LINE
8
BLACK
6
CONTINUOUS
10
71.6357739999999978
20
-167.8722589999999855
11
71.6490000000000009
21
-167.9387499999999989
0
LINE
8
BLACK
6
CONTINUOUS
10
71.6490000000000009
20
-167.9387499999999989
11
71.6490000000000009
21
-168.2862499999999955
0
LINE
8
BLACK
6
CONTINUOUS
10
71.6490000000000009
20
-168.2862499999999955
11
71.6357739999999978
21
-168.3527409999999804
0
LINE
8
BLACK
6
CONTINUOUS
10
71.6357739999999978
20
-168.3527409999999804
11
71.5981099999999913
21
-168.4091099999999983
0
LINE
8
BLACK
6
CONTINUOUS
10
71.5981099999999913
20
-168.4091099999999983
11
71.5417410000000018
21
-168.4467740000000049
0
LINE
8
BLACK
6
CONTINUOUS
10
71.5417410000000018
20
-168.4467740000000049
11
71.4752500000000026
21
-168.4599999999999795
0
LINE
8
BLACK
6
CONTINUOUS
10
71.4752500000000026
20
-168.4599999999999795
11
71.0647500000000036
21
-168.4599999999999795
0
LINE
8
BLACK
6
CONTINUOUS
10
71.0647500000000036
20
-168.4599999999999795
11
70.9982589999999902
21
-168.4467740000000049
0
LINE
8
BLACK
6
CONTINUOUS
10
70.9982589999999902
20
-168.4467740000000049
11
70.9418900000000008
21
-168.4091099999999983
0
LINE
8
BLACK
6
CONTINUOUS
10
70.9418900000000008
20
-168.4091099999999983
11
70.9042259999999942
21
-168.3527409999999804
0
LINE
8
BLACK
6
CONTINUOUS
10
70.9042259999999942
20
-168.3527409999999804
11
70.8909999999999911
21
-168.2862499999999955
0
LINE
8
BLACK
6
CONTINUOUS
10
70.8909999999999911
20
-168.2862499999999955
11
70.8909999999999911
21
-167.9387499999999989
0
LINE
8
BLACK
6
CONTINUOUS
10
70.8909999999999911
20
-167.9387499999999989
11
70.9042259999999942
21
-167.8722589999999855
0
LINE
8
BLACK
6
CONTINUOUS
10
70.9042259999999942
20
-167.8722589999999855
11
70.9418900000000008
21
-167.815889999999996
0
LINE
8
BLACK
6
CONTINUOUS
10
70.9418900000000008
20
-167.815889999999996
11
70.9982589999999902
21
-167.7782259999999894
0
LINE
8
BLACK
6
CONTINUOUS
10
70.9982589999999902
20
-167.7782259999999894
11
71.0647500000000036
21
-167.7649999999999864
0
LINE
8
BLACK
6
CONTINUOUS
10
71.0647500000000036
20
-167.7649999999999864
11
71.4752500000000026
21
-167.7649999999999864
0
LINE
8
BLACK
6
CONTINUOUS
10
71.4752500000000026
20
-167.7649999999999864
11
71.5417410000000018
21
-167.7782259999999894
0
LINE
8
BLACK
6
CONTINUOUS
10
76.0939769999999953
20
-167.7229909999999791
11
76.1288849999999968
21
-167.7463149999999814
0
LINE
8
BLACK
6
CONTINUOUS
10
76.1288849999999968
20
-167.7463149999999814
11
76.1522089999999992
21
-167.7812229999999829
0
LINE
8
BLACK
6
CONTINUOUS
10
76.1522089999999992
20
-167.7812229999999829
11
76.1603999999999957
21
-167.8223999999999876
0
LINE
8
BLACK
6
CONTINUOUS
10
76.1603999999999957
20
-167.8223999999999876
11
76.1603999999999957
21
-168.0375999999999976
0
LINE
8
BLACK
6
CONTINUOUS
10
76.1603999999999957
20
-168.0375999999999976
11
76.1522089999999992
21
-168.0787770000000023
0
LINE
8
BLACK
6
CONTINUOUS
10
76.1522089999999992
20
-168.0787770000000023
11
76.1288849999999968
21
-168.1136850000000038
0
LINE
8
BLACK
6
CONTINUOUS
10
76.1288849999999968
20
-168.1136850000000038
11
76.0939769999999953
21
-168.1370090000000062
0
LINE
8
BLACK
6
CONTINUOUS
10
76.0939769999999953
20
-168.1370090000000062
11
76.0527999999999906
21
-168.1451999999999884
0
LINE
8
BLACK
6
CONTINUOUS
10
76.0527999999999906
20
-168.1451999999999884
11
75.7871999999999986
21
-168.1451999999999884
0
LINE
8
BLACK
6
CONTINUOUS
10
75.7871999999999986
20
-168.1451999999999884
11
75.7460229999999939
21
-168.1370090000000062
0
LINE
8
BLACK
6
CONTINUOUS
10
75.7460229999999939
20
-168.1370090000000062
11
75.7111149999999924
21
-168.1136850000000038
0
LINE
8
BLACK
6
CONTINUOUS
10
75.7111149999999924
20
-168.1136850000000038
11
75.68779099999999
21
-168.0787770000000023
0
LINE
8
BLACK
6
CONTINUOUS
10
75.68779099999999
20
-168.0787770000000023
11
75.6795999999999935
21
-168.0375999999999976
0
LINE
8
BLACK
6
CONTINUOUS
10
75.6795999999999935
20
-168.0375999999999976
11
75.6795999999999935
21
-167.8223999999999876
0
LINE
8
BLACK
6
CONTINUOUS
10
75.6795999999999935
20
-167.8223999999999876
11
75.68779099999999
21
-167.7812229999999829
0
LINE
8
BLACK
6
CONTINUOUS
10
75.68779099999999
20
-167.7812229999999829
11
75.7111149999999924
21
-167.7463149999999814
0
LINE
8
BLACK
6
CONTINUOUS
10
75.7111149999999924
20
-167.7463149999999814
11
75.7460229999999939
21
-167.7229909999999791
0
LINE
8
BLACK
6
CONTINUOUS
10
75.7460229999999939
20
-167.7229909999999791
11
75.7871999999999986
21
-167.7147999999999968
0
LINE
8
BLACK
6
CONTINUOUS
10
75.7871999999999986
20
-167.7147999999999968
11
76.0527999999999906
21
-167.7147999999999968
0
LINE
8
BLACK
6
CONTINUOUS
10
76.0527999999999906
20
-167.7147999999999968
11
76.0939769999999953
21
-167.7229909999999791
0
LINE
8
BLACK
6
CONTINUOUS
10
79.2539769999999919
20
-167.7229909999999791
11
79.2888849999999934
21
-167.7463149999999814
0
LINE
8
BLACK
6
CONTINUOUS
10
79.2888849999999934
20
-167.7463149999999814
11
79.3122089999999957
21
-167.7812229999999829
0
LINE
8
BLACK
6
CONTINUOUS
10
79.3122089999999957
20
-167.7812229999999829
11
79.3203999999999922
21
-167.8223999999999876
0
LINE
8
BLACK
6
CONTINUOUS
10
79.3203999999999922
20
-167.8223999999999876
11
79.3203999999999922
21
-168.0375999999999976
0
LINE
8
BLACK
6
CONTINUOUS
10
79.3203999999999922
20
-168.0375999999999976
11
79.3122089999999957
21
-168.0787770000000023
0
LINE
8
BLACK
6
CONTINUOUS
10
79.3122089999999957
20
-168.0787770000000023
11
79.2888849999999934
21
-168.1136850000000038
0
LINE
8
BLACK
6
CONTINUOUS
10
79.2888849999999934
20
-168.1136850000000038
11
79.2539769999999919
21
-168.1370090000000062
0
LINE
8
BLACK
6
CONTINUOUS
10
79.2539769999999919
20
-168.1370090000000062
11
79.2128000000000014
21
-168.1451999999999884
0
LINE
8
BLACK
6
CONTINUOUS
10
79.2128000000000014
20
-168.1451999999999884
11
78.9471999999999952
21
-168.1451999999999884
0
LINE
8
BLACK
6
CONTINUOUS
10
78.9471999999999952
20
-168.1451999999999884
11
78.9060229999999905
21
-168.1370090000000062
0
LINE
8
BLACK
6
CONTINUOUS
10
78.9060229999999905
20
-168.1370090000000062
11
78.8711150000000032
21
-168.1136850000000038
0
LINE
8
BLACK
6
CONTINUOUS
10
78.8711150000000032
20
-168.1136850000000038
11
78.8477910000000008
21
-168.0787770000000023
0
LINE
8
BLACK
6
CONTINUOUS
10
78.8477910000000008
20
-168.0787770000000023
11
78.8395999999999901
21
-168.0375999999999976
0
LINE
8
BLACK
6
CONTINUOUS
10
78.8395999999999901
20
-168.0375999999999976
11
78.8395999999999901
21
-167.8223999999999876
0
LINE
8
BLACK
6
CONTINUOUS
10
78.8395999999999901
20
-167.8223999999999876
11
78.8477910000000008
21
-167.7812229999999829
0
LINE
8
BLACK
6
CONTINUOUS
10
78.8477910000000008
20
-167.7812229999999829
11
78.8711150000000032
21
-167.7463149999999814
0
LINE
8
BLACK
6
CONTINUOUS
10
78.8711150000000032
20
-167.7463149999999814
11
78.9060229999999905
21
-167.7229909999999791
0
LINE
8
BLACK
6
CONTINUOUS
10
78.9060229999999905
20
-167.7229909999999791
11
78.9471999999999952
21
-167.7147999999999968
0
LINE
8
BLACK
6
CONTINUOUS
10
78.9471999999999952
20
-167.7147999999999968
11
79.2128000000000014
21
-167.7147999999999968
0
LINE
8
BLACK
6
CONTINUOUS
10
79.2128000000000014
20
-167.7147999999999968
11
79.2539769999999919
21
-167.7229909999999791
0
LINE
8
BLACK
6
CONTINUOUS
10
53.2687999999999988
20
-168.1359999999999957
11
52.3511999999999986
21
-168.1359999999999957
0
LINE
8
BLACK
6
CONTINUOUS
10
52.3511999999999986
20
-168.1359999999999957
11
52.3511999999999986
21
-167.9240000000000066
0
LINE
8
BLACK
6
CONTINUOUS
10
52.3511999999999986
20
-167.9240000000000066
11
53.2687999999999988
21
-167.9240000000000066
0
LINE
8
BLACK
6
CONTINUOUS
10
53.2687999999999988
20
-167.9240000000000066
11
53.2687999999999988
21
-168.1359999999999957
0
LINE
8
BLACK
6
CONTINUOUS
10
76.9149689999999993
20
-167.676070999999979
11
76.9485150000000004
21
-167.6984850000000051
0
LINE
8
BLACK
6
CONTINUOUS
10
76.9485150000000004
20
-167.6984850000000051
11
76.9709289999999982
21
-167.7320310000000063
0
LINE
8
BLACK
6
CONTINUOUS
10
76.9709289999999982
20
-167.7320310000000063
11
76.9787999999999926
21
-167.7716000000000065
0
LINE
8
BLACK
6
CONTINUOUS
10
76.9787999999999926
20
-167.7716000000000065
11
76.9787999999999926
21
-167.9783999999999935
0
LINE
8
BLACK
6
CONTINUOUS
10
76.9787999999999926
20
-167.9783999999999935
11
76.9709289999999982
21
-168.0179689999999937
0
LINE
8
BLACK
6
CONTINUOUS
10
76.9709289999999982
20
-168.0179689999999937
11
76.9485150000000004
21
-168.0515149999999949
0
LINE
8
BLACK
6
CONTINUOUS
10
76.9485150000000004
20
-168.0515149999999949
11
76.9149689999999993
21
-168.0739289999999926
0
LINE
8
BLACK
6
CONTINUOUS
10
76.9149689999999993
20
-168.0739289999999926
11
76.8753999999999991
21
-168.081799999999987
0
LINE
8
BLACK
6
CONTINUOUS
10
76.8753999999999991
20
-168.081799999999987
11
76.5845999999999947
21
-168.081799999999987
0
LINE
8
BLACK
6
CONTINUOUS
10
76.5845999999999947
20
-168.081799999999987
11
76.5450309999999945
21
-168.0739289999999926
0
LINE
8
BLACK
6
CONTINUOUS
10
76.5450309999999945
20
-168.0739289999999926
11
76.5114849999999933
21
-168.0515149999999949
0
LINE
8
BLACK
6
CONTINUOUS
10
76.5114849999999933
20
-168.0515149999999949
11
76.4890709999999956
21
-168.0179689999999937
0
LINE
8
BLACK
6
CONTINUOUS
10
76.4890709999999956
20
-168.0179689999999937
11
76.4812000000000012
21
-167.9783999999999935
0
LINE
8
BLACK
6
CONTINUOUS
10
76.4812000000000012
20
-167.9783999999999935
11
76.4812000000000012
21
-167.7716000000000065
0
LINE
8
BLACK
6
CONTINUOUS
10
76.4812000000000012
20
-167.7716000000000065
11
76.4890709999999956
21
-167.7320310000000063
0
LINE
8
BLACK
6
CONTINUOUS
10
76.4890709999999956
20
-167.7320310000000063
11
76.5114849999999933
21
-167.6984850000000051
0
LINE
8
BLACK
6
CONTINUOUS
10
76.5114849999999933
20
-167.6984850000000051
11
76.5450309999999945
21
-167.676070999999979
0
LINE
8
BLACK
6
CONTINUOUS
10
76.5450309999999945
20
-167.676070999999979
11
76.5845999999999947
21
-167.6681999999999846
0
LINE
8
BLACK
6
CONTINUOUS
10
76.5845999999999947
20
-167.6681999999999846
11
76.8753999999999991
21
-167.6681999999999846
0
LINE
8
BLACK
6
CONTINUOUS
10
76.8753999999999991
20
-167.6681999999999846
11
76.9149689999999993
21
-167.676070999999979
0
LINE
8
BLACK
6
CONTINUOUS
10
66.4849999999999994
20
-168.0434400000000039
11
66.105000000000004
21
-168.0434400000000039
0
LINE
8
BLACK
6
CONTINUOUS
10
66.105000000000004
20
-168.0434400000000039
11
66.105000000000004
21
-167.8314399999999864
0
LINE
8
BLACK
6
CONTINUOUS
10
66.105000000000004
20
-167.8314399999999864
11
66.4849999999999994
21
-167.8314399999999864
0
LINE
8
BLACK
6
CONTINUOUS
10
66.4849999999999994
20
-167.8314399999999864
11
66.4849999999999994
21
-168.0434400000000039
0
LINE
8
BLACK
6
CONTINUOUS
10
68.2249999999999943
20
-168.0434400000000039
11
67.8449999999999989
21
-168.0434400000000039
0
LINE
8
BLACK
6
CONTINUOUS
10
67.8449999999999989
20
-168.0434400000000039
11
67.8449999999999989
21
-167.8314399999999864
0
LINE
8
BLACK
6
CONTINUOUS
10
67.8449999999999989
20
-167.8314399999999864
11
68.2249999999999943
21
-167.8314399999999864
0
LINE
8
BLACK
6
CONTINUOUS
10
68.2249999999999943
20
-167.8314399999999864
11
68.2249999999999943
21
-168.0434400000000039
0
LINE
8
BLACK
6
CONTINUOUS
10
80.3649690000000021
20
-167.626070999999996
11
80.3985150000000033
21
-167.6484849999999938
0
LINE
8
BLACK
6
CONTINUOUS
10
80.3985150000000033
20
-167.6484849999999938
11
80.420929000000001
21
-167.6820309999999949
0
LINE
8
BLACK
6
CONTINUOUS
10
80.420929000000001
20
-167.6820309999999949
11
80.4287999999999954
21
-167.7215999999999951
0
LINE
8
BLACK
6
CONTINUOUS
10
80.4287999999999954
20
-167.7215999999999951
11
80.4287999999999954
21
-167.9283999999999821
0
LINE
8
BLACK
6
CONTINUOUS
10
80.4287999999999954
20
-167.9283999999999821
11
80.420929000000001
21
-167.9679689999999823
0
LINE
8
BLACK
6
CONTINUOUS
10
80.420929000000001
20
-167.9679689999999823
11
80.3985150000000033
21
-168.0015149999999835
0
LINE
8
BLACK
6
CONTINUOUS
10
80.3985150000000033
20
-168.0015149999999835
11
80.3649690000000021
21
-168.0239289999999812
0
LINE
8
BLACK
6
CONTINUOUS
10
80.3649690000000021
20
-168.0239289999999812
11
80.3254000000000019
21
-168.031800000000004
0
LINE
8
BLACK
6
CONTINUOUS
10
80.3254000000000019
20
-168.031800000000004
11
80.0345999999999975
21
-168.031800000000004
0
LINE
8
BLACK
6
CONTINUOUS
10
80.0345999999999975
20
-168.031800000000004
11
79.9950309999999973
21
-168.0239289999999812
0
LINE
8
BLACK
6
CONTINUOUS
10
79.9950309999999973
20
-168.0239289999999812
11
79.9614849999999961
21
-168.0015149999999835
0
LINE
8
BLACK
6
CONTINUOUS
10
79.9614849999999961
20
-168.0015149999999835
11
79.9390709999999984
21
-167.9679689999999823
0
LINE
8
BLACK
6
CONTINUOUS
10
79.9390709999999984
20
-167.9679689999999823
11
79.9311999999999898
21
-167.9283999999999821
0
LINE
8
BLACK
6
CONTINUOUS
10
79.9311999999999898
20
-167.9283999999999821
11
79.9311999999999898
21
-167.7215999999999951
0
LINE
8
BLACK
6
CONTINUOUS
10
79.9311999999999898
20
-167.7215999999999951
11
79.9390709999999984
21
-167.6820309999999949
0
LINE
8
BLACK
6
CONTINUOUS
10
79.9390709999999984
20
-167.6820309999999949
11
79.9614849999999961
21
-167.6484849999999938
0
LINE
8
BLACK
6
CONTINUOUS
10
79.9614849999999961
20
-167.6484849999999938
11
79.9950309999999973
21
-167.626070999999996
0
LINE
8
BLACK
6
CONTINUOUS
10
79.9950309999999973
20
-167.626070999999996
11
80.0345999999999975
21
-167.6182000000000016
0
LINE
8
BLACK
6
CONTINUOUS
10
80.0345999999999975
20
-167.6182000000000016
11
80.3254000000000019
21
-167.6182000000000016
0
LINE
8
BLACK
6
CONTINUOUS
10
80.3254000000000019
20
-167.6182000000000016
11
80.3649690000000021
21
-167.626070999999996
0
LINE
8
BLACK
6
CONTINUOUS
10
59.462968999999994
20
-167.2015109999999822
11
59.4965149999999952
21
-167.2239249999999799
0
LINE
8
BLACK
6
CONTINUOUS
10
59.4965149999999952
20
-167.2239249999999799
11
59.518929
21
-167.2574709999999811
0
LINE
8
BLACK
6
CONTINUOUS
10
59.518929
20
-167.2574709999999811
11
59.5267999999999944
21
-167.2970399999999813
0
LINE
8
BLACK
6
CONTINUOUS
10
59.5267999999999944
20
-167.2970399999999813
11
59.5267999999999944
21
-167.5878399999999999
0
LINE
8
BLACK
6
CONTINUOUS
10
59.5267999999999944
20
-167.5878399999999999
11
59.518929
21
-167.6274090000000001
0
LINE
8
BLACK
6
CONTINUOUS
10
59.518929
20
-167.6274090000000001
11
59.4965149999999952
21
-167.6609550000000013
0
LINE
8
BLACK
6
CONTINUOUS
10
59.4965149999999952
20
-167.6609550000000013
11
59.462968999999994
21
-167.683368999999999
0
LINE
8
BLACK
6
CONTINUOUS
10
59.462968999999994
20
-167.683368999999999
11
59.4233999999999938
21
-167.6912399999999934
0
LINE
8
BLACK
6
CONTINUOUS
10
59.4233999999999938
20
-167.6912399999999934
11
59.2165999999999997
21
-167.6912399999999934
0
LINE
8
BLACK
6
CONTINUOUS
10
59.2165999999999997
20
-167.6912399999999934
11
59.1770309999999995
21
-167.683368999999999
0
LINE
8
BLACK
6
CONTINUOUS
10
59.1770309999999995
20
-167.683368999999999
11
59.1434849999999983
21
-167.6609550000000013
0
LINE
8
BLACK
6
CONTINUOUS
10
59.1434849999999983
20
-167.6609550000000013
11
59.1210710000000006
21
-167.6274090000000001
0
LINE
8
BLACK
6
CONTINUOUS
10
59.1210710000000006
20
-167.6274090000000001
11
59.1131999999999991
21
-167.5878399999999999
0
LINE
8
BLACK
6
CONTINUOUS
10
59.1131999999999991
20
-167.5878399999999999
11
59.1131999999999991
21
-167.2970399999999813
0
LINE
8
BLACK
6
CONTINUOUS
10
59.1131999999999991
20
-167.2970399999999813
11
59.1210710000000006
21
-167.2574709999999811
0
LINE
8
BLACK
6
CONTINUOUS
10
59.1210710000000006
20
-167.2574709999999811
11
59.1434849999999983
21
-167.2239249999999799
0
LINE
8
BLACK
6
CONTINUOUS
10
59.1434849999999983
20
-167.2239249999999799
11
59.1770309999999995
21
-167.2015109999999822
0
LINE
8
BLACK
6
CONTINUOUS
10
59.1770309999999995
20
-167.2015109999999822
11
59.2165999999999997
21
-167.1936399999999878
0
LINE
8
BLACK
6
CONTINUOUS
10
59.2165999999999997
20
-167.1936399999999878
11
59.4233999999999938
21
-167.1936399999999878
0
LINE
8
BLACK
6
CONTINUOUS
10
59.4233999999999938
20
-167.1936399999999878
11
59.462968999999994
21
-167.2015109999999822
0
LINE
8
BLACK
6
CONTINUOUS
10
60.4829689999999971
20
-167.2015109999999822
11
60.5165149999999983
21
-167.2239249999999799
0
LINE
8
BLACK
6
CONTINUOUS
10
60.5165149999999983
20
-167.2239249999999799
11
60.538928999999996
21
-167.2574709999999811
0
LINE
8
BLACK
6
CONTINUOUS
10
60.538928999999996
20
-167.2574709999999811
11
60.5467999999999975
21
-167.2970399999999813
0
LINE
8
BLACK
6
CONTINUOUS
10
60.5467999999999975
20
-167.2970399999999813
11
60.5467999999999975
21
-167.5878399999999999
0
LINE
8
BLACK
6
CONTINUOUS
10
60.5467999999999975
20
-167.5878399999999999
11
60.538928999999996
21
-167.6274090000000001
0
LINE
8
BLACK
6
CONTINUOUS
10
60.538928999999996
20
-167.6274090000000001
11
60.5165149999999983
21
-167.6609550000000013
0
LINE
8
BLACK
6
CONTINUOUS
10
60.5165149999999983
20
-167.6609550000000013
11
60.4829689999999971
21
-167.683368999999999
0
LINE
8
BLACK
6
CONTINUOUS
10
60.4829689999999971
20
-167.683368999999999
11
60.4433999999999969
21
-167.6912399999999934
0
LINE
8
BLACK
6
CONTINUOUS
10
60.4433999999999969
20
-167.6912399999999934
11
60.2365999999999957
21
-167.6912399999999934
0
LINE
8
BLACK
6
CONTINUOUS
10
60.2365999999999957
20
-167.6912399999999934
11
60.1970309999999955
21
-167.683368999999999
0
LINE
8
BLACK
6
CONTINUOUS
10
60.1970309999999955
20
-167.683368999999999
11
60.1634849999999943
21
-167.6609550000000013
0
LINE
8
BLACK
6
CONTINUOUS
10
60.1634849999999943
20
-167.6609550000000013
11
60.1410709999999966
21
-167.6274090000000001
0
LINE
8
BLACK
6
CONTINUOUS
10
60.1410709999999966
20
-167.6274090000000001
11
60.1331999999999951
21
-167.5878399999999999
0
LINE
8
BLACK
6
CONTINUOUS
10
60.1331999999999951
20
-167.5878399999999999
11
60.1331999999999951
21
-167.2970399999999813
0
LINE
8
BLACK
6
CONTINUOUS
10
60.1331999999999951
20
-167.2970399999999813
11
60.1410709999999966
21
-167.2574709999999811
0
LINE
8
BLACK
6
CONTINUOUS
10
60.1410709999999966
20
-167.2574709999999811
11
60.1634849999999943
21
-167.2239249999999799
0
LINE
8
BLACK
6
CONTINUOUS
10
60.1634849999999943
20
-167.2239249999999799
11
60.1970309999999955
21
-167.2015109999999822
0
LINE
8
BLACK
6
CONTINUOUS
10
60.1970309999999955
20
-167.2015109999999822
11
60.2365999999999957
21
-167.1936399999999878
0
LINE
8
BLACK
6
CONTINUOUS
10
60.2365999999999957
20
-167.1936399999999878
11
60.4433999999999969
21
-167.1936399999999878
0
LINE
8
BLACK
6
CONTINUOUS
10
60.4433999999999969
20
-167.1936399999999878
11
60.4829689999999971
21
-167.2015109999999822
0
LINE
8
BLACK
6
CONTINUOUS
10
53.2687999999999988
20
-167.6359999999999957
11
52.3511999999999986
21
-167.6359999999999957
0
LINE
8
BLACK
6
CONTINUOUS
10
52.3511999999999986
20
-167.6359999999999957
11
52.3511999999999986
21
-167.4240000000000066
0
LINE
8
BLACK
6
CONTINUOUS
10
52.3511999999999986
20
-167.4240000000000066
11
53.2687999999999988
21
-167.4240000000000066
0
LINE
8
BLACK
6
CONTINUOUS
10
53.2687999999999988
20
-167.4240000000000066
11
53.2687999999999988
21
-167.6359999999999957
0
LINE
8
BLACK
6
CONTINUOUS
10
66.7710000000000008
20
-167.5074400000000026
11
66.5589999999999975
21
-167.5074400000000026
0
LINE
8
BLACK
6
CONTINUOUS
10
66.5589999999999975
20
-167.5074400000000026
11
66.5589999999999975
21
-167.1274399999999787
0
LINE
8
BLACK
6
CONTINUOUS
10
66.5589999999999975
20
-167.1274399999999787
11
66.7710000000000008
21
-167.1274399999999787
0
LINE
8
BLACK
6
CONTINUOUS
10
66.7710000000000008
20
-167.1274399999999787
11
66.7710000000000008
21
-167.5074400000000026
0
LINE
8
BLACK
6
CONTINUOUS
10
67.2710000000000008
20
-167.5074400000000026
11
67.0589999999999975
21
-167.5074400000000026
0
LINE
8
BLACK
6
CONTINUOUS
10
67.0589999999999975
20
-167.5074400000000026
11
67.0589999999999975
21
-167.1274399999999787
0
LINE
8
BLACK
6
CONTINUOUS
10
67.0589999999999975
20
-167.1274399999999787
11
67.2710000000000008
21
-167.1274399999999787
0
LINE
8
BLACK
6
CONTINUOUS
10
67.2710000000000008
20
-167.1274399999999787
11
67.2710000000000008
21
-167.5074400000000026
0
LINE
8
BLACK
6
CONTINUOUS
10
67.7710000000000008
20
-167.5074400000000026
11
67.5589999999999975
21
-167.5074400000000026
0
LINE
8
BLACK
6
CONTINUOUS
10
67.5589999999999975
20
-167.5074400000000026
11
67.5589999999999975
21
-167.1274399999999787
0
LINE
8
BLACK
6
CONTINUOUS
10
67.5589999999999975
20
-167.1274399999999787
11
67.7710000000000008
21
-167.1274399999999787
0
LINE
8
BLACK
6
CONTINUOUS
10
67.7710000000000008
20
-167.1274399999999787
11
67.7710000000000008
21
-167.5074400000000026
0
LINE
8
BLACK
6
CONTINUOUS
10
82.459969000000001
20
-167.011070999999987
11
82.4935150000000021
21
-167.0334849999999847
0
LINE
8
BLACK
6
CONTINUOUS
10
82.4935150000000021
20
-167.0334849999999847
11
82.5159289999999999
21
-167.0670309999999859
0
LINE
8
BLACK
6
CONTINUOUS
10
82.5159289999999999
20
-167.0670309999999859
11
82.5237999999999943
21
-167.106599999999986
0
LINE
8
BLACK
6
CONTINUOUS
10
82.5237999999999943
20
-167.106599999999986
11
82.5237999999999943
21
-167.3134000000000015
0
LINE
8
BLACK
6
CONTINUOUS
10
82.5237999999999943
20
-167.3134000000000015
11
82.5159289999999999
21
-167.3529690000000016
0
LINE
8
BLACK
6
CONTINUOUS
10
82.5159289999999999
20
-167.3529690000000016
11
82.4935150000000021
21
-167.3865150000000028
0
LINE
8
BLACK
6
CONTINUOUS
10
82.4935150000000021
20
-167.3865150000000028
11
82.459969000000001
21
-167.4089290000000005
0
LINE
8
BLACK
6
CONTINUOUS
10
82.459969000000001
20
-167.4089290000000005
11
82.4204000000000008
21
-167.416799999999995
0
LINE
8
BLACK
6
CONTINUOUS
10
82.4204000000000008
20
-167.416799999999995
11
82.1295999999999964
21
-167.416799999999995
0
LINE
8
BLACK
6
CONTINUOUS
10
82.1295999999999964
20
-167.416799999999995
11
82.0900309999999962
21
-167.4089290000000005
0
LINE
8
BLACK
6
CONTINUOUS
10
82.0900309999999962
20
-167.4089290000000005
11
82.056484999999995
21
-167.3865150000000028
0
LINE
8
BLACK
6
CONTINUOUS
10
82.056484999999995
20
-167.3865150000000028
11
82.0340709999999973
21
-167.3529690000000016
0
LINE
8
BLACK
6
CONTINUOUS
10
82.0340709999999973
20
-167.3529690000000016
11
82.0262000000000029
21
-167.3134000000000015
0
LINE
8
BLACK
6
CONTINUOUS
10
82.0262000000000029
20
-167.3134000000000015
11
82.0262000000000029
21
-167.106599999999986
0
LINE
8
BLACK
6
CONTINUOUS
10
82.0262000000000029
20
-167.106599999999986
11
82.0340709999999973
21
-167.0670309999999859
0
LINE
8
BLACK
6
CONTINUOUS
10
82.0340709999999973
20
-167.0670309999999859
11
82.056484999999995
21
-167.0334849999999847
0
LINE
8
BLACK
6
CONTINUOUS
10
82.056484999999995
20
-167.0334849999999847
11
82.0900309999999962
21
-167.011070999999987
0
LINE
8
BLACK
6
CONTINUOUS
10
82.0900309999999962
20
-167.011070999999987
11
82.1295999999999964
21
-167.0031999999999925
0
LINE
8
BLACK
6
CONTINUOUS
10
82.1295999999999964
20
-167.0031999999999925
11
82.4204000000000008
21
-167.0031999999999925
0
LINE
8
BLACK
6
CONTINUOUS
10
82.4204000000000008
20
-167.0031999999999925
11
82.459969000000001
21
-167.011070999999987
0
LINE
8
BLACK
6
CONTINUOUS
10
77.0580399999999912
20
-167.3129999999999882
11
76.8628399999999914
21
-167.3129999999999882
0
LINE
8
BLACK
6
CONTINUOUS
10
76.8628399999999914
20
-167.3129999999999882
11
76.8628399999999914
21
-166.8069999999999879
0
LINE
8
BLACK
6
CONTINUOUS
10
76.8628399999999914
20
-166.8069999999999879
11
77.0580399999999912
21
-166.8069999999999879
0
LINE
8
BLACK
6
CONTINUOUS
10
77.0580399999999912
20
-166.8069999999999879
11
77.0580399999999912
21
-167.3129999999999882
0
LINE
8
BLACK
6
CONTINUOUS
10
77.5580399999999912
20
-167.3129999999999882
11
77.3628399999999914
21
-167.3129999999999882
0
LINE
8
BLACK
6
CONTINUOUS
10
77.3628399999999914
20
-167.3129999999999882
11
77.3628399999999914
21
-166.8069999999999879
0
LINE
8
BLACK
6
CONTINUOUS
10
77.3628399999999914
20
-166.8069999999999879
11
77.5580399999999912
21
-166.8069999999999879
0
LINE
8
BLACK
6
CONTINUOUS
10
77.5580399999999912
20
-166.8069999999999879
11
77.5580399999999912
21
-167.3129999999999882
0
LINE
8
BLACK
6
CONTINUOUS
10
78.0580399999999912
20
-167.3129999999999882
11
77.8628399999999914
21
-167.3129999999999882
0
LINE
8
BLACK
6
CONTINUOUS
10
77.8628399999999914
20
-167.3129999999999882
11
77.8628399999999914
21
-166.8069999999999879
0
LINE
8
BLACK
6
CONTINUOUS
10
77.8628399999999914
20
-166.8069999999999879
11
78.0580399999999912
21
-166.8069999999999879
0
LINE
8
BLACK
6
CONTINUOUS
10
78.0580399999999912
20
-166.8069999999999879
11
78.0580399999999912
21
-167.3129999999999882
0
LINE
8
BLACK
6
CONTINUOUS
10
78.5580399999999912
20
-167.3129999999999882
11
78.3628399999999914
21
-167.3129999999999882
0
LINE
8
BLACK
6
CONTINUOUS
10
78.3628399999999914
20
-167.3129999999999882
11
78.3628399999999914
21
-166.8069999999999879
0
LINE
8
BLACK
6
CONTINUOUS
10
78.3628399999999914
20
-166.8069999999999879
11
78.5580399999999912
21
-166.8069999999999879
0
LINE
8
BLACK
6
CONTINUOUS
10
78.5580399999999912
20
-166.8069999999999879
11
78.5580399999999912
21
-167.3129999999999882
0
LINE
8
BLACK
6
CONTINUOUS
10
79.0580399999999912
20
-167.3129999999999882
11
78.8628399999999914
21
-167.3129999999999882
0
LINE
8
BLACK
6
CONTINUOUS
10
78.8628399999999914
20
-167.3129999999999882
11
78.8628399999999914
21
-166.8069999999999879
0
LINE
8
BLACK
6
CONTINUOUS
10
78.8628399999999914
20
-166.8069999999999879
11
79.0580399999999912
21
-166.8069999999999879
0
LINE
8
BLACK
6
CONTINUOUS
10
79.0580399999999912
20
-166.8069999999999879
11
79.0580399999999912
21
-167.3129999999999882
0
LINE
8
BLACK
6
CONTINUOUS
10
79.5580399999999912
20
-167.3129999999999882
11
79.3628399999999914
21
-167.3129999999999882
0
LINE
8
BLACK
6
CONTINUOUS
10
79.3628399999999914
20
-167.3129999999999882
11
79.3628399999999914
21
-166.8069999999999879
0
LINE
8
BLACK
6
CONTINUOUS
10
79.3628399999999914
20
-166.8069999999999879
11
79.5580399999999912
21
-166.8069999999999879
0
LINE
8
BLACK
6
CONTINUOUS
10
79.5580399999999912
20
-166.8069999999999879
11
79.5580399999999912
21
-167.3129999999999882
0
LINE
8
BLACK
6
CONTINUOUS
10
80.0580399999999912
20
-167.3129999999999882
11
79.8628399999999914
21
-167.3129999999999882
0
LINE
8
BLACK
6
CONTINUOUS
10
79.8628399999999914
20
-167.3129999999999882
11
79.8628399999999914
21
-166.8069999999999879
0
LINE
8
BLACK
6
CONTINUOUS
10
79.8628399999999914
20
-166.8069999999999879
11
80.0580399999999912
21
-166.8069999999999879
0
LINE
8
BLACK
6
CONTINUOUS
10
80.0580399999999912
20
-166.8069999999999879
11
80.0580399999999912
21
-167.3129999999999882
0
LINE
8
BLACK
6
CONTINUOUS
10
80.5580399999999912
20
-167.3129999999999882
11
80.3628399999999914
21
-167.3129999999999882
0
LINE
8
BLACK
6
CONTINUOUS
10
80.3628399999999914
20
-167.3129999999999882
11
80.3628399999999914
21
-166.8069999999999879
0
LINE
8
BLACK
6
CONTINUOUS
10
80.3628399999999914
20
-166.8069999999999879
11
80.5580399999999912
21
-166.8069999999999879
0
LINE
8
BLACK
6
CONTINUOUS
10
80.5580399999999912
20
-166.8069999999999879
11
80.5580399999999912
21
-167.3129999999999882
0
LINE
8
BLACK
6
CONTINUOUS
10
68.9687770000000029
20
-166.7677909999999883
11
69.0036849999999902
21
-166.7911149999999907
0
LINE
8
BLACK
6
CONTINUOUS
10
69.0036849999999902
20
-166.7911149999999907
11
69.0270089999999925
21
-166.8260229999999922
0
LINE
8
BLACK
6
CONTINUOUS
10
69.0270089999999925
20
-166.8260229999999922
11
69.0352000000000032
21
-166.8671999999999969
0
LINE
8
BLACK
6
CONTINUOUS
10
69.0352000000000032
20
-166.8671999999999969
11
69.0352000000000032
21
-167.1328000000000031
0
LINE
8
BLACK
6
CONTINUOUS
10
69.0352000000000032
20
-167.1328000000000031
11
69.0270089999999925
21
-167.1739769999999794
0
LINE
8
BLACK
6
CONTINUOUS
10
69.0270089999999925
20
-167.1739769999999794
11
69.0036849999999902
21
-167.2088849999999809
0
LINE
8
BLACK
6
CONTINUOUS
10
69.0036849999999902
20
-167.2088849999999809
11
68.9687770000000029
21
-167.2322089999999832
0
LINE
8
BLACK
6
CONTINUOUS
10
68.9687770000000029
20
-167.2322089999999832
11
68.9275999999999982
21
-167.240399999999994
0
LINE
8
BLACK
6
CONTINUOUS
10
68.9275999999999982
20
-167.240399999999994
11
68.7124000000000024
21
-167.240399999999994
0
LINE
8
BLACK
6
CONTINUOUS
10
68.7124000000000024
20
-167.240399999999994
11
68.6712229999999977
21
-167.2322089999999832
0
LINE
8
BLACK
6
CONTINUOUS
10
68.6712229999999977
20
-167.2322089999999832
11
68.6363149999999962
21
-167.2088849999999809
0
LINE
8
BLACK
6
CONTINUOUS
10
68.6363149999999962
20
-167.2088849999999809
11
68.6129909999999938
21
-167.1739769999999794
0
LINE
8
BLACK
6
CONTINUOUS
10
68.6129909999999938
20
-167.1739769999999794
11
68.6047999999999973
21
-167.1328000000000031
0
LINE
8
BLACK
6
CONTINUOUS
10
68.6047999999999973
20
-167.1328000000000031
11
68.6047999999999973
21
-166.8671999999999969
0
LINE
8
BLACK
6
CONTINUOUS
10
68.6047999999999973
20
-166.8671999999999969
11
68.6129909999999938
21
-166.8260229999999922
0
LINE
8
BLACK
6
CONTINUOUS
10
68.6129909999999938
20
-166.8260229999999922
11
68.6363149999999962
21
-166.7911149999999907
0
LINE
8
BLACK
6
CONTINUOUS
10
68.6363149999999962
20
-166.7911149999999907
11
68.6712229999999977
21
-166.7677909999999883
0
LINE
8
BLACK
6
CONTINUOUS
10
68.6712229999999977
20
-166.7677909999999883
11
68.7124000000000024
21
-166.759600000000006
0
LINE
8
BLACK
6
CONTINUOUS
10
68.7124000000000024
20
-166.759600000000006
11
68.9275999999999982
21
-166.759600000000006
0
LINE
8
BLACK
6
CONTINUOUS
10
68.9275999999999982
20
-166.759600000000006
11
68.9687770000000029
21
-166.7677909999999883
0
LINE
8
BLACK
6
CONTINUOUS
10
69.9287769999999966
20
-166.7677909999999883
11
69.9636849999999981
21
-166.7911149999999907
0
LINE
8
BLACK
6
CONTINUOUS
10
69.9636849999999981
20
-166.7911149999999907
11
69.9870090000000005
21
-166.8260229999999922
0
LINE
8
BLACK
6
CONTINUOUS
10
69.9870090000000005
20
-166.8260229999999922
11
69.995199999999997
21
-166.8671999999999969
0
LINE
8
BLACK
6
CONTINUOUS
10
69.995199999999997
20
-166.8671999999999969
11
69.995199999999997
21
-167.1328000000000031
0
LINE
8
BLACK
6
CONTINUOUS
10
69.995199999999997
20
-167.1328000000000031
11
69.9870090000000005
21
-167.1739769999999794
0
LINE
8
BLACK
6
CONTINUOUS
10
69.9870090000000005
20
-167.1739769999999794
11
69.9636849999999981
21
-167.2088849999999809
0
LINE
8
BLACK
6
CONTINUOUS
10
69.9636849999999981
20
-167.2088849999999809
11
69.9287769999999966
21
-167.2322089999999832
0
LINE
8
BLACK
6
CONTINUOUS
10
69.9287769999999966
20
-167.2322089999999832
11
69.887599999999992
21
-167.240399999999994
0
LINE
8
BLACK
6
CONTINUOUS
10
69.887599999999992
20
-167.240399999999994
11
69.6723999999999961
21
-167.240399999999994
0
LINE
8
BLACK
6
CONTINUOUS
10
69.6723999999999961
20
-167.240399999999994
11
69.6312229999999914
21
-167.2322089999999832
0
LINE
8
BLACK
6
CONTINUOUS
10
69.6312229999999914
20
-167.2322089999999832
11
69.5963149999999899
21
-167.2088849999999809
0
LINE
8
BLACK
6
CONTINUOUS
10
69.5963149999999899
20
-167.2088849999999809
11
69.5729910000000018
21
-167.1739769999999794
0
LINE
8
BLACK
6
CONTINUOUS
10
69.5729910000000018
20
-167.1739769999999794
11
69.5647999999999911
21
-167.1328000000000031
0
LINE
8
BLACK
6
CONTINUOUS
10
69.5647999999999911
20
-167.1328000000000031
11
69.5647999999999911
21
-166.8671999999999969
0
LINE
8
BLACK
6
CONTINUOUS
10
69.5647999999999911
20
-166.8671999999999969
11
69.5729910000000018
21
-166.8260229999999922
0
LINE
8
BLACK
6
CONTINUOUS
10
69.5729910000000018
20
-166.8260229999999922
11
69.5963149999999899
21
-166.7911149999999907
0
LINE
8
BLACK
6
CONTINUOUS
10
69.5963149999999899
20
-166.7911149999999907
11
69.6312229999999914
21
-166.7677909999999883
0
LINE
8
BLACK
6
CONTINUOUS
10
69.6312229999999914
20
-166.7677909999999883
11
69.6723999999999961
21
-166.759600000000006
0
LINE
8
BLACK
6
CONTINUOUS
10
69.6723999999999961
20
-166.759600000000006
11
69.887599999999992
21
-166.759600000000006
0
LINE
8
BLACK
6
CONTINUOUS
10
69.887599999999992
20
-166.759600000000006
11
69.9287769999999966
21
-166.7677909999999883
0
LINE
8
BLACK
6
CONTINUOUS
10
53.2687999999999988
20
-167.1359999999999957
11
52.3511999999999986
21
-167.1359999999999957
0
LINE
8
BLACK
6
CONTINUOUS
10
52.3511999999999986
20
-167.1359999999999957
11
52.3511999999999986
21
-166.9240000000000066
0
LINE
8
BLACK
6
CONTINUOUS
10
52.3511999999999986
20
-166.9240000000000066
11
53.2687999999999988
21
-166.9240000000000066
0
LINE
8
BLACK
6
CONTINUOUS
10
53.2687999999999988
20
-166.9240000000000066
11
53.2687999999999988
21
-167.1359999999999957
0
LINE
8
BLACK
6
CONTINUOUS
10
59.462968999999994
20
-166.4015109999999993
11
59.4965149999999952
21
-166.423924999999997
0
LINE
8
BLACK
6
CONTINUOUS
10
59.4965149999999952
20
-166.423924999999997
11
59.518929
21
-166.4574709999999982
0
LINE
8
BLACK
6
CONTINUOUS
10
59.518929
20
-166.4574709999999982
11
59.5267999999999944
21
-166.4970399999999984
0
LINE
8
BLACK
6
CONTINUOUS
10
59.5267999999999944
20
-166.4970399999999984
11
59.5267999999999944
21
-166.7878399999999885
0
LINE
8
BLACK
6
CONTINUOUS
10
59.5267999999999944
20
-166.7878399999999885
11
59.518929
21
-166.8274089999999887
0
LINE
8
BLACK
6
CONTINUOUS
10
59.518929
20
-166.8274089999999887
11
59.4965149999999952
21
-166.8609549999999899
0
LINE
8
BLACK
6
CONTINUOUS
10
59.4965149999999952
20
-166.8609549999999899
11
59.462968999999994
21
-166.8833689999999876
0
LINE
8
BLACK
6
CONTINUOUS
10
59.462968999999994
20
-166.8833689999999876
11
59.4233999999999938
21
-166.891239999999982
0
LINE
8
BLACK
6
CONTINUOUS
10
59.4233999999999938
20
-166.891239999999982
11
59.2165999999999997
21
-166.891239999999982
0
LINE
8
BLACK
6
CONTINUOUS
10
59.2165999999999997
20
-166.891239999999982
11
59.1770309999999995
21
-166.8833689999999876
0
LINE
8
BLACK
6
CONTINUOUS
10
59.1770309999999995
20
-166.8833689999999876
11
59.1434849999999983
21
-166.8609549999999899
0
LINE
8
BLACK
6
CONTINUOUS
10
59.1434849999999983
20
-166.8609549999999899
11
59.1210710000000006
21
-166.8274089999999887
0
LINE
8
BLACK
6
CONTINUOUS
10
59.1210710000000006
20
-166.8274089999999887
11
59.1131999999999991
21
-166.7878399999999885
0
LINE
8
BLACK
6
CONTINUOUS
10
59.1131999999999991
20
-166.7878399999999885
11
59.1131999999999991
21
-166.4970399999999984
0
LINE
8
BLACK
6
CONTINUOUS
10
59.1131999999999991
20
-166.4970399999999984
11
59.1210710000000006
21
-166.4574709999999982
0
LINE
8
BLACK
6
CONTINUOUS
10
59.1210710000000006
20
-166.4574709999999982
11
59.1434849999999983
21
-166.423924999999997
0
LINE
8
BLACK
6
CONTINUOUS
10
59.1434849999999983
20
-166.423924999999997
11
59.1770309999999995
21
-166.4015109999999993
0
LINE
8
BLACK
6
CONTINUOUS
10
59.1770309999999995
20
-166.4015109999999993
11
59.2165999999999997
21
-166.3936400000000049
0
LINE
8
BLACK
6
CONTINUOUS
10
59.2165999999999997
20
-166.3936400000000049
11
59.4233999999999938
21
-166.3936400000000049
0
LINE
8
BLACK
6
CONTINUOUS
10
59.4233999999999938
20
-166.3936400000000049
11
59.462968999999994
21
-166.4015109999999993
0
LINE
8
BLACK
6
CONTINUOUS
10
60.4829689999999971
20
-166.4015109999999993
11
60.5165149999999983
21
-166.423924999999997
0
LINE
8
BLACK
6
CONTINUOUS
10
60.5165149999999983
20
-166.423924999999997
11
60.538928999999996
21
-166.4574709999999982
0
LINE
8
BLACK
6
CONTINUOUS
10
60.538928999999996
20
-166.4574709999999982
11
60.5467999999999975
21
-166.4970399999999984
0
LINE
8
BLACK
6
CONTINUOUS
10
60.5467999999999975
20
-166.4970399999999984
11
60.5467999999999975
21
-166.7878399999999885
0
LINE
8
BLACK
6
CONTINUOUS
10
60.5467999999999975
20
-166.7878399999999885
11
60.538928999999996
21
-166.8274089999999887
0
LINE
8
BLACK
6
CONTINUOUS
10
60.538928999999996
20
-166.8274089999999887
11
60.5165149999999983
21
-166.8609549999999899
0
LINE
8
BLACK
6
CONTINUOUS
10
60.5165149999999983
20
-166.8609549999999899
11
60.4829689999999971
21
-166.8833689999999876
0
LINE
8
BLACK
6
CONTINUOUS
10
60.4829689999999971
20
-166.8833689999999876
11
60.4433999999999969
21
-166.891239999999982
0
LINE
8
BLACK
6
CONTINUOUS
10
60.4433999999999969
20
-166.891239999999982
11
60.2365999999999957
21
-166.891239999999982
0
LINE
8
BLACK
6
CONTINUOUS
10
60.2365999999999957
20
-166.891239999999982
11
60.1970309999999955
21
-166.8833689999999876
0
LINE
8
BLACK
6
CONTINUOUS
10
60.1970309999999955
20
-166.8833689999999876
11
60.1634849999999943
21
-166.8609549999999899
0
LINE
8
BLACK
6
CONTINUOUS
10
60.1634849999999943
20
-166.8609549999999899
11
60.1410709999999966
21
-166.8274089999999887
0
LINE
8
BLACK
6
CONTINUOUS
10
60.1410709999999966
20
-166.8274089999999887
11
60.1331999999999951
21
-166.7878399999999885
0
LINE
8
BLACK
6
CONTINUOUS
10
60.1331999999999951
20
-166.7878399999999885
11
60.1331999999999951
21
-166.4970399999999984
0
LINE
8
BLACK
6
CONTINUOUS
10
60.1331999999999951
20
-166.4970399999999984
11
60.1410709999999966
21
-166.4574709999999982
0
LINE
8
BLACK
6
CONTINUOUS
10
60.1410709999999966
20
-166.4574709999999982
11
60.1634849999999943
21
-166.423924999999997
0
LINE
8
BLACK
6
CONTINUOUS
10
60.1634849999999943
20
-166.423924999999997
11
60.1970309999999955
21
-166.4015109999999993
0
LINE
8
BLACK
6
CONTINUOUS
10
60.1970309999999955
20
-166.4015109999999993
11
60.2365999999999957
21
-166.3936400000000049
0
LINE
8
BLACK
6
CONTINUOUS
10
60.2365999999999957
20
-166.3936400000000049
11
60.4433999999999969
21
-166.3936400000000049
0
LINE
8
BLACK
6
CONTINUOUS
10
60.4433999999999969
20
-166.3936400000000049
11
60.4829689999999971
21
-166.4015109999999993
0
LINE
8
BLACK
6
CONTINUOUS
10
53.2687999999999988
20
-166.6359999999999957
11
52.3511999999999986
21
-166.6359999999999957
0
LINE
8
BLACK
6
CONTINUOUS
10
52.3511999999999986
20
-166.6359999999999957
11
52.3511999999999986
21
-166.4240000000000066
0
LINE
8
BLACK
6
CONTINUOUS
10
52.3511999999999986
20
-166.4240000000000066
11
53.2687999999999988
21
-166.4240000000000066
0
LINE
8
BLACK
6
CONTINUOUS
10
53.2687999999999988
20
-166.4240000000000066
11
53.2687999999999988
21
-166.6359999999999957
0
LINE
8
BLACK
6
CONTINUOUS
10
76.4834400000000016
20
-166.427599999999984
11
75.9774400000000014
21
-166.427599999999984
0
LINE
8
BLACK
6
CONTINUOUS
10
75.9774400000000014
20
-166.427599999999984
11
75.9774400000000014
21
-166.2323999999999842
0
LINE
8
BLACK
6
CONTINUOUS
10
75.9774400000000014
20
-166.2323999999999842
11
76.4834400000000016
21
-166.2323999999999842
0
LINE
8
BLACK
6
CONTINUOUS
10
76.4834400000000016
20
-166.2323999999999842
11
76.4834400000000016
21
-166.427599999999984
0
LINE
8
BLACK
6
CONTINUOUS
10
81.4434399999999954
20
-166.427599999999984
11
80.9374399999999952
21
-166.427599999999984
0
LINE
8
BLACK
6
CONTINUOUS
10
80.9374399999999952
20
-166.427599999999984
11
80.9374399999999952
21
-166.2323999999999842
0
LINE
8
BLACK
6
CONTINUOUS
10
80.9374399999999952
20
-166.2323999999999842
11
81.4434399999999954
21
-166.2323999999999842
0
LINE
8
BLACK
6
CONTINUOUS
10
81.4434399999999954
20
-166.2323999999999842
11
81.4434399999999954
21
-166.427599999999984
0
LINE
8
BLACK
6
CONTINUOUS
10
82.459969000000001
20
-165.9910710000000051
11
82.4935150000000021
21
-166.0134850000000029
0
LINE
8
BLACK
6
CONTINUOUS
10
82.4935150000000021
20
-166.0134850000000029
11
82.5159289999999999
21
-166.047031000000004
0
LINE
8
BLACK
6
CONTINUOUS
10
82.5159289999999999
20
-166.047031000000004
11
82.5237999999999943
21
-166.0866000000000042
0
LINE
8
BLACK
6
CONTINUOUS
10
82.5237999999999943
20
-166.0866000000000042
11
82.5237999999999943
21
-166.2933999999999912
0
LINE
8
BLACK
6
CONTINUOUS
10
82.5237999999999943
20
-166.2933999999999912
11
82.5159289999999999
21
-166.3329689999999914
0
LINE
8
BLACK
6
CONTINUOUS
10
82.5159289999999999
20
-166.3329689999999914
11
82.4935150000000021
21
-166.3665149999999926
0
LINE
8
BLACK
6
CONTINUOUS
10
82.4935150000000021
20
-166.3665149999999926
11
82.459969000000001
21
-166.3889289999999903
0
LINE
8
BLACK
6
CONTINUOUS
10
82.459969000000001
20
-166.3889289999999903
11
82.4204000000000008
21
-166.3967999999999847
0
LINE
8
BLACK
6
CONTINUOUS
10
82.4204000000000008
20
-166.3967999999999847
11
82.1295999999999964
21
-166.3967999999999847
0
LINE
8
BLACK
6
CONTINUOUS
10
82.1295999999999964
20
-166.3967999999999847
11
82.0900309999999962
21
-166.3889289999999903
0
LINE
8
BLACK
6
CONTINUOUS
10
82.0900309999999962
20
-166.3889289999999903
11
82.056484999999995
21
-166.3665149999999926
0
LINE
8
BLACK
6
CONTINUOUS
10
82.056484999999995
20
-166.3665149999999926
11
82.0340709999999973
21
-166.3329689999999914
0
LINE
8
BLACK
6
CONTINUOUS
10
82.0340709999999973
20
-166.3329689999999914
11
82.0262000000000029
21
-166.2933999999999912
0
LINE
8
BLACK
6
CONTINUOUS
10
82.0262000000000029
20
-166.2933999999999912
11
82.0262000000000029
21
-166.0866000000000042
0
LINE
8
BLACK
6
CONTINUOUS
10
82.0262000000000029
20
-166.0866000000000042
11
82.0340709999999973
21
-166.047031000000004
0
LINE
8
BLACK
6
CONTINUOUS
10
82.0340709999999973
20
-166.047031000000004
11
82.056484999999995
21
-166.0134850000000029
0
LINE
8
BLACK
6
CONTINUOUS
10
82.056484999999995
20
-166.0134850000000029
11
82.0900309999999962
21
-165.9910710000000051
0
LINE
8
BLACK
6
CONTINUOUS
10
82.0900309999999962
20
-165.9910710000000051
11
82.1295999999999964
21
-165.9831999999999823
0
LINE
8
BLACK
6
CONTINUOUS
10
82.1295999999999964
20
-165.9831999999999823
11
82.4204000000000008
21
-165.9831999999999823
0
LINE
8
BLACK
6
CONTINUOUS
10
82.4204000000000008
20
-165.9831999999999823
11
82.459969000000001
21
-165.9910710000000051
0
LINE
8
BLACK
6
CONTINUOUS
10
66.6479999999999961
20
-166.2399999999999807
11
65.9320000000000022
21
-166.2399999999999807
0
LINE
8
BLACK
6
CONTINUOUS
10
65.9320000000000022
20
-166.2399999999999807
11
65.9320000000000022
21
-165.4399999999999977
0
LINE
8
BLACK
6
CONTINUOUS
10
65.9320000000000022
20
-165.4399999999999977
11
66.6479999999999961
21
-165.4399999999999977
0
LINE
8
BLACK
6
CONTINUOUS
10
66.6479999999999961
20
-165.4399999999999977
11
66.6479999999999961
21
-166.2399999999999807
0
LINE
8
BLACK
6
CONTINUOUS
10
68.2079999999999984
20
-166.2399999999999807
11
67.4919999999999902
21
-166.2399999999999807
0
LINE
8
BLACK
6
CONTINUOUS
10
67.4919999999999902
20
-166.2399999999999807
11
67.4919999999999902
21
-165.4399999999999977
0
LINE
8
BLACK
6
CONTINUOUS
10
67.4919999999999902
20
-165.4399999999999977
11
68.2079999999999984
21
-165.4399999999999977
0
LINE
8
BLACK
6
CONTINUOUS
10
68.2079999999999984
20
-165.4399999999999977
11
68.2079999999999984
21
-166.2399999999999807
0
LINE
8
BLACK
6
CONTINUOUS
10
53.2687999999999988
20
-166.1359999999999957
11
52.3511999999999986
21
-166.1359999999999957
0
LINE
8
BLACK
6
CONTINUOUS
10
52.3511999999999986
20
-166.1359999999999957
11
52.3511999999999986
21
-165.9240000000000066
0
LINE
8
BLACK
6
CONTINUOUS
10
52.3511999999999986
20
-165.9240000000000066
11
53.2687999999999988
21
-165.9240000000000066
0
LINE
8
BLACK
6
CONTINUOUS
10
53.2687999999999988
20
-165.9240000000000066
11
53.2687999999999988
21
-166.1359999999999957
0
LINE
8
BLACK
6
CONTINUOUS
10
59.0275999999999996
20
-166.0330399999999997
11
58.8323999999999998
21
-166.0330399999999997
0
LINE
8
BLACK
6
CONTINUOUS
10
58.8323999999999998
20
-166.0330399999999997
11
58.8323999999999998
21
-165.5018399999999872
0
LINE
8
BLACK
6
CONTINUOUS
10
58.8323999999999998
20
-165.5018399999999872
11
59.0275999999999996
21
-165.5018399999999872
0
LINE
8
BLACK
6
CONTINUOUS
10
59.0275999999999996
20
-165.5018399999999872
11
59.0275999999999996
21
-166.0330399999999997
0
LINE
8
BLACK
6
CONTINUOUS
10
59.5275999999999996
20
-166.0330399999999997
11
59.3323999999999998
21
-166.0330399999999997
0
LINE
8
BLACK
6
CONTINUOUS
10
59.3323999999999998
20
-166.0330399999999997
11
59.3323999999999998
21
-165.5018399999999872
0
LINE
8
BLACK
6
CONTINUOUS
10
59.3323999999999998
20
-165.5018399999999872
11
59.5275999999999996
21
-165.5018399999999872
0
LINE
8
BLACK
6
CONTINUOUS
10
59.5275999999999996
20
-165.5018399999999872
11
59.5275999999999996
21
-166.0330399999999997
0
LINE
8
BLACK
6
CONTINUOUS
10
60.0275999999999996
20
-166.0330399999999997
11
59.8323999999999998
21
-166.0330399999999997
0
LINE
8
BLACK
6
CONTINUOUS
10
59.8323999999999998
20
-166.0330399999999997
11
59.8323999999999998
21
-165.5018399999999872
0
LINE
8
BLACK
6
CONTINUOUS
10
59.8323999999999998
20
-165.5018399999999872
11
60.0275999999999996
21
-165.5018399999999872
0
LINE
8
BLACK
6
CONTINUOUS
10
60.0275999999999996
20
-165.5018399999999872
11
60.0275999999999996
21
-166.0330399999999997
0
LINE
8
BLACK
6
CONTINUOUS
10
60.5275999999999996
20
-166.0330399999999997
11
60.3323999999999998
21
-166.0330399999999997
0
LINE
8
BLACK
6
CONTINUOUS
10
60.3323999999999998
20
-166.0330399999999997
11
60.3323999999999998
21
-165.5018399999999872
0
LINE
8
BLACK
6
CONTINUOUS
10
60.3323999999999998
20
-165.5018399999999872
11
60.5275999999999996
21
-165.5018399999999872
0
LINE
8
BLACK
6
CONTINUOUS
10
60.5275999999999996
20
-165.5018399999999872
11
60.5275999999999996
21
-166.0330399999999997
0
LINE
8
BLACK
6
CONTINUOUS
10
76.4834400000000016
20
-165.927599999999984
11
75.9774400000000014
21
-165.927599999999984
0
LINE
8
BLACK
6
CONTINUOUS
10
75.9774400000000014
20
-165.927599999999984
11
75.9774400000000014
21
-165.7323999999999842
0
LINE
8
BLACK
6
CONTINUOUS
10
75.9774400000000014
20
-165.7323999999999842
11
76.4834400000000016
21
-165.7323999999999842
0
LINE
8
BLACK
6
CONTINUOUS
10
76.4834400000000016
20
-165.7323999999999842
11
76.4834400000000016
21
-165.927599999999984
0
LINE
8
BLACK
6
CONTINUOUS
10
81.4434399999999954
20
-165.927599999999984
11
80.9374399999999952
21
-165.927599999999984
0
LINE
8
BLACK
6
CONTINUOUS
10
80.9374399999999952
20
-165.927599999999984
11
80.9374399999999952
21
-165.7323999999999842
0
LINE
8
BLACK
6
CONTINUOUS
10
80.9374399999999952
20
-165.7323999999999842
11
81.4434399999999954
21
-165.7323999999999842
0
LINE
8
BLACK
6
CONTINUOUS
10
81.4434399999999954
20
-165.7323999999999842
11
81.4434399999999954
21
-165.927599999999984
0
LINE
8
BLACK
6
CONTINUOUS
10
68.9587769999999978
20
-165.3002309999999966
11
68.9936849999999993
21
-165.3235549999999989
0
LINE
8
BLACK
6
CONTINUOUS
10
68.9936849999999993
20
-165.3235549999999989
11
69.0170090000000016
21
-165.3584630000000004
0
LINE
8
BLACK
6
CONTINUOUS
10
69.0170090000000016
20
-165.3584630000000004
11
69.0251999999999981
21
-165.3996400000000051
0
LINE
8
BLACK
6
CONTINUOUS
10
69.0251999999999981
20
-165.3996400000000051
11
69.0251999999999981
21
-165.665239999999983
0
LINE
8
BLACK
6
CONTINUOUS
10
69.0251999999999981
20
-165.665239999999983
11
69.0170090000000016
21
-165.7064169999999876
0
LINE
8
BLACK
6
CONTINUOUS
10
69.0170090000000016
20
-165.7064169999999876
11
68.9936849999999993
21
-165.7413249999999891
0
LINE
8
BLACK
6
CONTINUOUS
10
68.9936849999999993
20
-165.7413249999999891
11
68.9587769999999978
21
-165.7646489999999915
0
LINE
8
BLACK
6
CONTINUOUS
10
68.9587769999999978
20
-165.7646489999999915
11
68.9175999999999931
21
-165.7728400000000022
0
LINE
8
BLACK
6
CONTINUOUS
10
68.9175999999999931
20
-165.7728400000000022
11
68.7023999999999972
21
-165.7728400000000022
0
LINE
8
BLACK
6
CONTINUOUS
10
68.7023999999999972
20
-165.7728400000000022
11
68.6612229999999926
21
-165.7646489999999915
0
LINE
8
BLACK
6
CONTINUOUS
10
68.6612229999999926
20
-165.7646489999999915
11
68.6263149999999911
21
-165.7413249999999891
0
LINE
8
BLACK
6
CONTINUOUS
10
68.6263149999999911
20
-165.7413249999999891
11
68.6029910000000029
21
-165.7064169999999876
0
LINE
8
BLACK
6
CONTINUOUS
10
68.6029910000000029
20
-165.7064169999999876
11
68.5947999999999922
21
-165.665239999999983
0
LINE
8
BLACK
6
CONTINUOUS
10
68.5947999999999922
20
-165.665239999999983
11
68.5947999999999922
21
-165.3996400000000051
0
LINE
8
BLACK
6
CONTINUOUS
10
68.5947999999999922
20
-165.3996400000000051
11
68.6029910000000029
21
-165.3584630000000004
0
LINE
8
BLACK
6
CONTINUOUS
10
68.6029910000000029
20
-165.3584630000000004
11
68.6263149999999911
21
-165.3235549999999989
0
LINE
8
BLACK
6
CONTINUOUS
10
68.6263149999999911
20
-165.3235549999999989
11
68.6612229999999926
21
-165.3002309999999966
0
LINE
8
BLACK
6
CONTINUOUS
10
68.6612229999999926
20
-165.3002309999999966
11
68.7023999999999972
21
-165.2920399999999859
0
LINE
8
BLACK
6
CONTINUOUS
10
68.7023999999999972
20
-165.2920399999999859
11
68.9175999999999931
21
-165.2920399999999859
0
LINE
8
BLACK
6
CONTINUOUS
10
68.9175999999999931
20
-165.2920399999999859
11
68.9587769999999978
21
-165.3002309999999966
0
LINE
8
BLACK
6
CONTINUOUS
10
69.9187769999999915
20
-165.3002309999999966
11
69.953684999999993
21
-165.3235549999999989
0
LINE
8
BLACK
6
CONTINUOUS
10
69.953684999999993
20
-165.3235549999999989
11
69.9770089999999954
21
-165.3584630000000004
0
LINE
8
BLACK
6
CONTINUOUS
10
69.9770089999999954
20
-165.3584630000000004
11
69.9851999999999919
21
-165.3996400000000051
0
LINE
8
BLACK
6
CONTINUOUS
10
69.9851999999999919
20
-165.3996400000000051
11
69.9851999999999919
21
-165.665239999999983
0
LINE
8
BLACK
6
CONTINUOUS
10
69.9851999999999919
20
-165.665239999999983
11
69.9770089999999954
21
-165.7064169999999876
0
LINE
8
BLACK
6
CONTINUOUS
10
69.9770089999999954
20
-165.7064169999999876
11
69.953684999999993
21
-165.7413249999999891
0
LINE
8
BLACK
6
CONTINUOUS
10
69.953684999999993
20
-165.7413249999999891
11
69.9187769999999915
21
-165.7646489999999915
0
LINE
8
BLACK
6
CONTINUOUS
10
69.9187769999999915
20
-165.7646489999999915
11
69.877600000000001
21
-165.7728400000000022
0
LINE
8
BLACK
6
CONTINUOUS
10
69.877600000000001
20
-165.7728400000000022
11
69.662399999999991
21
-165.7728400000000022
0
LINE
8
BLACK
6
CONTINUOUS
10
69.662399999999991
20
-165.7728400000000022
11
69.6212230000000005
21
-165.7646489999999915
0
LINE
8
BLACK
6
CONTINUOUS
10
69.6212230000000005
20
-165.7646489999999915
11
69.586314999999999
21
-165.7413249999999891
0
LINE
8
BLACK
6
CONTINUOUS
10
69.586314999999999
20
-165.7413249999999891
11
69.5629909999999967
21
-165.7064169999999876
0
LINE
8
BLACK
6
CONTINUOUS
10
69.5629909999999967
20
-165.7064169999999876
11
69.5548000000000002
21
-165.665239999999983
0
LINE
8
BLACK
6
CONTINUOUS
10
69.5548000000000002
20
-165.665239999999983
11
69.5548000000000002
21
-165.3996400000000051
0
LINE
8
BLACK
6
CONTINUOUS
10
69.5548000000000002
20
-165.3996400000000051
11
69.5629909999999967
21
-165.3584630000000004
0
LINE
8
BLACK
6
CONTINUOUS
10
69.5629909999999967
20
-165.3584630000000004
11
69.586314999999999
21
-165.3235549999999989
0
LINE
8
BLACK
6
CONTINUOUS
10
69.586314999999999
20
-165.3235549999999989
11
69.6212230000000005
21
-165.3002309999999966
0
LINE
8
BLACK
6
CONTINUOUS
10
69.6212230000000005
20
-165.3002309999999966
11
69.662399999999991
21
-165.2920399999999859
0
LINE
8
BLACK
6
CONTINUOUS
10
69.662399999999991
20
-165.2920399999999859
11
69.877600000000001
21
-165.2920399999999859
0
LINE
8
BLACK
6
CONTINUOUS
10
69.877600000000001
20
-165.2920399999999859
11
69.9187769999999915
21
-165.3002309999999966
0
LINE
8
BLACK
6
CONTINUOUS
10
53.2687999999999988
20
-165.5699999999999932
11
52.3511999999999986
21
-165.5699999999999932
0
LINE
8
BLACK
6
CONTINUOUS
10
52.3511999999999986
20
-165.5699999999999932
11
52.3511999999999986
21
-165.1899999999999977
0
LINE
8
BLACK
6
CONTINUOUS
10
52.3511999999999986
20
-165.1899999999999977
11
53.2687999999999988
21
-165.1899999999999977
0
LINE
8
BLACK
6
CONTINUOUS
10
53.2687999999999988
20
-165.1899999999999977
11
53.2687999999999988
21
-165.5699999999999932
0
LINE
8
BLACK
6
CONTINUOUS
10
76.4834400000000016
20
-165.427599999999984
11
75.9774400000000014
21
-165.427599999999984
0
LINE
8
BLACK
6
CONTINUOUS
10
75.9774400000000014
20
-165.427599999999984
11
75.9774400000000014
21
-165.2323999999999842
0
LINE
8
BLACK
6
CONTINUOUS
10
75.9774400000000014
20
-165.2323999999999842
11
76.4834400000000016
21
-165.2323999999999842
0
LINE
8
BLACK
6
CONTINUOUS
10
76.4834400000000016
20
-165.2323999999999842
11
76.4834400000000016
21
-165.427599999999984
0
LINE
8
BLACK
6
CONTINUOUS
10
81.4434399999999954
20
-165.427599999999984
11
80.9374399999999952
21
-165.427599999999984
0
LINE
8
BLACK
6
CONTINUOUS
10
80.9374399999999952
20
-165.427599999999984
11
80.9374399999999952
21
-165.2323999999999842
0
LINE
8
BLACK
6
CONTINUOUS
10
80.9374399999999952
20
-165.2323999999999842
11
81.4434399999999954
21
-165.2323999999999842
0
LINE
8
BLACK
6
CONTINUOUS
10
81.4434399999999954
20
-165.2323999999999842
11
81.4434399999999954
21
-165.427599999999984
0
LINE
8
BLACK
6
CONTINUOUS
10
79.2364400000000018
20
-165.1059999999999945
11
78.1844399999999951
21
-165.1059999999999945
0
LINE
8
BLACK
6
CONTINUOUS
10
78.1844399999999951
20
-165.1059999999999945
11
78.1844399999999951
21
-164.054000000000002
0
LINE
8
BLACK
6
CONTINUOUS
10
78.1844399999999951
20
-164.054000000000002
11
79.2364400000000018
21
-164.054000000000002
0
LINE
8
BLACK
6
CONTINUOUS
10
79.2364400000000018
20
-164.054000000000002
11
79.2364400000000018
21
-165.1059999999999945
0
LINE
8
BLACK
6
CONTINUOUS
10
76.4834400000000016
20
-164.927599999999984
11
75.9774400000000014
21
-164.927599999999984
0
LINE
8
BLACK
6
CONTINUOUS
10
75.9774400000000014
20
-164.927599999999984
11
75.9774400000000014
21
-164.7323999999999842
0
LINE
8
BLACK
6
CONTINUOUS
10
75.9774400000000014
20
-164.7323999999999842
11
76.4834400000000016
21
-164.7323999999999842
0
LINE
8
BLACK
6
CONTINUOUS
10
76.4834400000000016
20
-164.7323999999999842
11
76.4834400000000016
21
-164.927599999999984
0
LINE
8
BLACK
6
CONTINUOUS
10
81.4434399999999954
20
-164.927599999999984
11
80.9374399999999952
21
-164.927599999999984
0
LINE
8
BLACK
6
CONTINUOUS
10
80.9374399999999952
20
-164.927599999999984
11
80.9374399999999952
21
-164.7323999999999842
0
LINE
8
BLACK
6
CONTINUOUS
10
80.9374399999999952
20
-164.7323999999999842
11
81.4434399999999954
21
-164.7323999999999842
0
LINE
8
BLACK
6
CONTINUOUS
10
81.4434399999999954
20
-164.7323999999999842
11
81.4434399999999954
21
-164.927599999999984
0
LINE
8
BLACK
6
CONTINUOUS
10
68.9429689999999908
20
-164.4090709999999831
11
68.976514999999992
21
-164.4314849999999808
0
LINE
8
BLACK
6
CONTINUOUS
10
68.976514999999992
20
-164.4314849999999808
11
68.998929000000004
21
-164.465030999999982
0
LINE
8
BLACK
6
CONTINUOUS
10
68.998929000000004
20
-164.465030999999982
11
69.0067999999999984
21
-164.5045999999999822
0
LINE
8
BLACK
6
CONTINUOUS
10
69.0067999999999984
20
-164.5045999999999822
11
69.0067999999999984
21
-164.7954000000000008
0
LINE
8
BLACK
6
CONTINUOUS
10
69.0067999999999984
20
-164.7954000000000008
11
68.998929000000004
21
-164.834969000000001
0
LINE
8
BLACK
6
CONTINUOUS
10
68.998929000000004
20
-164.834969000000001
11
68.976514999999992
21
-164.8685150000000021
0
LINE
8
BLACK
6
CONTINUOUS
10
68.976514999999992
20
-164.8685150000000021
11
68.9429689999999908
21
-164.8909289999999999
0
LINE
8
BLACK
6
CONTINUOUS
10
68.9429689999999908
20
-164.8909289999999999
11
68.9033999999999907
21
-164.8987999999999943
0
LINE
8
BLACK
6
CONTINUOUS
10
68.9033999999999907
20
-164.8987999999999943
11
68.6966000000000037
21
-164.8987999999999943
0
LINE
8
BLACK
6
CONTINUOUS
10
68.6966000000000037
20
-164.8987999999999943
11
68.6570310000000035
21
-164.8909289999999999
0
LINE
8
BLACK
6
CONTINUOUS
10
68.6570310000000035
20
-164.8909289999999999
11
68.6234850000000023
21
-164.8685150000000021
0
LINE
8
BLACK
6
CONTINUOUS
10
68.6234850000000023
20
-164.8685150000000021
11
68.6010709999999904
21
-164.834969000000001
0
LINE
8
BLACK
6
CONTINUOUS
10
68.6010709999999904
20
-164.834969000000001
11
68.593199999999996
21
-164.7954000000000008
0
LINE
8
BLACK
6
CONTINUOUS
10
68.593199999999996
20
-164.7954000000000008
11
68.593199999999996
21
-164.5045999999999822
0
LINE
8
BLACK
6
CONTINUOUS
10
68.593199999999996
20
-164.5045999999999822
11
68.6010709999999904
21
-164.465030999999982
0
LINE
8
BLACK
6
CONTINUOUS
10
68.6010709999999904
20
-164.465030999999982
11
68.6234850000000023
21
-164.4314849999999808
0
LINE
8
BLACK
6
CONTINUOUS
10
68.6234850000000023
20
-164.4314849999999808
11
68.6570310000000035
21
-164.4090709999999831
0
LINE
8
BLACK
6
CONTINUOUS
10
68.6570310000000035
20
-164.4090709999999831
11
68.6966000000000037
21
-164.4011999999999887
0
LINE
8
BLACK
6
CONTINUOUS
10
68.6966000000000037
20
-164.4011999999999887
11
68.9033999999999907
21
-164.4011999999999887
0
LINE
8
BLACK
6
CONTINUOUS
10
68.9033999999999907
20
-164.4011999999999887
11
68.9429689999999908
21
-164.4090709999999831
0
LINE
8
BLACK
6
CONTINUOUS
10
69.9629690000000011
20
-164.4090709999999831
11
69.9965150000000023
21
-164.4314849999999808
0
LINE
8
BLACK
6
CONTINUOUS
10
69.9965150000000023
20
-164.4314849999999808
11
70.018929
21
-164.465030999999982
0
LINE
8
BLACK
6
CONTINUOUS
10
70.018929
20
-164.465030999999982
11
70.0267999999999944
21
-164.5045999999999822
0
LINE
8
BLACK
6
CONTINUOUS
10
70.0267999999999944
20
-164.5045999999999822
11
70.0267999999999944
21
-164.7954000000000008
0
LINE
8
BLACK
6
CONTINUOUS
10
70.0267999999999944
20
-164.7954000000000008
11
70.018929
21
-164.834969000000001
0
LINE
8
BLACK
6
CONTINUOUS
10
70.018929
20
-164.834969000000001
11
69.9965150000000023
21
-164.8685150000000021
0
LINE
8
BLACK
6
CONTINUOUS
10
69.9965150000000023
20
-164.8685150000000021
11
69.9629690000000011
21
-164.8909289999999999
0
LINE
8
BLACK
6
CONTINUOUS
10
69.9629690000000011
20
-164.8909289999999999
11
69.9234000000000009
21
-164.8987999999999943
0
LINE
8
BLACK
6
CONTINUOUS
10
69.9234000000000009
20
-164.8987999999999943
11
69.7165999999999997
21
-164.8987999999999943
0
LINE
8
BLACK
6
CONTINUOUS
10
69.7165999999999997
20
-164.8987999999999943
11
69.6770309999999995
21
-164.8909289999999999
0
LINE
8
BLACK
6
CONTINUOUS
10
69.6770309999999995
20
-164.8909289999999999
11
69.6434849999999983
21
-164.8685150000000021
0
LINE
8
BLACK
6
CONTINUOUS
10
69.6434849999999983
20
-164.8685150000000021
11
69.6210710000000006
21
-164.834969000000001
0
LINE
8
BLACK
6
CONTINUOUS
10
69.6210710000000006
20
-164.834969000000001
11
69.613199999999992
21
-164.7954000000000008
0
LINE
8
BLACK
6
CONTINUOUS
10
69.613199999999992
20
-164.7954000000000008
11
69.613199999999992
21
-164.5045999999999822
0
LINE
8
BLACK
6
CONTINUOUS
10
69.613199999999992
20
-164.5045999999999822
11
69.6210710000000006
21
-164.465030999999982
0
LINE
8
BLACK
6
CONTINUOUS
10
69.6210710000000006
20
-164.465030999999982
11
69.6434849999999983
21
-164.4314849999999808
0
LINE
8
BLACK
6
CONTINUOUS
10
69.6434849999999983
20
-164.4314849999999808
11
69.6770309999999995
21
-164.4090709999999831
0
LINE
8
BLACK
6
CONTINUOUS
10
69.6770309999999995
20
-164.4090709999999831
11
69.7165999999999997
21
-164.4011999999999887
0
LINE
8
BLACK
6
CONTINUOUS
10
69.7165999999999997
20
-164.4011999999999887
11
69.9234000000000009
21
-164.4011999999999887
0
LINE
8
BLACK
6
CONTINUOUS
10
69.9234000000000009
20
-164.4011999999999887
11
69.9629690000000011
21
-164.4090709999999831
0
LINE
8
BLACK
6
CONTINUOUS
10
53.2687999999999988
20
-164.7699999999999818
11
52.3511999999999986
21
-164.7699999999999818
0
LINE
8
BLACK
6
CONTINUOUS
10
52.3511999999999986
20
-164.7699999999999818
11
52.3511999999999986
21
-164.3899999999999864
0
LINE
8
BLACK
6
CONTINUOUS
10
52.3511999999999986
20
-164.3899999999999864
11
53.2687999999999988
21
-164.3899999999999864
0
LINE
8
BLACK
6
CONTINUOUS
10
53.2687999999999988
20
-164.3899999999999864
11
53.2687999999999988
21
-164.7699999999999818
0
LINE
8
BLACK
6
CONTINUOUS
10
59.0275999999999996
20
-164.7530399999999986
11
58.8323999999999998
21
-164.7530399999999986
0
LINE
8
BLACK
6
CONTINUOUS
10
58.8323999999999998
20
-164.7530399999999986
11
58.8323999999999998
21
-164.221839999999986
0
LINE
8
BLACK
6
CONTINUOUS
10
58.8323999999999998
20
-164.221839999999986
11
59.0275999999999996
21
-164.221839999999986
0
LINE
8
BLACK
6
CONTINUOUS
10
59.0275999999999996
20
-164.221839999999986
11
59.0275999999999996
21
-164.7530399999999986
0
LINE
8
BLACK
6
CONTINUOUS
10
59.5275999999999996
20
-164.7530399999999986
11
59.3323999999999998
21
-164.7530399999999986
0
LINE
8
BLACK
6
CONTINUOUS
10
59.3323999999999998
20
-164.7530399999999986
11
59.3323999999999998
21
-164.221839999999986
0
LINE
8
BLACK
6
CONTINUOUS
10
59.3323999999999998
20
-164.221839999999986
11
59.5275999999999996
21
-164.221839999999986
0
LINE
8
BLACK
6
CONTINUOUS
10
59.5275999999999996
20
-164.221839999999986
11
59.5275999999999996
21
-164.7530399999999986
0
LINE
8
BLACK
6
CONTINUOUS
10
60.0275999999999996
20
-164.7530399999999986
11
59.8323999999999998
21
-164.7530399999999986
0
LINE
8
BLACK
6
CONTINUOUS
10
59.8323999999999998
20
-164.7530399999999986
11
59.8323999999999998
21
-164.221839999999986
0
LINE
8
BLACK
6
CONTINUOUS
10
59.8323999999999998
20
-164.221839999999986
11
60.0275999999999996
21
-164.221839999999986
0
LINE
8
BLACK
6
CONTINUOUS
10
60.0275999999999996
20
-164.221839999999986
11
60.0275999999999996
21
-164.7530399999999986
0
LINE
8
BLACK
6
CONTINUOUS
10
60.5275999999999996
20
-164.7530399999999986
11
60.3323999999999998
21
-164.7530399999999986
0
LINE
8
BLACK
6
CONTINUOUS
10
60.3323999999999998
20
-164.7530399999999986
11
60.3323999999999998
21
-164.221839999999986
0
LINE
8
BLACK
6
CONTINUOUS
10
60.3323999999999998
20
-164.221839999999986
11
60.5275999999999996
21
-164.221839999999986
0
LINE
8
BLACK
6
CONTINUOUS
10
60.5275999999999996
20
-164.221839999999986
11
60.5275999999999996
21
-164.7530399999999986
0
LINE
8
BLACK
6
CONTINUOUS
10
76.4834400000000016
20
-164.427599999999984
11
75.9774400000000014
21
-164.427599999999984
0
LINE
8
BLACK
6
CONTINUOUS
10
75.9774400000000014
20
-164.427599999999984
11
75.9774400000000014
21
-164.2323999999999842
0
LINE
8
BLACK
6
CONTINUOUS
10
75.9774400000000014
20
-164.2323999999999842
11
76.4834400000000016
21
-164.2323999999999842
0
LINE
8
BLACK
6
CONTINUOUS
10
76.4834400000000016
20
-164.2323999999999842
11
76.4834400000000016
21
-164.427599999999984
0
LINE
8
BLACK
6
CONTINUOUS
10
81.4434399999999954
20
-164.427599999999984
11
80.9374399999999952
21
-164.427599999999984
0
LINE
8
BLACK
6
CONTINUOUS
10
80.9374399999999952
20
-164.427599999999984
11
80.9374399999999952
21
-164.2323999999999842
0
LINE
8
BLACK
6
CONTINUOUS
10
80.9374399999999952
20
-164.2323999999999842
11
81.4434399999999954
21
-164.2323999999999842
0
LINE
8
BLACK
6
CONTINUOUS
10
81.4434399999999954
20
-164.2323999999999842
11
81.4434399999999954
21
-164.427599999999984
0
LINE
8
BLACK
6
CONTINUOUS
10
66.6479999999999961
20
-164.4000000000000057
11
65.9320000000000022
21
-164.4000000000000057
0
LINE
8
BLACK
6
CONTINUOUS
10
65.9320000000000022
20
-164.4000000000000057
11
65.9320000000000022
21
-163.5999999999999943
0
LINE
8
BLACK
6
CONTINUOUS
10
65.9320000000000022
20
-163.5999999999999943
11
66.6479999999999961
21
-163.5999999999999943
0
LINE
8
BLACK
6
CONTINUOUS
10
66.6479999999999961
20
-163.5999999999999943
11
66.6479999999999961
21
-164.4000000000000057
0
LINE
8
BLACK
6
CONTINUOUS
10
68.2079999999999984
20
-164.4000000000000057
11
67.4919999999999902
21
-164.4000000000000057
0
LINE
8
BLACK
6
CONTINUOUS
10
67.4919999999999902
20
-164.4000000000000057
11
67.4919999999999902
21
-163.5999999999999943
0
LINE
8
BLACK
6
CONTINUOUS
10
67.4919999999999902
20
-163.5999999999999943
11
68.2079999999999984
21
-163.5999999999999943
0
LINE
8
BLACK
6
CONTINUOUS
10
68.2079999999999984
20
-163.5999999999999943
11
68.2079999999999984
21
-164.4000000000000057
0
LINE
8
BLACK
6
CONTINUOUS
10
59.4734999999999943
20
-163.2480659999999943
11
59.531571999999997
21
-163.2868679999999983
0
LINE
8
BLACK
6
CONTINUOUS
10
59.531571999999997
20
-163.2868679999999983
11
59.5703739999999939
21
-163.3449399999999798
0
LINE
8
BLACK
6
CONTINUOUS
10
59.5703739999999939
20
-163.3449399999999798
11
59.5839999999999961
21
-163.41343999999998
0
LINE
8
BLACK
6
CONTINUOUS
10
59.5839999999999961
20
-163.41343999999998
11
59.5839999999999961
21
-163.7714399999999841
0
LINE
8
BLACK
6
CONTINUOUS
10
59.5839999999999961
20
-163.7714399999999841
11
59.5703739999999939
21
-163.8399399999999844
0
LINE
8
BLACK
6
CONTINUOUS
10
59.5703739999999939
20
-163.8399399999999844
11
59.531571999999997
21
-163.8980119999999943
0
LINE
8
BLACK
6
CONTINUOUS
10
59.531571999999997
20
-163.8980119999999943
11
59.4734999999999943
21
-163.9368139999999983
0
LINE
8
BLACK
6
CONTINUOUS
10
59.4734999999999943
20
-163.9368139999999983
11
59.404999999999994
21
-163.9504399999999862
0
LINE
8
BLACK
6
CONTINUOUS
10
59.404999999999994
20
-163.9504399999999862
11
59.0049999999999955
21
-163.9504399999999862
0
LINE
8
BLACK
6
CONTINUOUS
10
59.0049999999999955
20
-163.9504399999999862
11
58.9364999999999952
21
-163.9368139999999983
0
LINE
8
BLACK
6
CONTINUOUS
10
58.9364999999999952
20
-163.9368139999999983
11
58.8784279999999995
21
-163.8980119999999943
0
LINE
8
BLACK
6
CONTINUOUS
10
58.8784279999999995
20
-163.8980119999999943
11
58.8396259999999955
21
-163.8399399999999844
0
LINE
8
BLACK
6
CONTINUOUS
10
58.8396259999999955
20
-163.8399399999999844
11
58.8260000000000005
21
-163.7714399999999841
0
LINE
8
BLACK
6
CONTINUOUS
10
58.8260000000000005
20
-163.7714399999999841
11
58.8260000000000005
21
-163.41343999999998
0
LINE
8
BLACK
6
CONTINUOUS
10
58.8260000000000005
20
-163.41343999999998
11
58.8396259999999955
21
-163.3449399999999798
0
LINE
8
BLACK
6
CONTINUOUS
10
58.8396259999999955
20
-163.3449399999999798
11
58.8784279999999995
21
-163.2868679999999983
0
LINE
8
BLACK
6
CONTINUOUS
10
58.8784279999999995
20
-163.2868679999999983
11
58.9364999999999952
21
-163.2480659999999943
0
LINE
8
BLACK
6
CONTINUOUS
10
58.9364999999999952
20
-163.2480659999999943
11
59.0049999999999955
21
-163.2344400000000064
0
LINE
8
BLACK
6
CONTINUOUS
10
59.0049999999999955
20
-163.2344400000000064
11
59.404999999999994
21
-163.2344400000000064
0
LINE
8
BLACK
6
CONTINUOUS
10
59.404999999999994
20
-163.2344400000000064
11
59.4734999999999943
21
-163.2480659999999943
0
LINE
8
BLACK
6
CONTINUOUS
10
60.4540000000000006
20
-163.9404399999999953
11
59.9059999999999988
21
-163.9404399999999953
0
LINE
8
BLACK
6
CONTINUOUS
10
59.9059999999999988
20
-163.9404399999999953
11
59.9059999999999988
21
-163.644440000000003
0
LINE
8
BLACK
6
CONTINUOUS
10
59.9059999999999988
20
-163.644440000000003
11
60.4540000000000006
21
-163.644440000000003
0
LINE
8
BLACK
6
CONTINUOUS
10
60.4540000000000006
20
-163.644440000000003
11
60.4540000000000006
21
-163.9404399999999953
0
LINE
8
BLACK
6
CONTINUOUS
10
76.4834400000000016
20
-163.927599999999984
11
75.9774400000000014
21
-163.927599999999984
0
LINE
8
BLACK
6
CONTINUOUS
10
75.9774400000000014
20
-163.927599999999984
11
75.9774400000000014
21
-163.7323999999999842
0
LINE
8
BLACK
6
CONTINUOUS
10
75.9774400000000014
20
-163.7323999999999842
11
76.4834400000000016
21
-163.7323999999999842
0
LINE
8
BLACK
6
CONTINUOUS
10
76.4834400000000016
20
-163.7323999999999842
11
76.4834400000000016
21
-163.927599999999984
0
LINE
8
BLACK
6
CONTINUOUS
10
81.4434399999999954
20
-163.927599999999984
11
80.9374399999999952
21
-163.927599999999984
0
LINE
8
BLACK
6
CONTINUOUS
10
80.9374399999999952
20
-163.927599999999984
11
80.9374399999999952
21
-163.7323999999999842
0
LINE
8
BLACK
6
CONTINUOUS
10
80.9374399999999952
20
-163.7323999999999842
11
81.4434399999999954
21
-163.7323999999999842
0
LINE
8
BLACK
6
CONTINUOUS
10
81.4434399999999954
20
-163.7323999999999842
11
81.4434399999999954
21
-163.927599999999984
0
LINE
8
BLACK
6
CONTINUOUS
10
76.4834400000000016
20
-163.427599999999984
11
75.9774400000000014
21
-163.427599999999984
0
LINE
8
BLACK
6
CONTINUOUS
10
75.9774400000000014
20
-163.427599999999984
11
75.9774400000000014
21
-163.2323999999999842
0
LINE
8
BLACK
6
CONTINUOUS
10
75.9774400000000014
20
-163.2323999999999842
11
76.4834400000000016
21
-163.2323999999999842
0
LINE
8
BLACK
6
CONTINUOUS
10
76.4834400000000016
20
-163.2323999999999842
11
76.4834400000000016
21
-163.427599999999984
0
LINE
8
BLACK
6
CONTINUOUS
10
81.4434399999999954
20
-163.427599999999984
11
80.9374399999999952
21
-163.427599999999984
0
LINE
8
BLACK
6
CONTINUOUS
10
80.9374399999999952
20
-163.427599999999984
11
80.9374399999999952
21
-163.2323999999999842
0
LINE
8
BLACK
6
CONTINUOUS
10
80.9374399999999952
20
-163.2323999999999842
11
81.4434399999999954
21
-163.2323999999999842
0
LINE
8
BLACK
6
CONTINUOUS
10
81.4434399999999954
20
-163.2323999999999842
11
81.4434399999999954
21
-163.427599999999984
0
LINE
8
BLACK
6
CONTINUOUS
10
67.1287769999999995
20
-162.8177909999999997
11
67.163685000000001
21
-162.8411150000000021
0
LINE
8
BLACK
6
CONTINUOUS
10
67.163685000000001
20
-162.8411150000000021
11
67.1870090000000033
21
-162.8760230000000035
0
LINE
8
BLACK
6
CONTINUOUS
10
67.1870090000000033
20
-162.8760230000000035
11
67.1951999999999998
21
-162.9171999999999798
0
LINE
8
BLACK
6
CONTINUOUS
10
67.1951999999999998
20
-162.9171999999999798
11
67.1951999999999998
21
-163.1827999999999861
0
LINE
8
BLACK
6
CONTINUOUS
10
67.1951999999999998
20
-163.1827999999999861
11
67.1870090000000033
21
-163.2239769999999908
0
LINE
8
BLACK
6
CONTINUOUS
10
67.1870090000000033
20
-163.2239769999999908
11
67.163685000000001
21
-163.2588849999999923
0
LINE
8
BLACK
6
CONTINUOUS
10
67.163685000000001
20
-163.2588849999999923
11
67.1287769999999995
21
-163.2822089999999946
0
LINE
8
BLACK
6
CONTINUOUS
10
67.1287769999999995
20
-163.2822089999999946
11
67.0875999999999948
21
-163.2904000000000053
0
LINE
8
BLACK
6
CONTINUOUS
10
67.0875999999999948
20
-163.2904000000000053
11
66.872399999999999
21
-163.2904000000000053
0
LINE
8
BLACK
6
CONTINUOUS
10
66.872399999999999
20
-163.2904000000000053
11
66.8312229999999943
21
-163.2822089999999946
0
LINE
8
BLACK
6
CONTINUOUS
10
66.8312229999999943
20
-163.2822089999999946
11
66.7963149999999928
21
-163.2588849999999923
0
LINE
8
BLACK
6
CONTINUOUS
10
66.7963149999999928
20
-163.2588849999999923
11
66.7729909999999904
21
-163.2239769999999908
0
LINE
8
BLACK
6
CONTINUOUS
10
66.7729909999999904
20
-163.2239769999999908
11
66.7647999999999939
21
-163.1827999999999861
0
LINE
8
BLACK
6
CONTINUOUS
10
66.7647999999999939
20
-163.1827999999999861
11
66.7647999999999939
21
-162.9171999999999798
0
LINE
8
BLACK
6
CONTINUOUS
10
66.7647999999999939
20
-162.9171999999999798
11
66.7729909999999904
21
-162.8760230000000035
0
LINE
8
BLACK
6
CONTINUOUS
10
66.7729909999999904
20
-162.8760230000000035
11
66.7963149999999928
21
-162.8411150000000021
0
LINE
8
BLACK
6
CONTINUOUS
10
66.7963149999999928
20
-162.8411150000000021
11
66.8312229999999943
21
-162.8177909999999997
0
LINE
8
BLACK
6
CONTINUOUS
10
66.8312229999999943
20
-162.8177909999999997
11
66.872399999999999
21
-162.809599999999989
0
LINE
8
BLACK
6
CONTINUOUS
10
66.872399999999999
20
-162.809599999999989
11
67.0875999999999948
21
-162.809599999999989
0
LINE
8
BLACK
6
CONTINUOUS
10
67.0875999999999948
20
-162.809599999999989
11
67.1287769999999995
21
-162.8177909999999997
0
LINE
8
BLACK
6
CONTINUOUS
10
68.0887769999999932
20
-162.8177909999999997
11
68.1236849999999947
21
-162.8411150000000021
0
LINE
8
BLACK
6
CONTINUOUS
10
68.1236849999999947
20
-162.8411150000000021
11
68.1470089999999971
21
-162.8760230000000035
0
LINE
8
BLACK
6
CONTINUOUS
10
68.1470089999999971
20
-162.8760230000000035
11
68.1551999999999936
21
-162.9171999999999798
0
LINE
8
BLACK
6
CONTINUOUS
10
68.1551999999999936
20
-162.9171999999999798
11
68.1551999999999936
21
-163.1827999999999861
0
LINE
8
BLACK
6
CONTINUOUS
10
68.1551999999999936
20
-163.1827999999999861
11
68.1470089999999971
21
-163.2239769999999908
0
LINE
8
BLACK
6
CONTINUOUS
10
68.1470089999999971
20
-163.2239769999999908
11
68.1236849999999947
21
-163.2588849999999923
0
LINE
8
BLACK
6
CONTINUOUS
10
68.1236849999999947
20
-163.2588849999999923
11
68.0887769999999932
21
-163.2822089999999946
0
LINE
8
BLACK
6
CONTINUOUS
10
68.0887769999999932
20
-163.2822089999999946
11
68.0476000000000028
21
-163.2904000000000053
0
LINE
8
BLACK
6
CONTINUOUS
10
68.0476000000000028
20
-163.2904000000000053
11
67.8323999999999927
21
-163.2904000000000053
0
LINE
8
BLACK
6
CONTINUOUS
10
67.8323999999999927
20
-163.2904000000000053
11
67.7912230000000022
21
-163.2822089999999946
0
LINE
8
BLACK
6
CONTINUOUS
10
67.7912230000000022
20
-163.2822089999999946
11
67.7563150000000007
21
-163.2588849999999923
0
LINE
8
BLACK
6
CONTINUOUS
10
67.7563150000000007
20
-163.2588849999999923
11
67.7329909999999984
21
-163.2239769999999908
0
LINE
8
BLACK
6
CONTINUOUS
10
67.7329909999999984
20
-163.2239769999999908
11
67.7248000000000019
21
-163.1827999999999861
0
LINE
8
BLACK
6
CONTINUOUS
10
67.7248000000000019
20
-163.1827999999999861
11
67.7248000000000019
21
-162.9171999999999798
0
LINE
8
BLACK
6
CONTINUOUS
10
67.7248000000000019
20
-162.9171999999999798
11
67.7329909999999984
21
-162.8760230000000035
0
LINE
8
BLACK
6
CONTINUOUS
10
67.7329909999999984
20
-162.8760230000000035
11
67.7563150000000007
21
-162.8411150000000021
0
LINE
8
BLACK
6
CONTINUOUS
10
67.7563150000000007
20
-162.8411150000000021
11
67.7912230000000022
21
-162.8177909999999997
0
LINE
8
BLACK
6
CONTINUOUS
10
67.7912230000000022
20
-162.8177909999999997
11
67.8323999999999927
21
-162.809599999999989
0
LINE
8
BLACK
6
CONTINUOUS
10
67.8323999999999927
20
-162.809599999999989
11
68.0476000000000028
21
-162.809599999999989
0
LINE
8
BLACK
6
CONTINUOUS
10
68.0476000000000028
20
-162.809599999999989
11
68.0887769999999932
21
-162.8177909999999997
0
LINE
8
BLACK
6
CONTINUOUS
10
48.7999999999999972
20
-163.2740000000000009
11
47.5799999999999983
21
-163.2740000000000009
0
LINE
8
BLACK
6
CONTINUOUS
10
47.5799999999999983
20
-163.2740000000000009
11
47.5799999999999983
21
-161.8859999999999957
0
LINE
8
BLACK
6
CONTINUOUS
10
47.5799999999999983
20
-161.8859999999999957
11
48.7999999999999972
21
-161.8859999999999957
0
LINE
8
BLACK
6
CONTINUOUS
10
48.7999999999999972
20
-161.8859999999999957
11
48.7999999999999972
21
-163.2740000000000009
0
LINE
8
BLACK
6
CONTINUOUS
10
52.8739999999999952
20
-163.2740000000000009
11
51.9059999999999988
21
-163.2740000000000009
0
LINE
8
BLACK
6
CONTINUOUS
10
51.9059999999999988
20
-163.2740000000000009
11
51.9059999999999988
21
-161.8859999999999957
0
LINE
8
BLACK
6
CONTINUOUS
10
51.9059999999999988
20
-161.8859999999999957
11
52.8739999999999952
21
-161.8859999999999957
0
LINE
8
BLACK
6
CONTINUOUS
10
52.8739999999999952
20
-161.8859999999999957
11
52.8739999999999952
21
-163.2740000000000009
0
LINE
8
BLACK
6
CONTINUOUS
10
60.4540000000000006
20
-163.2404400000000066
11
59.9059999999999988
21
-163.2404400000000066
0
LINE
8
BLACK
6
CONTINUOUS
10
59.9059999999999988
20
-163.2404400000000066
11
59.9059999999999988
21
-162.944439999999986
0
LINE
8
BLACK
6
CONTINUOUS
10
59.9059999999999988
20
-162.944439999999986
11
60.4540000000000006
21
-162.944439999999986
0
LINE
8
BLACK
6
CONTINUOUS
10
60.4540000000000006
20
-162.944439999999986
11
60.4540000000000006
21
-163.2404400000000066
0
LINE
8
BLACK
6
CONTINUOUS
10
76.4834400000000016
20
-162.927599999999984
11
75.9774400000000014
21
-162.927599999999984
0
LINE
8
BLACK
6
CONTINUOUS
10
75.9774400000000014
20
-162.927599999999984
11
75.9774400000000014
21
-162.7323999999999842
0
LINE
8
BLACK
6
CONTINUOUS
10
75.9774400000000014
20
-162.7323999999999842
11
76.4834400000000016
21
-162.7323999999999842
0
LINE
8
BLACK
6
CONTINUOUS
10
76.4834400000000016
20
-162.7323999999999842
11
76.4834400000000016
21
-162.927599999999984
0
LINE
8
BLACK
6
CONTINUOUS
10
81.4434399999999954
20
-162.927599999999984
11
80.9374399999999952
21
-162.927599999999984
0
LINE
8
BLACK
6
CONTINUOUS
10
80.9374399999999952
20
-162.927599999999984
11
80.9374399999999952
21
-162.7323999999999842
0
LINE
8
BLACK
6
CONTINUOUS
10
80.9374399999999952
20
-162.7323999999999842
11
81.4434399999999954
21
-162.7323999999999842
0
LINE
8
BLACK
6
CONTINUOUS
10
81.4434399999999954
20
-162.7323999999999842
11
81.4434399999999954
21
-162.927599999999984
0
LINE
8
BLACK
6
CONTINUOUS
10
59.4734999999999943
20
-161.698065999999983
11
59.531571999999997
21
-161.736867999999987
0
LINE
8
BLACK
6
CONTINUOUS
10
59.531571999999997
20
-161.736867999999987
11
59.5703739999999939
21
-161.7949399999999969
0
LINE
8
BLACK
6
CONTINUOUS
10
59.5703739999999939
20
-161.7949399999999969
11
59.5839999999999961
21
-161.8634399999999971
0
LINE
8
BLACK
6
CONTINUOUS
10
59.5839999999999961
20
-161.8634399999999971
11
59.5839999999999961
21
-162.2214400000000012
0
LINE
8
BLACK
6
CONTINUOUS
10
59.5839999999999961
20
-162.2214400000000012
11
59.5703739999999939
21
-162.2899400000000014
0
LINE
8
BLACK
6
CONTINUOUS
10
59.5703739999999939
20
-162.2899400000000014
11
59.531571999999997
21
-162.3480119999999829
0
LINE
8
BLACK
6
CONTINUOUS
10
59.531571999999997
20
-162.3480119999999829
11
59.4734999999999943
21
-162.3868139999999869
0
LINE
8
BLACK
6
CONTINUOUS
10
59.4734999999999943
20
-162.3868139999999869
11
59.404999999999994
21
-162.4004400000000032
0
LINE
8
BLACK
6
CONTINUOUS
10
59.404999999999994
20
-162.4004400000000032
11
59.0049999999999955
21
-162.4004400000000032
0
LINE
8
BLACK
6
CONTINUOUS
10
59.0049999999999955
20
-162.4004400000000032
11
58.9364999999999952
21
-162.3868139999999869
0
LINE
8
BLACK
6
CONTINUOUS
10
58.9364999999999952
20
-162.3868139999999869
11
58.8784279999999995
21
-162.3480119999999829
0
LINE
8
BLACK
6
CONTINUOUS
10
58.8784279999999995
20
-162.3480119999999829
11
58.8396259999999955
21
-162.2899400000000014
0
LINE
8
BLACK
6
CONTINUOUS
10
58.8396259999999955
20
-162.2899400000000014
11
58.8260000000000005
21
-162.2214400000000012
0
LINE
8
BLACK
6
CONTINUOUS
10
58.8260000000000005
20
-162.2214400000000012
11
58.8260000000000005
21
-161.8634399999999971
0
LINE
8
BLACK
6
CONTINUOUS
10
58.8260000000000005
20
-161.8634399999999971
11
58.8396259999999955
21
-161.7949399999999969
0
LINE
8
BLACK
6
CONTINUOUS
10
58.8396259999999955
20
-161.7949399999999969
11
58.8784279999999995
21
-161.736867999999987
0
LINE
8
BLACK
6
CONTINUOUS
10
58.8784279999999995
20
-161.736867999999987
11
58.9364999999999952
21
-161.698065999999983
0
LINE
8
BLACK
6
CONTINUOUS
10
58.9364999999999952
20
-161.698065999999983
11
59.0049999999999955
21
-161.6844399999999951
0
LINE
8
BLACK
6
CONTINUOUS
10
59.0049999999999955
20
-161.6844399999999951
11
59.404999999999994
21
-161.6844399999999951
0
LINE
8
BLACK
6
CONTINUOUS
10
59.404999999999994
20
-161.6844399999999951
11
59.4734999999999943
21
-161.698065999999983
0
LINE
8
BLACK
6
CONTINUOUS
10
78.0580399999999912
20
-162.3529999999999802
11
77.8628399999999914
21
-162.3529999999999802
0
LINE
8
BLACK
6
CONTINUOUS
10
77.8628399999999914
20
-162.3529999999999802
11
77.8628399999999914
21
-161.84699999999998
0
LINE
8
BLACK
6
CONTINUOUS
10
77.8628399999999914
20
-161.84699999999998
11
78.0580399999999912
21
-161.84699999999998
0
LINE
8
BLACK
6
CONTINUOUS
10
78.0580399999999912
20
-161.84699999999998
11
78.0580399999999912
21
-162.3529999999999802
0
LINE
8
BLACK
6
CONTINUOUS
10
78.5580399999999912
20
-162.3529999999999802
11
78.3628399999999914
21
-162.3529999999999802
0
LINE
8
BLACK
6
CONTINUOUS
10
78.3628399999999914
20
-162.3529999999999802
11
78.3628399999999914
21
-161.84699999999998
0
LINE
8
BLACK
6
CONTINUOUS
10
78.3628399999999914
20
-161.84699999999998
11
78.5580399999999912
21
-161.84699999999998
0
LINE
8
BLACK
6
CONTINUOUS
10
78.5580399999999912
20
-161.84699999999998
11
78.5580399999999912
21
-162.3529999999999802
0
LINE
8
BLACK
6
CONTINUOUS
10
79.0580399999999912
20
-162.3529999999999802
11
78.8628399999999914
21
-162.3529999999999802
0
LINE
8
BLACK
6
CONTINUOUS
10
78.8628399999999914
20
-162.3529999999999802
11
78.8628399999999914
21
-161.84699999999998
0
LINE
8
BLACK
6
CONTINUOUS
10
78.8628399999999914
20
-161.84699999999998
11
79.0580399999999912
21
-161.84699999999998
0
LINE
8
BLACK
6
CONTINUOUS
10
79.0580399999999912
20
-161.84699999999998
11
79.0580399999999912
21
-162.3529999999999802
0
LINE
8
BLACK
6
CONTINUOUS
10
79.5580399999999912
20
-162.3529999999999802
11
79.3628399999999914
21
-162.3529999999999802
0
LINE
8
BLACK
6
CONTINUOUS
10
79.3628399999999914
20
-162.3529999999999802
11
79.3628399999999914
21
-161.84699999999998
0
LINE
8
BLACK
6
CONTINUOUS
10
79.3628399999999914
20
-161.84699999999998
11
79.5580399999999912
21
-161.84699999999998
0
LINE
8
BLACK
6
CONTINUOUS
10
79.5580399999999912
20
-161.84699999999998
11
79.5580399999999912
21
-162.3529999999999802
0
LINE
8
BLACK
6
CONTINUOUS
10
80.0580399999999912
20
-162.3529999999999802
11
79.8628399999999914
21
-162.3529999999999802
0
LINE
8
BLACK
6
CONTINUOUS
10
79.8628399999999914
20
-162.3529999999999802
11
79.8628399999999914
21
-161.84699999999998
0
LINE
8
BLACK
6
CONTINUOUS
10
79.8628399999999914
20
-161.84699999999998
11
80.0580399999999912
21
-161.84699999999998
0
LINE
8
BLACK
6
CONTINUOUS
10
80.0580399999999912
20
-161.84699999999998
11
80.0580399999999912
21
-162.3529999999999802
0
LINE
8
BLACK
6
CONTINUOUS
10
80.5580399999999912
20
-162.3529999999999802
11
80.3628399999999914
21
-162.3529999999999802
0
LINE
8
BLACK
6
CONTINUOUS
10
80.3628399999999914
20
-162.3529999999999802
11
80.3628399999999914
21
-161.84699999999998
0
LINE
8
BLACK
6
CONTINUOUS
10
80.3628399999999914
20
-161.84699999999998
11
80.5580399999999912
21
-161.84699999999998
0
LINE
8
BLACK
6
CONTINUOUS
10
80.5580399999999912
20
-161.84699999999998
11
80.5580399999999912
21
-162.3529999999999802
0
LINE
8
BLACK
6
CONTINUOUS
10
76.1268000000000029
20
-162.291799999999995
11
75.7132000000000005
21
-162.291799999999995
0
LINE
8
BLACK
6
CONTINUOUS
10
75.7132000000000005
20
-162.291799999999995
11
75.7132000000000005
21
-161.8781999999999925
0
LINE
8
BLACK
6
CONTINUOUS
10
75.7132000000000005
20
-161.8781999999999925
11
76.1268000000000029
21
-161.8781999999999925
0
LINE
8
BLACK
6
CONTINUOUS
10
76.1268000000000029
20
-161.8781999999999925
11
76.1268000000000029
21
-162.291799999999995
0
LINE
8
BLACK
6
CONTINUOUS
10
76.9667999999999921
20
-162.291799999999995
11
76.5531999999999897
21
-162.291799999999995
0
LINE
8
BLACK
6
CONTINUOUS
10
76.5531999999999897
20
-162.291799999999995
11
76.5531999999999897
21
-161.8781999999999925
0
LINE
8
BLACK
6
CONTINUOUS
10
76.5531999999999897
20
-161.8781999999999925
11
76.9667999999999921
21
-161.8781999999999925
0
LINE
8
BLACK
6
CONTINUOUS
10
76.9667999999999921
20
-161.8781999999999925
11
76.9667999999999921
21
-162.291799999999995
0
LINE
8
BLACK
6
CONTINUOUS
10
62.3737769999999969
20
-161.3352309999999932
11
62.4086849999999984
21
-161.3585549999999955
0
LINE
8
BLACK
6
CONTINUOUS
10
62.4086849999999984
20
-161.3585549999999955
11
62.4320089999999936
21
-161.393462999999997
0
LINE
8
BLACK
6
CONTINUOUS
10
62.4320089999999936
20
-161.393462999999997
11
62.4401999999999973
21
-161.4346400000000017
0
LINE
8
BLACK
6
CONTINUOUS
10
62.4401999999999973
20
-161.4346400000000017
11
62.4401999999999973
21
-161.7002399999999795
0
LINE
8
BLACK
6
CONTINUOUS
10
62.4401999999999973
20
-161.7002399999999795
11
62.4320089999999936
21
-161.7414169999999842
0
LINE
8
BLACK
6
CONTINUOUS
10
62.4320089999999936
20
-161.7414169999999842
11
62.4086849999999984
21
-161.7763249999999857
0
LINE
8
BLACK
6
CONTINUOUS
10
62.4086849999999984
20
-161.7763249999999857
11
62.3737769999999969
21
-161.7996489999999881
0
LINE
8
BLACK
6
CONTINUOUS
10
62.3737769999999969
20
-161.7996489999999881
11
62.3325999999999993
21
-161.8078399999999988
0
LINE
8
BLACK
6
CONTINUOUS
10
62.3325999999999993
20
-161.8078399999999988
11
62.1173999999999964
21
-161.8078399999999988
0
LINE
8
BLACK
6
CONTINUOUS
10
62.1173999999999964
20
-161.8078399999999988
11
62.0762229999999988
21
-161.7996489999999881
0
LINE
8
BLACK
6
CONTINUOUS
10
62.0762229999999988
20
-161.7996489999999881
11
62.0413149999999973
21
-161.7763249999999857
0
LINE
8
BLACK
6
CONTINUOUS
10
62.0413149999999973
20
-161.7763249999999857
11
62.017990999999995
21
-161.7414169999999842
0
LINE
8
BLACK
6
CONTINUOUS
10
62.017990999999995
20
-161.7414169999999842
11
62.0097999999999985
21
-161.7002399999999795
0
LINE
8
BLACK
6
CONTINUOUS
10
62.0097999999999985
20
-161.7002399999999795
11
62.0097999999999985
21
-161.4346400000000017
0
LINE
8
BLACK
6
CONTINUOUS
10
62.0097999999999985
20
-161.4346400000000017
11
62.017990999999995
21
-161.393462999999997
0
LINE
8
BLACK
6
CONTINUOUS
10
62.017990999999995
20
-161.393462999999997
11
62.0413149999999973
21
-161.3585549999999955
0
LINE
8
BLACK
6
CONTINUOUS
10
62.0413149999999973
20
-161.3585549999999955
11
62.0762229999999988
21
-161.3352309999999932
0
LINE
8
BLACK
6
CONTINUOUS
10
62.0762229999999988
20
-161.3352309999999932
11
62.1173999999999964
21
-161.3270399999999825
0
LINE
8
BLACK
6
CONTINUOUS
10
62.1173999999999964
20
-161.3270399999999825
11
62.3325999999999993
21
-161.3270399999999825
0
LINE
8
BLACK
6
CONTINUOUS
10
62.3325999999999993
20
-161.3270399999999825
11
62.3737769999999969
21
-161.3352309999999932
0
LINE
8
BLACK
6
CONTINUOUS
10
63.3337769999999978
20
-161.3352309999999932
11
63.3686849999999993
21
-161.3585549999999955
0
LINE
8
BLACK
6
CONTINUOUS
10
63.3686849999999993
20
-161.3585549999999955
11
63.3920089999999945
21
-161.393462999999997
0
LINE
8
BLACK
6
CONTINUOUS
10
63.3920089999999945
20
-161.393462999999997
11
63.4001999999999981
21
-161.4346400000000017
0
LINE
8
BLACK
6
CONTINUOUS
10
63.4001999999999981
20
-161.4346400000000017
11
63.4001999999999981
21
-161.7002399999999795
0
LINE
8
BLACK
6
CONTINUOUS
10
63.4001999999999981
20
-161.7002399999999795
11
63.3920089999999945
21
-161.7414169999999842
0
LINE
8
BLACK
6
CONTINUOUS
10
63.3920089999999945
20
-161.7414169999999842
11
63.3686849999999993
21
-161.7763249999999857
0
LINE
8
BLACK
6
CONTINUOUS
10
63.3686849999999993
20
-161.7763249999999857
11
63.3337769999999978
21
-161.7996489999999881
0
LINE
8
BLACK
6
CONTINUOUS
10
63.3337769999999978
20
-161.7996489999999881
11
63.2926000000000002
21
-161.8078399999999988
0
LINE
8
BLACK
6
CONTINUOUS
10
63.2926000000000002
20
-161.8078399999999988
11
63.0773999999999972
21
-161.8078399999999988
0
LINE
8
BLACK
6
CONTINUOUS
10
63.0773999999999972
20
-161.8078399999999988
11
63.0362229999999997
21
-161.7996489999999881
0
LINE
8
BLACK
6
CONTINUOUS
10
63.0362229999999997
20
-161.7996489999999881
11
63.0013149999999982
21
-161.7763249999999857
0
LINE
8
BLACK
6
CONTINUOUS
10
63.0013149999999982
20
-161.7763249999999857
11
62.9779909999999958
21
-161.7414169999999842
0
LINE
8
BLACK
6
CONTINUOUS
10
62.9779909999999958
20
-161.7414169999999842
11
62.9697999999999993
21
-161.7002399999999795
0
LINE
8
BLACK
6
CONTINUOUS
10
62.9697999999999993
20
-161.7002399999999795
11
62.9697999999999993
21
-161.4346400000000017
0
LINE
8
BLACK
6
CONTINUOUS
10
62.9697999999999993
20
-161.4346400000000017
11
62.9779909999999958
21
-161.393462999999997
0
LINE
8
BLACK
6
CONTINUOUS
10
62.9779909999999958
20
-161.393462999999997
11
63.0013149999999982
21
-161.3585549999999955
0
LINE
8
BLACK
6
CONTINUOUS
10
63.0013149999999982
20
-161.3585549999999955
11
63.0362229999999997
21
-161.3352309999999932
0
LINE
8
BLACK
6
CONTINUOUS
10
63.0362229999999997
20
-161.3352309999999932
11
63.0773999999999972
21
-161.3270399999999825
0
LINE
8
BLACK
6
CONTINUOUS
10
63.0773999999999972
20
-161.3270399999999825
11
63.2926000000000002
21
-161.3270399999999825
0
LINE
8
BLACK
6
CONTINUOUS
10
63.2926000000000002
20
-161.3270399999999825
11
63.3337769999999978
21
-161.3352309999999932
0
LINE
8
BLACK
6
CONTINUOUS
10
61.239968999999995
20
-161.3785110000000032
11
61.2735149999999962
21
-161.4009250000000009
0
LINE
8
BLACK
6
CONTINUOUS
10
61.2735149999999962
20
-161.4009250000000009
11
61.2959289999999939
21
-161.4344710000000021
0
LINE
8
BLACK
6
CONTINUOUS
10
61.2959289999999939
20
-161.4344710000000021
11
61.3037999999999954
21
-161.4740400000000022
0
LINE
8
BLACK
6
CONTINUOUS
10
61.3037999999999954
20
-161.4740400000000022
11
61.3037999999999954
21
-161.6808399999999892
0
LINE
8
BLACK
6
CONTINUOUS
10
61.3037999999999954
20
-161.6808399999999892
11
61.2959289999999939
21
-161.7204089999999894
0
LINE
8
BLACK
6
CONTINUOUS
10
61.2959289999999939
20
-161.7204089999999894
11
61.2735149999999962
21
-161.7539549999999906
0
LINE
8
BLACK
6
CONTINUOUS
10
61.2735149999999962
20
-161.7539549999999906
11
61.239968999999995
21
-161.7763689999999883
0
LINE
8
BLACK
6
CONTINUOUS
10
61.239968999999995
20
-161.7763689999999883
11
61.2003999999999948
21
-161.7842399999999827
0
LINE
8
BLACK
6
CONTINUOUS
10
61.2003999999999948
20
-161.7842399999999827
11
60.9095999999999975
21
-161.7842399999999827
0
LINE
8
BLACK
6
CONTINUOUS
10
60.9095999999999975
20
-161.7842399999999827
11
60.8700309999999973
21
-161.7763689999999883
0
LINE
8
BLACK
6
CONTINUOUS
10
60.8700309999999973
20
-161.7763689999999883
11
60.8364849999999961
21
-161.7539549999999906
0
LINE
8
BLACK
6
CONTINUOUS
10
60.8364849999999961
20
-161.7539549999999906
11
60.8140709999999984
21
-161.7204089999999894
0
LINE
8
BLACK
6
CONTINUOUS
10
60.8140709999999984
20
-161.7204089999999894
11
60.8061999999999969
21
-161.6808399999999892
0
LINE
8
BLACK
6
CONTINUOUS
10
60.8061999999999969
20
-161.6808399999999892
11
60.8061999999999969
21
-161.4740400000000022
0
LINE
8
BLACK
6
CONTINUOUS
10
60.8061999999999969
20
-161.4740400000000022
11
60.8140709999999984
21
-161.4344710000000021
0
LINE
8
BLACK
6
CONTINUOUS
10
60.8140709999999984
20
-161.4344710000000021
11
60.8364849999999961
21
-161.4009250000000009
0
LINE
8
BLACK
6
CONTINUOUS
10
60.8364849999999961
20
-161.4009250000000009
11
60.8700309999999973
21
-161.3785110000000032
0
LINE
8
BLACK
6
CONTINUOUS
10
60.8700309999999973
20
-161.3785110000000032
11
60.9095999999999975
21
-161.3706399999999803
0
LINE
8
BLACK
6
CONTINUOUS
10
60.9095999999999975
20
-161.3706399999999803
11
61.2003999999999948
21
-161.3706399999999803
0
LINE
8
BLACK
6
CONTINUOUS
10
61.2003999999999948
20
-161.3706399999999803
11
61.239968999999995
21
-161.3785110000000032
0
LINE
8
BLACK
6
CONTINUOUS
10
76.9139770000000027
20
-161.2029909999999973
11
76.94888499999999
21
-161.2263149999999996
0
LINE
8
BLACK
6
CONTINUOUS
10
76.94888499999999
20
-161.2263149999999996
11
76.9722089999999923
21
-161.2612230000000011
0
LINE
8
BLACK
6
CONTINUOUS
10
76.9722089999999923
20
-161.2612230000000011
11
76.980400000000003
21
-161.3024000000000058
0
LINE
8
BLACK
6
CONTINUOUS
10
76.980400000000003
20
-161.3024000000000058
11
76.980400000000003
21
-161.5175999999999874
0
LINE
8
BLACK
6
CONTINUOUS
10
76.980400000000003
20
-161.5175999999999874
11
76.9722089999999923
21
-161.5587769999999921
0
LINE
8
BLACK
6
CONTINUOUS
10
76.9722089999999923
20
-161.5587769999999921
11
76.94888499999999
21
-161.5936849999999936
0
LINE
8
BLACK
6
CONTINUOUS
10
76.94888499999999
20
-161.5936849999999936
11
76.9139770000000027
21
-161.6170089999999959
0
LINE
8
BLACK
6
CONTINUOUS
10
76.9139770000000027
20
-161.6170089999999959
11
76.872799999999998
21
-161.6252000000000066
0
LINE
8
BLACK
6
CONTINUOUS
10
76.872799999999998
20
-161.6252000000000066
11
76.6071999999999917
21
-161.6252000000000066
0
LINE
8
BLACK
6
CONTINUOUS
10
76.6071999999999917
20
-161.6252000000000066
11
76.5660230000000013
21
-161.6170089999999959
0
LINE
8
BLACK
6
CONTINUOUS
10
76.5660230000000013
20
-161.6170089999999959
11
76.5311149999999998
21
-161.5936849999999936
0
LINE
8
BLACK
6
CONTINUOUS
10
76.5311149999999998
20
-161.5936849999999936
11
76.5077909999999974
21
-161.5587769999999921
0
LINE
8
BLACK
6
CONTINUOUS
10
76.5077909999999974
20
-161.5587769999999921
11
76.4996000000000009
21
-161.5175999999999874
0
LINE
8
BLACK
6
CONTINUOUS
10
76.4996000000000009
20
-161.5175999999999874
11
76.4996000000000009
21
-161.3024000000000058
0
LINE
8
BLACK
6
CONTINUOUS
10
76.4996000000000009
20
-161.3024000000000058
11
76.5077909999999974
21
-161.2612230000000011
0
LINE
8
BLACK
6
CONTINUOUS
10
76.5077909999999974
20
-161.2612230000000011
11
76.5311149999999998
21
-161.2263149999999996
0
LINE
8
BLACK
6
CONTINUOUS
10
76.5311149999999998
20
-161.2263149999999996
11
76.5660230000000013
21
-161.2029909999999973
0
LINE
8
BLACK
6
CONTINUOUS
10
76.5660230000000013
20
-161.2029909999999973
11
76.6071999999999917
21
-161.1947999999999865
0
LINE
8
BLACK
6
CONTINUOUS
10
76.6071999999999917
20
-161.1947999999999865
11
76.872799999999998
21
-161.1947999999999865
0
LINE
8
BLACK
6
CONTINUOUS
10
76.872799999999998
20
-161.1947999999999865
11
76.9139770000000027
21
-161.2029909999999973
0
LINE
8
BLACK
6
CONTINUOUS
10
76.1239769999999965
20
-161.1979910000000018
11
76.1588849999999979
21
-161.2213150000000041
0
LINE
8
BLACK
6
CONTINUOUS
10
76.1588849999999979
20
-161.2213150000000041
11
76.1822090000000003
21
-161.2562230000000056
0
LINE
8
BLACK
6
CONTINUOUS
10
76.1822090000000003
20
-161.2562230000000056
11
76.1903999999999968
21
-161.2973999999999819
0
LINE
8
BLACK
6
CONTINUOUS
10
76.1903999999999968
20
-161.2973999999999819
11
76.1903999999999968
21
-161.512599999999992
0
LINE
8
BLACK
6
CONTINUOUS
10
76.1903999999999968
20
-161.512599999999992
11
76.1822090000000003
21
-161.5537769999999966
0
LINE
8
BLACK
6
CONTINUOUS
10
76.1822090000000003
20
-161.5537769999999966
11
76.1588849999999979
21
-161.5886849999999981
0
LINE
8
BLACK
6
CONTINUOUS
10
76.1588849999999979
20
-161.5886849999999981
11
76.1239769999999965
21
-161.6120090000000005
0
LINE
8
BLACK
6
CONTINUOUS
10
76.1239769999999965
20
-161.6120090000000005
11
76.0827999999999918
21
-161.6201999999999828
0
LINE
8
BLACK
6
CONTINUOUS
10
76.0827999999999918
20
-161.6201999999999828
11
75.8171999999999997
21
-161.6201999999999828
0
LINE
8
BLACK
6
CONTINUOUS
10
75.8171999999999997
20
-161.6201999999999828
11
75.776022999999995
21
-161.6120090000000005
0
LINE
8
BLACK
6
CONTINUOUS
10
75.776022999999995
20
-161.6120090000000005
11
75.7411149999999935
21
-161.5886849999999981
0
LINE
8
BLACK
6
CONTINUOUS
10
75.7411149999999935
20
-161.5886849999999981
11
75.7177909999999912
21
-161.5537769999999966
0
LINE
8
BLACK
6
CONTINUOUS
10
75.7177909999999912
20
-161.5537769999999966
11
75.7095999999999947
21
-161.512599999999992
0
LINE
8
BLACK
6
CONTINUOUS
10
75.7095999999999947
20
-161.512599999999992
11
75.7095999999999947
21
-161.2973999999999819
0
LINE
8
BLACK
6
CONTINUOUS
10
75.7095999999999947
20
-161.2973999999999819
11
75.7177909999999912
21
-161.2562230000000056
0
LINE
8
BLACK
6
CONTINUOUS
10
75.7177909999999912
20
-161.2562230000000056
11
75.7411149999999935
21
-161.2213150000000041
0
LINE
8
BLACK
6
CONTINUOUS
10
75.7411149999999935
20
-161.2213150000000041
11
75.776022999999995
21
-161.1979910000000018
0
LINE
8
BLACK
6
CONTINUOUS
10
75.776022999999995
20
-161.1979910000000018
11
75.8171999999999997
21
-161.1897999999999911
0
LINE
8
BLACK
6
CONTINUOUS
10
75.8171999999999997
20
-161.1897999999999911
11
76.0827999999999918
21
-161.1897999999999911
0
LINE
8
BLACK
6
CONTINUOUS
10
76.0827999999999918
20
-161.1897999999999911
11
76.1239769999999965
21
-161.1979910000000018
0
LINE
8
BLACK
6
CONTINUOUS
10
81.4699999999999989
20
-161.4339999999999975
11
81.0900000000000034
21
-161.4339999999999975
0
LINE
8
BLACK
6
CONTINUOUS
10
81.0900000000000034
20
-161.4339999999999975
11
81.0900000000000034
21
-161.0960000000000036
0
LINE
8
BLACK
6
CONTINUOUS
10
81.0900000000000034
20
-161.0960000000000036
11
81.4699999999999989
21
-161.0960000000000036
0
LINE
8
BLACK
6
CONTINUOUS
10
81.4699999999999989
20
-161.0960000000000036
11
81.4699999999999989
21
-161.4339999999999975
0
LINE
8
BLACK
6
CONTINUOUS
10
80.6539769999999976
20
-160.9579909999999927
11
80.6888849999999991
21
-160.9813149999999951
0
LINE
8
BLACK
6
CONTINUOUS
10
80.6888849999999991
20
-160.9813149999999951
11
80.7122090000000014
21
-161.0162229999999965
0
LINE
8
BLACK
6
CONTINUOUS
10
80.7122090000000014
20
-161.0162229999999965
11
80.7203999999999979
21
-161.0574000000000012
0
LINE
8
BLACK
6
CONTINUOUS
10
80.7203999999999979
20
-161.0574000000000012
11
80.7203999999999979
21
-161.2725999999999829
0
LINE
8
BLACK
6
CONTINUOUS
10
80.7203999999999979
20
-161.2725999999999829
11
80.7122090000000014
21
-161.3137769999999875
0
LINE
8
BLACK
6
CONTINUOUS
10
80.7122090000000014
20
-161.3137769999999875
11
80.6888849999999991
21
-161.348684999999989
0
LINE
8
BLACK
6
CONTINUOUS
10
80.6888849999999991
20
-161.348684999999989
11
80.6539769999999976
21
-161.3720089999999914
0
LINE
8
BLACK
6
CONTINUOUS
10
80.6539769999999976
20
-161.3720089999999914
11
80.6127999999999929
21
-161.3802000000000021
0
LINE
8
BLACK
6
CONTINUOUS
10
80.6127999999999929
20
-161.3802000000000021
11
80.3472000000000008
21
-161.3802000000000021
0
LINE
8
BLACK
6
CONTINUOUS
10
80.3472000000000008
20
-161.3802000000000021
11
80.3060229999999962
21
-161.3720089999999914
0
LINE
8
BLACK
6
CONTINUOUS
10
80.3060229999999962
20
-161.3720089999999914
11
80.2711149999999947
21
-161.348684999999989
0
LINE
8
BLACK
6
CONTINUOUS
10
80.2711149999999947
20
-161.348684999999989
11
80.2477909999999923
21
-161.3137769999999875
0
LINE
8
BLACK
6
CONTINUOUS
10
80.2477909999999923
20
-161.3137769999999875
11
80.2395999999999958
21
-161.2725999999999829
0
LINE
8
BLACK
6
CONTINUOUS
10
80.2395999999999958
20
-161.2725999999999829
11
80.2395999999999958
21
-161.0574000000000012
0
LINE
8
BLACK
6
CONTINUOUS
10
80.2395999999999958
20
-161.0574000000000012
11
80.2477909999999923
21
-161.0162229999999965
0
LINE
8
BLACK
6
CONTINUOUS
10
80.2477909999999923
20
-161.0162229999999965
11
80.2711149999999947
21
-160.9813149999999951
0
LINE
8
BLACK
6
CONTINUOUS
10
80.2711149999999947
20
-160.9813149999999951
11
80.3060229999999962
21
-160.9579909999999927
0
LINE
8
BLACK
6
CONTINUOUS
10
80.3060229999999962
20
-160.9579909999999927
11
80.3472000000000008
21
-160.949799999999982
0
LINE
8
BLACK
6
CONTINUOUS
10
80.3472000000000008
20
-160.949799999999982
11
80.6127999999999929
21
-160.949799999999982
0
LINE
8
BLACK
6
CONTINUOUS
10
80.6127999999999929
20
-160.949799999999982
11
80.6539769999999976
21
-160.9579909999999927
0
LINE
8
BLACK
6
CONTINUOUS
10
78.8665999999999912
20
-161.3169999999999789
11
78.2933999999999912
21
-161.3169999999999789
0
LINE
8
BLACK
6
CONTINUOUS
10
78.2933999999999912
20
-161.3169999999999789
11
78.2933999999999912
21
-160.8529999999999802
0
LINE
8
BLACK
6
CONTINUOUS
10
78.2933999999999912
20
-160.8529999999999802
11
78.8665999999999912
21
-160.8529999999999802
0
LINE
8
BLACK
6
CONTINUOUS
10
78.8665999999999912
20
-160.8529999999999802
11
78.8665999999999912
21
-161.3169999999999789
0
LINE
8
BLACK
6
CONTINUOUS
10
79.9665999999999997
20
-161.3169999999999789
11
79.3933999999999997
21
-161.3169999999999789
0
LINE
8
BLACK
6
CONTINUOUS
10
79.3933999999999997
20
-161.3169999999999789
11
79.3933999999999997
21
-160.8529999999999802
0
LINE
8
BLACK
6
CONTINUOUS
10
79.3933999999999997
20
-160.8529999999999802
11
79.9665999999999997
21
-160.8529999999999802
0
LINE
8
BLACK
6
CONTINUOUS
10
79.9665999999999997
20
-160.8529999999999802
11
79.9665999999999997
21
-161.3169999999999789
0
LINE
8
BLACK
6
CONTINUOUS
10
61.8855590000000007
20
-160.6851729999999918
11
61.9078639999999965
21
-160.7000759999999957
0
LINE
8
BLACK
6
CONTINUOUS
10
61.9078639999999965
20
-160.7000759999999957
11
61.9227670000000003
21
-160.7223809999999844
0
LINE
8
BLACK
6
CONTINUOUS
10
61.9227670000000003
20
-160.7223809999999844
11
61.9279999999999973
21
-160.7486899999999821
0
LINE
8
BLACK
6
CONTINUOUS
10
61.9279999999999973
20
-160.7486899999999821
11
61.9279999999999973
21
-160.8861899999999991
0
LINE
8
BLACK
6
CONTINUOUS
10
61.9279999999999973
20
-160.8861899999999991
11
61.9227670000000003
21
-160.9124989999999968
0
LINE
8
BLACK
6
CONTINUOUS
10
61.9227670000000003
20
-160.9124989999999968
11
61.9078639999999965
21
-160.9348039999999855
0
LINE
8
BLACK
6
CONTINUOUS
10
61.9078639999999965
20
-160.9348039999999855
11
61.8855590000000007
21
-160.9497069999999894
0
LINE
8
BLACK
6
CONTINUOUS
10
61.8855590000000007
20
-160.9497069999999894
11
61.8592499999999959
21
-160.9549399999999935
0
LINE
8
BLACK
6
CONTINUOUS
10
61.8592499999999959
20
-160.9549399999999935
11
61.7007499999999993
21
-160.9549399999999935
0
LINE
8
BLACK
6
CONTINUOUS
10
61.7007499999999993
20
-160.9549399999999935
11
61.6744409999999945
21
-160.9497069999999894
0
LINE
8
BLACK
6
CONTINUOUS
10
61.6744409999999945
20
-160.9497069999999894
11
61.6521359999999987
21
-160.9348039999999855
0
LINE
8
BLACK
6
CONTINUOUS
10
61.6521359999999987
20
-160.9348039999999855
11
61.6372329999999948
21
-160.9124989999999968
0
LINE
8
BLACK
6
CONTINUOUS
10
61.6372329999999948
20
-160.9124989999999968
11
61.6319999999999979
21
-160.8861899999999991
0
LINE
8
BLACK
6
CONTINUOUS
10
61.6319999999999979
20
-160.8861899999999991
11
61.6319999999999979
21
-160.7486899999999821
0
LINE
8
BLACK
6
CONTINUOUS
10
61.6319999999999979
20
-160.7486899999999821
11
61.6372329999999948
21
-160.7223809999999844
0
LINE
8
BLACK
6
CONTINUOUS
10
61.6372329999999948
20
-160.7223809999999844
11
61.6521359999999987
21
-160.7000759999999957
0
LINE
8
BLACK
6
CONTINUOUS
10
61.6521359999999987
20
-160.7000759999999957
11
61.6744409999999945
21
-160.6851729999999918
0
LINE
8
BLACK
6
CONTINUOUS
10
61.6744409999999945
20
-160.6851729999999918
11
61.7007499999999993
21
-160.6799399999999878
0
LINE
8
BLACK
6
CONTINUOUS
10
61.7007499999999993
20
-160.6799399999999878
11
61.8592499999999959
21
-160.6799399999999878
0
LINE
8
BLACK
6
CONTINUOUS
10
61.8592499999999959
20
-160.6799399999999878
11
61.8855590000000007
21
-160.6851729999999918
0
LINE
8
BLACK
6
CONTINUOUS
10
62.5355589999999992
20
-160.6851729999999918
11
62.557863999999995
21
-160.7000759999999957
0
LINE
8
BLACK
6
CONTINUOUS
10
62.557863999999995
20
-160.7000759999999957
11
62.5727669999999989
21
-160.7223809999999844
0
LINE
8
BLACK
6
CONTINUOUS
10
62.5727669999999989
20
-160.7223809999999844
11
62.5779999999999959
21
-160.7486899999999821
0
LINE
8
BLACK
6
CONTINUOUS
10
62.5779999999999959
20
-160.7486899999999821
11
62.5779999999999959
21
-160.8861899999999991
0
LINE
8
BLACK
6
CONTINUOUS
10
62.5779999999999959
20
-160.8861899999999991
11
62.5727669999999989
21
-160.9124989999999968
0
LINE
8
BLACK
6
CONTINUOUS
10
62.5727669999999989
20
-160.9124989999999968
11
62.557863999999995
21
-160.9348039999999855
0
LINE
8
BLACK
6
CONTINUOUS
10
62.557863999999995
20
-160.9348039999999855
11
62.5355589999999992
21
-160.9497069999999894
0
LINE
8
BLACK
6
CONTINUOUS
10
62.5355589999999992
20
-160.9497069999999894
11
62.5092499999999944
21
-160.9549399999999935
0
LINE
8
BLACK
6
CONTINUOUS
10
62.5092499999999944
20
-160.9549399999999935
11
62.3507499999999979
21
-160.9549399999999935
0
LINE
8
BLACK
6
CONTINUOUS
10
62.3507499999999979
20
-160.9549399999999935
11
62.3244410000000002
21
-160.9497069999999894
0
LINE
8
BLACK
6
CONTINUOUS
10
62.3244410000000002
20
-160.9497069999999894
11
62.3021359999999973
21
-160.9348039999999855
0
LINE
8
BLACK
6
CONTINUOUS
10
62.3021359999999973
20
-160.9348039999999855
11
62.2872330000000005
21
-160.9124989999999968
0
LINE
8
BLACK
6
CONTINUOUS
10
62.2872330000000005
20
-160.9124989999999968
11
62.2819999999999965
21
-160.8861899999999991
0
LINE
8
BLACK
6
CONTINUOUS
10
62.2819999999999965
20
-160.8861899999999991
11
62.2819999999999965
21
-160.7486899999999821
0
LINE
8
BLACK
6
CONTINUOUS
10
62.2819999999999965
20
-160.7486899999999821
11
62.2872330000000005
21
-160.7223809999999844
0
LINE
8
BLACK
6
CONTINUOUS
10
62.2872330000000005
20
-160.7223809999999844
11
62.3021359999999973
21
-160.7000759999999957
0
LINE
8
BLACK
6
CONTINUOUS
10
62.3021359999999973
20
-160.7000759999999957
11
62.3244410000000002
21
-160.6851729999999918
0
LINE
8
BLACK
6
CONTINUOUS
10
62.3244410000000002
20
-160.6851729999999918
11
62.3507499999999979
21
-160.6799399999999878
0
LINE
8
BLACK
6
CONTINUOUS
10
62.3507499999999979
20
-160.6799399999999878
11
62.5092499999999944
21
-160.6799399999999878
0
LINE
8
BLACK
6
CONTINUOUS
10
62.5092499999999944
20
-160.6799399999999878
11
62.5355589999999992
21
-160.6851729999999918
0
LINE
8
BLACK
6
CONTINUOUS
10
63.1855589999999978
20
-160.6851729999999918
11
63.2078639999999936
21
-160.7000759999999957
0
LINE
8
BLACK
6
CONTINUOUS
10
63.2078639999999936
20
-160.7000759999999957
11
63.2227669999999975
21
-160.7223809999999844
0
LINE
8
BLACK
6
CONTINUOUS
10
63.2227669999999975
20
-160.7223809999999844
11
63.2279999999999944
21
-160.7486899999999821
0
LINE
8
BLACK
6
CONTINUOUS
10
63.2279999999999944
20
-160.7486899999999821
11
63.2279999999999944
21
-160.8861899999999991
0
LINE
8
BLACK
6
CONTINUOUS
10
63.2279999999999944
20
-160.8861899999999991
11
63.2227669999999975
21
-160.9124989999999968
0
LINE
8
BLACK
6
CONTINUOUS
10
63.2227669999999975
20
-160.9124989999999968
11
63.2078639999999936
21
-160.9348039999999855
0
LINE
8
BLACK
6
CONTINUOUS
10
63.2078639999999936
20
-160.9348039999999855
11
63.1855589999999978
21
-160.9497069999999894
0
LINE
8
BLACK
6
CONTINUOUS
10
63.1855589999999978
20
-160.9497069999999894
11
63.1592500000000001
21
-160.9549399999999935
0
LINE
8
BLACK
6
CONTINUOUS
10
63.1592500000000001
20
-160.9549399999999935
11
63.0007499999999965
21
-160.9549399999999935
0
LINE
8
BLACK
6
CONTINUOUS
10
63.0007499999999965
20
-160.9549399999999935
11
62.9744409999999988
21
-160.9497069999999894
0
LINE
8
BLACK
6
CONTINUOUS
10
62.9744409999999988
20
-160.9497069999999894
11
62.9521359999999959
21
-160.9348039999999855
0
LINE
8
BLACK
6
CONTINUOUS
10
62.9521359999999959
20
-160.9348039999999855
11
62.9372329999999991
21
-160.9124989999999968
0
LINE
8
BLACK
6
CONTINUOUS
10
62.9372329999999991
20
-160.9124989999999968
11
62.9319999999999951
21
-160.8861899999999991
0
LINE
8
BLACK
6
CONTINUOUS
10
62.9319999999999951
20
-160.8861899999999991
11
62.9319999999999951
21
-160.7486899999999821
0
LINE
8
BLACK
6
CONTINUOUS
10
62.9319999999999951
20
-160.7486899999999821
11
62.9372329999999991
21
-160.7223809999999844
0
LINE
8
BLACK
6
CONTINUOUS
10
62.9372329999999991
20
-160.7223809999999844
11
62.9521359999999959
21
-160.7000759999999957
0
LINE
8
BLACK
6
CONTINUOUS
10
62.9521359999999959
20
-160.7000759999999957
11
62.9744409999999988
21
-160.6851729999999918
0
LINE
8
BLACK
6
CONTINUOUS
10
62.9744409999999988
20
-160.6851729999999918
11
63.0007499999999965
21
-160.6799399999999878
0
LINE
8
BLACK
6
CONTINUOUS
10
63.0007499999999965
20
-160.6799399999999878
11
63.1592500000000001
21
-160.6799399999999878
0
LINE
8
BLACK
6
CONTINUOUS
10
63.1592500000000001
20
-160.6799399999999878
11
63.1855589999999978
21
-160.6851729999999918
0
LINE
8
BLACK
6
CONTINUOUS
10
81.0859999999999985
20
-160.7909999999999968
11
80.8739999999999952
21
-160.7909999999999968
0
LINE
8
BLACK
6
CONTINUOUS
10
80.8739999999999952
20
-160.7909999999999968
11
80.8739999999999952
21
-160.5789999999999793
0
LINE
8
BLACK
6
CONTINUOUS
10
80.8739999999999952
20
-160.5789999999999793
11
81.0859999999999985
21
-160.5789999999999793
0
LINE
8
BLACK
6
CONTINUOUS
10
81.0859999999999985
20
-160.5789999999999793
11
81.0859999999999985
21
-160.7909999999999968
0
LINE
8
BLACK
6
CONTINUOUS
10
81.6859999999999928
20
-160.7909999999999968
11
81.4739999999999895
21
-160.7909999999999968
0
LINE
8
BLACK
6
CONTINUOUS
10
81.4739999999999895
20
-160.7909999999999968
11
81.4739999999999895
21
-160.5789999999999793
0
LINE
8
BLACK
6
CONTINUOUS
10
81.4739999999999895
20
-160.5789999999999793
11
81.6859999999999928
21
-160.5789999999999793
0
LINE
8
BLACK
6
CONTINUOUS
10
81.6859999999999928
20
-160.5789999999999793
11
81.6859999999999928
21
-160.7909999999999968
0
LINE
8
BLACK
6
CONTINUOUS
10
61.239968999999995
20
-160.3585109999999929
11
61.2735149999999962
21
-160.3809249999999906
0
LINE
8
BLACK
6
CONTINUOUS
10
61.2735149999999962
20
-160.3809249999999906
11
61.2959289999999939
21
-160.4144709999999918
0
LINE
8
BLACK
6
CONTINUOUS
10
61.2959289999999939
20
-160.4144709999999918
11
61.3037999999999954
21
-160.454039999999992
0
LINE
8
BLACK
6
CONTINUOUS
10
61.3037999999999954
20
-160.454039999999992
11
61.3037999999999954
21
-160.660839999999979
0
LINE
8
BLACK
6
CONTINUOUS
10
61.3037999999999954
20
-160.660839999999979
11
61.2959289999999939
21
-160.7004089999999792
0
LINE
8
BLACK
6
CONTINUOUS
10
61.2959289999999939
20
-160.7004089999999792
11
61.2735149999999962
21
-160.7339549999999804
0
LINE
8
BLACK
6
CONTINUOUS
10
61.2735149999999962
20
-160.7339549999999804
11
61.239968999999995
21
-160.7563690000000065
0
LINE
8
BLACK
6
CONTINUOUS
10
61.239968999999995
20
-160.7563690000000065
11
61.2003999999999948
21
-160.7642400000000009
0
LINE
8
BLACK
6
CONTINUOUS
10
61.2003999999999948
20
-160.7642400000000009
11
60.9095999999999975
21
-160.7642400000000009
0
LINE
8
BLACK
6
CONTINUOUS
10
60.9095999999999975
20
-160.7642400000000009
11
60.8700309999999973
21
-160.7563690000000065
0
LINE
8
BLACK
6
CONTINUOUS
10
60.8700309999999973
20
-160.7563690000000065
11
60.8364849999999961
21
-160.7339549999999804
0
LINE
8
BLACK
6
CONTINUOUS
10
60.8364849999999961
20
-160.7339549999999804
11
60.8140709999999984
21
-160.7004089999999792
0
LINE
8
BLACK
6
CONTINUOUS
10
60.8140709999999984
20
-160.7004089999999792
11
60.8061999999999969
21
-160.660839999999979
0
LINE
8
BLACK
6
CONTINUOUS
10
60.8061999999999969
20
-160.660839999999979
11
60.8061999999999969
21
-160.454039999999992
0
LINE
8
BLACK
6
CONTINUOUS
10
60.8061999999999969
20
-160.454039999999992
11
60.8140709999999984
21
-160.4144709999999918
0
LINE
8
BLACK
6
CONTINUOUS
10
60.8140709999999984
20
-160.4144709999999918
11
60.8364849999999961
21
-160.3809249999999906
0
LINE
8
BLACK
6
CONTINUOUS
10
60.8364849999999961
20
-160.3809249999999906
11
60.8700309999999973
21
-160.3585109999999929
0
LINE
8
BLACK
6
CONTINUOUS
10
60.8700309999999973
20
-160.3585109999999929
11
60.9095999999999975
21
-160.3506399999999985
0
LINE
8
BLACK
6
CONTINUOUS
10
60.9095999999999975
20
-160.3506399999999985
11
61.2003999999999948
21
-160.3506399999999985
0
LINE
8
BLACK
6
CONTINUOUS
10
61.2003999999999948
20
-160.3506399999999985
11
61.239968999999995
21
-160.3585109999999929
0
LINE
8
BLACK
6
CONTINUOUS
10
76.9139770000000027
20
-160.2429909999999893
11
76.94888499999999
21
-160.2663149999999916
0
LINE
8
BLACK
6
CONTINUOUS
10
76.94888499999999
20
-160.2663149999999916
11
76.9722089999999923
21
-160.3012229999999931
0
LINE
8
BLACK
6
CONTINUOUS
10
76.9722089999999923
20
-160.3012229999999931
11
76.980400000000003
21
-160.3423999999999978
0
LINE
8
BLACK
6
CONTINUOUS
10
76.980400000000003
20
-160.3423999999999978
11
76.980400000000003
21
-160.5575999999999794
0
LINE
8
BLACK
6
CONTINUOUS
10
76.980400000000003
20
-160.5575999999999794
11
76.9722089999999923
21
-160.5987769999999841
0
LINE
8
BLACK
6
CONTINUOUS
10
76.9722089999999923
20
-160.5987769999999841
11
76.94888499999999
21
-160.6336849999999856
0
LINE
8
BLACK
6
CONTINUOUS
10
76.94888499999999
20
-160.6336849999999856
11
76.9139770000000027
21
-160.657008999999988
0
LINE
8
BLACK
6
CONTINUOUS
10
76.9139770000000027
20
-160.657008999999988
11
76.872799999999998
21
-160.6651999999999987
0
LINE
8
BLACK
6
CONTINUOUS
10
76.872799999999998
20
-160.6651999999999987
11
76.6071999999999917
21
-160.6651999999999987
0
LINE
8
BLACK
6
CONTINUOUS
10
76.6071999999999917
20
-160.6651999999999987
11
76.5660230000000013
21
-160.657008999999988
0
LINE
8
BLACK
6
CONTINUOUS
10
76.5660230000000013
20
-160.657008999999988
11
76.5311149999999998
21
-160.6336849999999856
0
LINE
8
BLACK
6
CONTINUOUS
10
76.5311149999999998
20
-160.6336849999999856
11
76.5077909999999974
21
-160.5987769999999841
0
LINE
8
BLACK
6
CONTINUOUS
10
76.5077909999999974
20
-160.5987769999999841
11
76.4996000000000009
21
-160.5575999999999794
0
LINE
8
BLACK
6
CONTINUOUS
10
76.4996000000000009
20
-160.5575999999999794
11
76.4996000000000009
21
-160.3423999999999978
0
LINE
8
BLACK
6
CONTINUOUS
10
76.4996000000000009
20
-160.3423999999999978
11
76.5077909999999974
21
-160.3012229999999931
0
LINE
8
BLACK
6
CONTINUOUS
10
76.5077909999999974
20
-160.3012229999999931
11
76.5311149999999998
21
-160.2663149999999916
0
LINE
8
BLACK
6
CONTINUOUS
10
76.5311149999999998
20
-160.2663149999999916
11
76.5660230000000013
21
-160.2429909999999893
0
LINE
8
BLACK
6
CONTINUOUS
10
76.5660230000000013
20
-160.2429909999999893
11
76.6071999999999917
21
-160.2347999999999786
0
LINE
8
BLACK
6
CONTINUOUS
10
76.6071999999999917
20
-160.2347999999999786
11
76.872799999999998
21
-160.2347999999999786
0
LINE
8
BLACK
6
CONTINUOUS
10
76.872799999999998
20
-160.2347999999999786
11
76.9139770000000027
21
-160.2429909999999893
0
LINE
8
BLACK
6
CONTINUOUS
10
76.1239769999999965
20
-160.2379909999999938
11
76.1588849999999979
21
-160.2613149999999962
0
LINE
8
BLACK
6
CONTINUOUS
10
76.1588849999999979
20
-160.2613149999999962
11
76.1822090000000003
21
-160.2962229999999977
0
LINE
8
BLACK
6
CONTINUOUS
10
76.1822090000000003
20
-160.2962229999999977
11
76.1903999999999968
21
-160.3374000000000024
0
LINE
8
BLACK
6
CONTINUOUS
10
76.1903999999999968
20
-160.3374000000000024
11
76.1903999999999968
21
-160.552599999999984
0
LINE
8
BLACK
6
CONTINUOUS
10
76.1903999999999968
20
-160.552599999999984
11
76.1822090000000003
21
-160.5937769999999887
0
LINE
8
BLACK
6
CONTINUOUS
10
76.1822090000000003
20
-160.5937769999999887
11
76.1588849999999979
21
-160.6286849999999902
0
LINE
8
BLACK
6
CONTINUOUS
10
76.1588849999999979
20
-160.6286849999999902
11
76.1239769999999965
21
-160.6520089999999925
0
LINE
8
BLACK
6
CONTINUOUS
10
76.1239769999999965
20
-160.6520089999999925
11
76.0827999999999918
21
-160.6602000000000032
0
LINE
8
BLACK
6
CONTINUOUS
10
76.0827999999999918
20
-160.6602000000000032
11
75.8171999999999997
21
-160.6602000000000032
0
LINE
8
BLACK
6
CONTINUOUS
10
75.8171999999999997
20
-160.6602000000000032
11
75.776022999999995
21
-160.6520089999999925
0
LINE
8
BLACK
6
CONTINUOUS
10
75.776022999999995
20
-160.6520089999999925
11
75.7411149999999935
21
-160.6286849999999902
0
LINE
8
BLACK
6
CONTINUOUS
10
75.7411149999999935
20
-160.6286849999999902
11
75.7177909999999912
21
-160.5937769999999887
0
LINE
8
BLACK
6
CONTINUOUS
10
75.7177909999999912
20
-160.5937769999999887
11
75.7095999999999947
21
-160.552599999999984
0
LINE
8
BLACK
6
CONTINUOUS
10
75.7095999999999947
20
-160.552599999999984
11
75.7095999999999947
21
-160.3374000000000024
0
LINE
8
BLACK
6
CONTINUOUS
10
75.7095999999999947
20
-160.3374000000000024
11
75.7177909999999912
21
-160.2962229999999977
0
LINE
8
BLACK
6
CONTINUOUS
10
75.7177909999999912
20
-160.2962229999999977
11
75.7411149999999935
21
-160.2613149999999962
0
LINE
8
BLACK
6
CONTINUOUS
10
75.7411149999999935
20
-160.2613149999999962
11
75.776022999999995
21
-160.2379909999999938
0
LINE
8
BLACK
6
CONTINUOUS
10
75.776022999999995
20
-160.2379909999999938
11
75.8171999999999997
21
-160.2297999999999831
0
LINE
8
BLACK
6
CONTINUOUS
10
75.8171999999999997
20
-160.2297999999999831
11
76.0827999999999918
21
-160.2297999999999831
0
LINE
8
BLACK
6
CONTINUOUS
10
76.0827999999999918
20
-160.2297999999999831
11
76.1239769999999965
21
-160.2379909999999938
0
LINE
8
BLACK
6
CONTINUOUS
10
78.8665999999999912
20
-160.5169999999999959
11
78.2933999999999912
21
-160.5169999999999959
0
LINE
8
BLACK
6
CONTINUOUS
10
78.2933999999999912
20
-160.5169999999999959
11
78.2933999999999912
21
-160.0529999999999973
0
LINE
8
BLACK
6
CONTINUOUS
10
78.2933999999999912
20
-160.0529999999999973
11
78.8665999999999912
21
-160.0529999999999973
0
LINE
8
BLACK
6
CONTINUOUS
10
78.8665999999999912
20
-160.0529999999999973
11
78.8665999999999912
21
-160.5169999999999959
0
LINE
8
BLACK
6
CONTINUOUS
10
79.9665999999999997
20
-160.5169999999999959
11
79.3933999999999997
21
-160.5169999999999959
0
LINE
8
BLACK
6
CONTINUOUS
10
79.3933999999999997
20
-160.5169999999999959
11
79.3933999999999997
21
-160.0529999999999973
0
LINE
8
BLACK
6
CONTINUOUS
10
79.3933999999999997
20
-160.0529999999999973
11
79.9665999999999997
21
-160.0529999999999973
0
LINE
8
BLACK
6
CONTINUOUS
10
79.9665999999999997
20
-160.0529999999999973
11
79.9665999999999997
21
-160.5169999999999959
0
LINE
8
BLACK
6
CONTINUOUS
10
80.6539769999999976
20
-159.9979909999999848
11
80.6888849999999991
21
-160.0213149999999871
0
LINE
8
BLACK
6
CONTINUOUS
10
80.6888849999999991
20
-160.0213149999999871
11
80.7122090000000014
21
-160.0562229999999886
0
LINE
8
BLACK
6
CONTINUOUS
10
80.7122090000000014
20
-160.0562229999999886
11
80.7203999999999979
21
-160.0973999999999933
0
LINE
8
BLACK
6
CONTINUOUS
10
80.7203999999999979
20
-160.0973999999999933
11
80.7203999999999979
21
-160.3126000000000033
0
LINE
8
BLACK
6
CONTINUOUS
10
80.7203999999999979
20
-160.3126000000000033
11
80.7122090000000014
21
-160.3537769999999796
0
LINE
8
BLACK
6
CONTINUOUS
10
80.7122090000000014
20
-160.3537769999999796
11
80.6888849999999991
21
-160.3886849999999811
0
LINE
8
BLACK
6
CONTINUOUS
10
80.6888849999999991
20
-160.3886849999999811
11
80.6539769999999976
21
-160.4120089999999834
0
LINE
8
BLACK
6
CONTINUOUS
10
80.6539769999999976
20
-160.4120089999999834
11
80.6127999999999929
21
-160.4201999999999941
0
LINE
8
BLACK
6
CONTINUOUS
10
80.6127999999999929
20
-160.4201999999999941
11
80.3472000000000008
21
-160.4201999999999941
0
LINE
8
BLACK
6
CONTINUOUS
10
80.3472000000000008
20
-160.4201999999999941
11
80.3060229999999962
21
-160.4120089999999834
0
LINE
8
BLACK
6
CONTINUOUS
10
80.3060229999999962
20
-160.4120089999999834
11
80.2711149999999947
21
-160.3886849999999811
0
LINE
8
BLACK
6
CONTINUOUS
10
80.2711149999999947
20
-160.3886849999999811
11
80.2477909999999923
21
-160.3537769999999796
0
LINE
8
BLACK
6
CONTINUOUS
10
80.2477909999999923
20
-160.3537769999999796
11
80.2395999999999958
21
-160.3126000000000033
0
LINE
8
BLACK
6
CONTINUOUS
10
80.2395999999999958
20
-160.3126000000000033
11
80.2395999999999958
21
-160.0973999999999933
0
LINE
8
BLACK
6
CONTINUOUS
10
80.2395999999999958
20
-160.0973999999999933
11
80.2477909999999923
21
-160.0562229999999886
0
LINE
8
BLACK
6
CONTINUOUS
10
80.2477909999999923
20
-160.0562229999999886
11
80.2711149999999947
21
-160.0213149999999871
0
LINE
8
BLACK
6
CONTINUOUS
10
80.2711149999999947
20
-160.0213149999999871
11
80.3060229999999962
21
-159.9979909999999848
0
LINE
8
BLACK
6
CONTINUOUS
10
80.3060229999999962
20
-159.9979909999999848
11
80.3472000000000008
21
-159.9898000000000025
0
LINE
8
BLACK
6
CONTINUOUS
10
80.3472000000000008
20
-159.9898000000000025
11
80.6127999999999929
21
-159.9898000000000025
0
LINE
8
BLACK
6
CONTINUOUS
10
80.6127999999999929
20
-159.9898000000000025
11
80.6539769999999976
21
-159.9979909999999848
0
LINE
8
BLACK
6
CONTINUOUS
10
62.251228999999995
20
-159.5371189999999899
11
62.3031369999999995
21
-159.5718029999999885
0
LINE
8
BLACK
6
CONTINUOUS
10
62.3031369999999995
20
-159.5718029999999885
11
62.3378209999999982
21
-159.6237109999999859
0
LINE
8
BLACK
6
CONTINUOUS
10
62.3378209999999982
20
-159.6237109999999859
11
62.3499999999999943
21
-159.6849399999999832
0
LINE
8
BLACK
6
CONTINUOUS
10
62.3499999999999943
20
-159.6849399999999832
11
62.3499999999999943
21
-160.1749399999999923
0
LINE
8
BLACK
6
CONTINUOUS
10
62.3499999999999943
20
-160.1749399999999923
11
62.3378209999999982
21
-160.2361689999999896
0
LINE
8
BLACK
6
CONTINUOUS
10
62.3378209999999982
20
-160.2361689999999896
11
62.3031369999999995
21
-160.288076999999987
0
LINE
8
BLACK
6
CONTINUOUS
10
62.3031369999999995
20
-160.288076999999987
11
62.251228999999995
21
-160.3227609999999856
0
LINE
8
BLACK
6
CONTINUOUS
10
62.251228999999995
20
-160.3227609999999856
11
62.1899999999999977
21
-160.3349399999999889
0
LINE
8
BLACK
6
CONTINUOUS
10
62.1899999999999977
20
-160.3349399999999889
11
61.8699999999999974
21
-160.3349399999999889
0
LINE
8
BLACK
6
CONTINUOUS
10
61.8699999999999974
20
-160.3349399999999889
11
61.8087710000000001
21
-160.3227609999999856
0
LINE
8
BLACK
6
CONTINUOUS
10
61.8087710000000001
20
-160.3227609999999856
11
61.7568629999999956
21
-160.288076999999987
0
LINE
8
BLACK
6
CONTINUOUS
10
61.7568629999999956
20
-160.288076999999987
11
61.722178999999997
21
-160.2361689999999896
0
LINE
8
BLACK
6
CONTINUOUS
10
61.722178999999997
20
-160.2361689999999896
11
61.7099999999999937
21
-160.1749399999999923
0
LINE
8
BLACK
6
CONTINUOUS
10
61.7099999999999937
20
-160.1749399999999923
11
61.7099999999999937
21
-159.6849399999999832
0
LINE
8
BLACK
6
CONTINUOUS
10
61.7099999999999937
20
-159.6849399999999832
11
61.722178999999997
21
-159.6237109999999859
0
LINE
8
BLACK
6
CONTINUOUS
10
61.722178999999997
20
-159.6237109999999859
11
61.7568629999999956
21
-159.5718029999999885
0
LINE
8
BLACK
6
CONTINUOUS
10
61.7568629999999956
20
-159.5718029999999885
11
61.8087710000000001
21
-159.5371189999999899
0
LINE
8
BLACK
6
CONTINUOUS
10
61.8087710000000001
20
-159.5371189999999899
11
61.8699999999999974
21
-159.5249399999999866
0
LINE
8
BLACK
6
CONTINUOUS
10
61.8699999999999974
20
-159.5249399999999866
11
62.1899999999999977
21
-159.5249399999999866
0
LINE
8
BLACK
6
CONTINUOUS
10
62.1899999999999977
20
-159.5249399999999866
11
62.251228999999995
21
-159.5371189999999899
0
LINE
8
BLACK
6
CONTINUOUS
10
63.0512289999999993
20
-159.5371189999999899
11
63.1031369999999967
21
-159.5718029999999885
0
LINE
8
BLACK
6
CONTINUOUS
10
63.1031369999999967
20
-159.5718029999999885
11
63.1378209999999953
21
-159.6237109999999859
0
LINE
8
BLACK
6
CONTINUOUS
10
63.1378209999999953
20
-159.6237109999999859
11
63.1499999999999986
21
-159.6849399999999832
0
LINE
8
BLACK
6
CONTINUOUS
10
63.1499999999999986
20
-159.6849399999999832
11
63.1499999999999986
21
-160.1749399999999923
0
LINE
8
BLACK
6
CONTINUOUS
10
63.1499999999999986
20
-160.1749399999999923
11
63.1378209999999953
21
-160.2361689999999896
0
LINE
8
BLACK
6
CONTINUOUS
10
63.1378209999999953
20
-160.2361689999999896
11
63.1031369999999967
21
-160.288076999999987
0
LINE
8
BLACK
6
CONTINUOUS
10
63.1031369999999967
20
-160.288076999999987
11
63.0512289999999993
21
-160.3227609999999856
0
LINE
8
BLACK
6
CONTINUOUS
10
63.0512289999999993
20
-160.3227609999999856
11
62.9899999999999949
21
-160.3349399999999889
0
LINE
8
BLACK
6
CONTINUOUS
10
62.9899999999999949
20
-160.3349399999999889
11
62.6699999999999946
21
-160.3349399999999889
0
LINE
8
BLACK
6
CONTINUOUS
10
62.6699999999999946
20
-160.3349399999999889
11
62.6087709999999973
21
-160.3227609999999856
0
LINE
8
BLACK
6
CONTINUOUS
10
62.6087709999999973
20
-160.3227609999999856
11
62.5568629999999999
21
-160.288076999999987
0
LINE
8
BLACK
6
CONTINUOUS
10
62.5568629999999999
20
-160.288076999999987
11
62.5221789999999942
21
-160.2361689999999896
0
LINE
8
BLACK
6
CONTINUOUS
10
62.5221789999999942
20
-160.2361689999999896
11
62.509999999999998
21
-160.1749399999999923
0
LINE
8
BLACK
6
CONTINUOUS
10
62.509999999999998
20
-160.1749399999999923
11
62.509999999999998
21
-159.6849399999999832
0
LINE
8
BLACK
6
CONTINUOUS
10
62.509999999999998
20
-159.6849399999999832
11
62.5221789999999942
21
-159.6237109999999859
0
LINE
8
BLACK
6
CONTINUOUS
10
62.5221789999999942
20
-159.6237109999999859
11
62.5568629999999999
21
-159.5718029999999885
0
LINE
8
BLACK
6
CONTINUOUS
10
62.5568629999999999
20
-159.5718029999999885
11
62.6087709999999973
21
-159.5371189999999899
0
LINE
8
BLACK
6
CONTINUOUS
10
62.6087709999999973
20
-159.5371189999999899
11
62.6699999999999946
21
-159.5249399999999866
0
LINE
8
BLACK
6
CONTINUOUS
10
62.6699999999999946
20
-159.5249399999999866
11
62.9899999999999949
21
-159.5249399999999866
0
LINE
8
BLACK
6
CONTINUOUS
10
62.9899999999999949
20
-159.5249399999999866
11
63.0512289999999993
21
-159.5371189999999899
0
LINE
8
BLACK
6
CONTINUOUS
10
81.4699999999999989
20
-160.2740000000000009
11
81.0900000000000034
21
-160.2740000000000009
0
LINE
8
BLACK
6
CONTINUOUS
10
81.0900000000000034
20
-160.2740000000000009
11
81.0900000000000034
21
-159.9359999999999786
0
LINE
8
BLACK
6
CONTINUOUS
10
81.0900000000000034
20
-159.9359999999999786
11
81.4699999999999989
21
-159.9359999999999786
0
LINE
8
BLACK
6
CONTINUOUS
10
81.4699999999999989
20
-159.9359999999999786
11
81.4699999999999989
21
-160.2740000000000009
0
LINE
8
BLACK
6
CONTINUOUS
10
64.3989770000000021
20
-159.6104310000000055
11
64.4338850000000036
21
-159.6337549999999794
0
LINE
8
BLACK
6
CONTINUOUS
10
64.4338850000000036
20
-159.6337549999999794
11
64.4572089999999918
21
-159.6686629999999809
0
LINE
8
BLACK
6
CONTINUOUS
10
64.4572089999999918
20
-159.6686629999999809
11
64.4654000000000025
21
-159.7098399999999856
0
LINE
8
BLACK
6
CONTINUOUS
10
64.4654000000000025
20
-159.7098399999999856
11
64.4654000000000025
21
-159.9250399999999956
0
LINE
8
BLACK
6
CONTINUOUS
10
64.4654000000000025
20
-159.9250399999999956
11
64.4572089999999918
21
-159.9662170000000003
0
LINE
8
BLACK
6
CONTINUOUS
10
64.4572089999999918
20
-159.9662170000000003
11
64.4338850000000036
21
-160.0011250000000018
0
LINE
8
BLACK
6
CONTINUOUS
10
64.4338850000000036
20
-160.0011250000000018
11
64.3989770000000021
21
-160.0244490000000042
0
LINE
8
BLACK
6
CONTINUOUS
10
64.3989770000000021
20
-160.0244490000000042
11
64.3577999999999975
21
-160.0326399999999865
0
LINE
8
BLACK
6
CONTINUOUS
10
64.3577999999999975
20
-160.0326399999999865
11
64.0921999999999912
21
-160.0326399999999865
0
LINE
8
BLACK
6
CONTINUOUS
10
64.0921999999999912
20
-160.0326399999999865
11
64.0510230000000007
21
-160.0244490000000042
0
LINE
8
BLACK
6
CONTINUOUS
10
64.0510230000000007
20
-160.0244490000000042
11
64.0161149999999992
21
-160.0011250000000018
0
LINE
8
BLACK
6
CONTINUOUS
10
64.0161149999999992
20
-160.0011250000000018
11
63.9927909999999969
21
-159.9662170000000003
0
LINE
8
BLACK
6
CONTINUOUS
10
63.9927909999999969
20
-159.9662170000000003
11
63.9846000000000004
21
-159.9250399999999956
0
LINE
8
BLACK
6
CONTINUOUS
10
63.9846000000000004
20
-159.9250399999999956
11
63.9846000000000004
21
-159.7098399999999856
0
LINE
8
BLACK
6
CONTINUOUS
10
63.9846000000000004
20
-159.7098399999999856
11
63.9927909999999969
21
-159.6686629999999809
0
LINE
8
BLACK
6
CONTINUOUS
10
63.9927909999999969
20
-159.6686629999999809
11
64.0161149999999992
21
-159.6337549999999794
0
LINE
8
BLACK
6
CONTINUOUS
10
64.0161149999999992
20
-159.6337549999999794
11
64.0510230000000007
21
-159.6104310000000055
0
LINE
8
BLACK
6
CONTINUOUS
10
64.0510230000000007
20
-159.6104310000000055
11
64.0921999999999912
21
-159.6022399999999948
0
LINE
8
BLACK
6
CONTINUOUS
10
64.0921999999999912
20
-159.6022399999999948
11
64.3577999999999975
21
-159.6022399999999948
0
LINE
8
BLACK
6
CONTINUOUS
10
64.3577999999999975
20
-159.6022399999999948
11
64.3989770000000021
21
-159.6104310000000055
0
LINE
8
BLACK
6
CONTINUOUS
10
73.5387769999999961
20
-159.1877910000000043
11
73.5736849999999976
21
-159.2111150000000066
0
LINE
8
BLACK
6
CONTINUOUS
10
73.5736849999999976
20
-159.2111150000000066
11
73.5970089999999999
21
-159.2460229999999797
0
LINE
8
BLACK
6
CONTINUOUS
10
73.5970089999999999
20
-159.2460229999999797
11
73.6051999999999964
21
-159.2871999999999844
0
LINE
8
BLACK
6
CONTINUOUS
10
73.6051999999999964
20
-159.2871999999999844
11
73.6051999999999964
21
-159.5527999999999906
0
LINE
8
BLACK
6
CONTINUOUS
10
73.6051999999999964
20
-159.5527999999999906
11
73.5970089999999999
21
-159.5939769999999953
0
LINE
8
BLACK
6
CONTINUOUS
10
73.5970089999999999
20
-159.5939769999999953
11
73.5736849999999976
21
-159.6288849999999968
0
LINE
8
BLACK
6
CONTINUOUS
10
73.5736849999999976
20
-159.6288849999999968
11
73.5387769999999961
21
-159.6522089999999992
0
LINE
8
BLACK
6
CONTINUOUS
10
73.5387769999999961
20
-159.6522089999999992
11
73.4975999999999914
21
-159.6603999999999814
0
LINE
8
BLACK
6
CONTINUOUS
10
73.4975999999999914
20
-159.6603999999999814
11
73.2823999999999955
21
-159.6603999999999814
0
LINE
8
BLACK
6
CONTINUOUS
10
73.2823999999999955
20
-159.6603999999999814
11
73.2412229999999909
21
-159.6522089999999992
0
LINE
8
BLACK
6
CONTINUOUS
10
73.2412229999999909
20
-159.6522089999999992
11
73.2063150000000036
21
-159.6288849999999968
0
LINE
8
BLACK
6
CONTINUOUS
10
73.2063150000000036
20
-159.6288849999999968
11
73.1829910000000012
21
-159.5939769999999953
0
LINE
8
BLACK
6
CONTINUOUS
10
73.1829910000000012
20
-159.5939769999999953
11
73.1747999999999905
21
-159.5527999999999906
0
LINE
8
BLACK
6
CONTINUOUS
10
73.1747999999999905
20
-159.5527999999999906
11
73.1747999999999905
21
-159.2871999999999844
0
LINE
8
BLACK
6
CONTINUOUS
10
73.1747999999999905
20
-159.2871999999999844
11
73.1829910000000012
21
-159.2460229999999797
0
LINE
8
BLACK
6
CONTINUOUS
10
73.1829910000000012
20
-159.2460229999999797
11
73.2063150000000036
21
-159.2111150000000066
0
LINE
8
BLACK
6
CONTINUOUS
10
73.2063150000000036
20
-159.2111150000000066
11
73.2412229999999909
21
-159.1877910000000043
0
LINE
8
BLACK
6
CONTINUOUS
10
73.2412229999999909
20
-159.1877910000000043
11
73.2823999999999955
21
-159.1795999999999935
0
LINE
8
BLACK
6
CONTINUOUS
10
73.2823999999999955
20
-159.1795999999999935
11
73.4975999999999914
21
-159.1795999999999935
0
LINE
8
BLACK
6
CONTINUOUS
10
73.4975999999999914
20
-159.1795999999999935
11
73.5387769999999961
21
-159.1877910000000043
0
LINE
8
BLACK
6
CONTINUOUS
10
74.4987769999999898
20
-159.1877910000000043
11
74.5336849999999913
21
-159.2111150000000066
0
LINE
8
BLACK
6
CONTINUOUS
10
74.5336849999999913
20
-159.2111150000000066
11
74.5570089999999936
21
-159.2460229999999797
0
LINE
8
BLACK
6
CONTINUOUS
10
74.5570089999999936
20
-159.2460229999999797
11
74.5651999999999902
21
-159.2871999999999844
0
LINE
8
BLACK
6
CONTINUOUS
10
74.5651999999999902
20
-159.2871999999999844
11
74.5651999999999902
21
-159.5527999999999906
0
LINE
8
BLACK
6
CONTINUOUS
10
74.5651999999999902
20
-159.5527999999999906
11
74.5570089999999936
21
-159.5939769999999953
0
LINE
8
BLACK
6
CONTINUOUS
10
74.5570089999999936
20
-159.5939769999999953
11
74.5336849999999913
21
-159.6288849999999968
0
LINE
8
BLACK
6
CONTINUOUS
10
74.5336849999999913
20
-159.6288849999999968
11
74.4987769999999898
21
-159.6522089999999992
0
LINE
8
BLACK
6
CONTINUOUS
10
74.4987769999999898
20
-159.6522089999999992
11
74.4575999999999993
21
-159.6603999999999814
0
LINE
8
BLACK
6
CONTINUOUS
10
74.4575999999999993
20
-159.6603999999999814
11
74.2424000000000035
21
-159.6603999999999814
0
LINE
8
BLACK
6
CONTINUOUS
10
74.2424000000000035
20
-159.6603999999999814
11
74.2012229999999988
21
-159.6522089999999992
0
LINE
8
BLACK
6
CONTINUOUS
10
74.2012229999999988
20
-159.6522089999999992
11
74.1663149999999973
21
-159.6288849999999968
0
LINE
8
BLACK
6
CONTINUOUS
10
74.1663149999999973
20
-159.6288849999999968
11
74.142990999999995
21
-159.5939769999999953
0
LINE
8
BLACK
6
CONTINUOUS
10
74.142990999999995
20
-159.5939769999999953
11
74.1347999999999985
21
-159.5527999999999906
0
LINE
8
BLACK
6
CONTINUOUS
10
74.1347999999999985
20
-159.5527999999999906
11
74.1347999999999985
21
-159.2871999999999844
0
LINE
8
BLACK
6
CONTINUOUS
10
74.1347999999999985
20
-159.2871999999999844
11
74.142990999999995
21
-159.2460229999999797
0
LINE
8
BLACK
6
CONTINUOUS
10
74.142990999999995
20
-159.2460229999999797
11
74.1663149999999973
21
-159.2111150000000066
0
LINE
8
BLACK
6
CONTINUOUS
10
74.1663149999999973
20
-159.2111150000000066
11
74.2012229999999988
21
-159.1877910000000043
0
LINE
8
BLACK
6
CONTINUOUS
10
74.2012229999999988
20
-159.1877910000000043
11
74.2424000000000035
21
-159.1795999999999935
0
LINE
8
BLACK
6
CONTINUOUS
10
74.2424000000000035
20
-159.1795999999999935
11
74.4575999999999993
21
-159.1795999999999935
0
LINE
8
BLACK
6
CONTINUOUS
10
74.4575999999999993
20
-159.1795999999999935
11
74.4987769999999898
21
-159.1877910000000043
0
LINE
8
BLACK
6
CONTINUOUS
10
78.5539770000000033
20
-159.2379909999999938
11
78.5888849999999906
21
-159.2613149999999962
0
LINE
8
BLACK
6
CONTINUOUS
10
78.5888849999999906
20
-159.2613149999999962
11
78.6122089999999929
21
-159.2962229999999977
0
LINE
8
BLACK
6
CONTINUOUS
10
78.6122089999999929
20
-159.2962229999999977
11
78.6203999999999894
21
-159.3374000000000024
0
LINE
8
BLACK
6
CONTINUOUS
10
78.6203999999999894
20
-159.3374000000000024
11
78.6203999999999894
21
-159.552599999999984
0
LINE
8
BLACK
6
CONTINUOUS
10
78.6203999999999894
20
-159.552599999999984
11
78.6122089999999929
21
-159.5937769999999887
0
LINE
8
BLACK
6
CONTINUOUS
10
78.6122089999999929
20
-159.5937769999999887
11
78.5888849999999906
21
-159.6286849999999902
0
LINE
8
BLACK
6
CONTINUOUS
10
78.5888849999999906
20
-159.6286849999999902
11
78.5539770000000033
21
-159.6520089999999925
0
LINE
8
BLACK
6
CONTINUOUS
10
78.5539770000000033
20
-159.6520089999999925
11
78.5127999999999986
21
-159.6602000000000032
0
LINE
8
BLACK
6
CONTINUOUS
10
78.5127999999999986
20
-159.6602000000000032
11
78.2471999999999923
21
-159.6602000000000032
0
LINE
8
BLACK
6
CONTINUOUS
10
78.2471999999999923
20
-159.6602000000000032
11
78.2060230000000018
21
-159.6520089999999925
0
LINE
8
BLACK
6
CONTINUOUS
10
78.2060230000000018
20
-159.6520089999999925
11
78.1711150000000004
21
-159.6286849999999902
0
LINE
8
BLACK
6
CONTINUOUS
10
78.1711150000000004
20
-159.6286849999999902
11
78.147790999999998
21
-159.5937769999999887
0
LINE
8
BLACK
6
CONTINUOUS
10
78.147790999999998
20
-159.5937769999999887
11
78.1396000000000015
21
-159.552599999999984
0
LINE
8
BLACK
6
CONTINUOUS
10
78.1396000000000015
20
-159.552599999999984
11
78.1396000000000015
21
-159.3374000000000024
0
LINE
8
BLACK
6
CONTINUOUS
10
78.1396000000000015
20
-159.3374000000000024
11
78.147790999999998
21
-159.2962229999999977
0
LINE
8
BLACK
6
CONTINUOUS
10
78.147790999999998
20
-159.2962229999999977
11
78.1711150000000004
21
-159.2613149999999962
0
LINE
8
BLACK
6
CONTINUOUS
10
78.1711150000000004
20
-159.2613149999999962
11
78.2060230000000018
21
-159.2379909999999938
0
LINE
8
BLACK
6
CONTINUOUS
10
78.2060230000000018
20
-159.2379909999999938
11
78.2471999999999923
21
-159.2297999999999831
0
LINE
8
BLACK
6
CONTINUOUS
10
78.2471999999999923
20
-159.2297999999999831
11
78.5127999999999986
21
-159.2297999999999831
0
LINE
8
BLACK
6
CONTINUOUS
10
78.5127999999999986
20
-159.2297999999999831
11
78.5539770000000033
21
-159.2379909999999938
0
LINE
8
BLACK
6
CONTINUOUS
10
71.6829689999999999
20
-159.079070999999999
11
71.7165150000000011
21
-159.1014849999999967
0
LINE
8
BLACK
6
CONTINUOUS
10
71.7165150000000011
20
-159.1014849999999967
11
71.7389289999999988
21
-159.1350309999999979
0
LINE
8
BLACK
6
CONTINUOUS
10
71.7389289999999988
20
-159.1350309999999979
11
71.7467999999999932
21
-159.1745999999999981
0
LINE
8
BLACK
6
CONTINUOUS
10
71.7467999999999932
20
-159.1745999999999981
11
71.7467999999999932
21
-159.4653999999999883
0
LINE
8
BLACK
6
CONTINUOUS
10
71.7467999999999932
20
-159.4653999999999883
11
71.7389289999999988
21
-159.5049689999999885
0
LINE
8
BLACK
6
CONTINUOUS
10
71.7389289999999988
20
-159.5049689999999885
11
71.7165150000000011
21
-159.5385149999999896
0
LINE
8
BLACK
6
CONTINUOUS
10
71.7165150000000011
20
-159.5385149999999896
11
71.6829689999999999
21
-159.5609289999999874
0
LINE
8
BLACK
6
CONTINUOUS
10
71.6829689999999999
20
-159.5609289999999874
11
71.6433999999999997
21
-159.5687999999999818
0
LINE
8
BLACK
6
CONTINUOUS
10
71.6433999999999997
20
-159.5687999999999818
11
71.4365999999999985
21
-159.5687999999999818
0
LINE
8
BLACK
6
CONTINUOUS
10
71.4365999999999985
20
-159.5687999999999818
11
71.3970309999999984
21
-159.5609289999999874
0
LINE
8
BLACK
6
CONTINUOUS
10
71.3970309999999984
20
-159.5609289999999874
11
71.3634849999999972
21
-159.5385149999999896
0
LINE
8
BLACK
6
CONTINUOUS
10
71.3634849999999972
20
-159.5385149999999896
11
71.3410709999999995
21
-159.5049689999999885
0
LINE
8
BLACK
6
CONTINUOUS
10
71.3410709999999995
20
-159.5049689999999885
11
71.3331999999999908
21
-159.4653999999999883
0
LINE
8
BLACK
6
CONTINUOUS
10
71.3331999999999908
20
-159.4653999999999883
11
71.3331999999999908
21
-159.1745999999999981
0
LINE
8
BLACK
6
CONTINUOUS
10
71.3331999999999908
20
-159.1745999999999981
11
71.3410709999999995
21
-159.1350309999999979
0
LINE
8
BLACK
6
CONTINUOUS
10
71.3410709999999995
20
-159.1350309999999979
11
71.3634849999999972
21
-159.1014849999999967
0
LINE
8
BLACK
6
CONTINUOUS
10
71.3634849999999972
20
-159.1014849999999967
11
71.3970309999999984
21
-159.079070999999999
0
LINE
8
BLACK
6
CONTINUOUS
10
71.3970309999999984
20
-159.079070999999999
11
71.4365999999999985
21
-159.0712000000000046
0
LINE
8
BLACK
6
CONTINUOUS
10
71.4365999999999985
20
-159.0712000000000046
11
71.6433999999999997
21
-159.0712000000000046
0
LINE
8
BLACK
6
CONTINUOUS
10
71.6433999999999997
20
-159.0712000000000046
11
71.6829689999999999
21
-159.079070999999999
0
LINE
8
BLACK
6
CONTINUOUS
10
72.702968999999996
20
-159.079070999999999
11
72.7365149999999971
21
-159.1014849999999967
0
LINE
8
BLACK
6
CONTINUOUS
10
72.7365149999999971
20
-159.1014849999999967
11
72.7589289999999949
21
-159.1350309999999979
0
LINE
8
BLACK
6
CONTINUOUS
10
72.7589289999999949
20
-159.1350309999999979
11
72.7668000000000035
21
-159.1745999999999981
0
LINE
8
BLACK
6
CONTINUOUS
10
72.7668000000000035
20
-159.1745999999999981
11
72.7668000000000035
21
-159.4653999999999883
0
LINE
8
BLACK
6
CONTINUOUS
10
72.7668000000000035
20
-159.4653999999999883
11
72.7589289999999949
21
-159.5049689999999885
0
LINE
8
BLACK
6
CONTINUOUS
10
72.7589289999999949
20
-159.5049689999999885
11
72.7365149999999971
21
-159.5385149999999896
0
LINE
8
BLACK
6
CONTINUOUS
10
72.7365149999999971
20
-159.5385149999999896
11
72.702968999999996
21
-159.5609289999999874
0
LINE
8
BLACK
6
CONTINUOUS
10
72.702968999999996
20
-159.5609289999999874
11
72.6633999999999958
21
-159.5687999999999818
0
LINE
8
BLACK
6
CONTINUOUS
10
72.6633999999999958
20
-159.5687999999999818
11
72.4565999999999946
21
-159.5687999999999818
0
LINE
8
BLACK
6
CONTINUOUS
10
72.4565999999999946
20
-159.5687999999999818
11
72.4170309999999944
21
-159.5609289999999874
0
LINE
8
BLACK
6
CONTINUOUS
10
72.4170309999999944
20
-159.5609289999999874
11
72.3834849999999932
21
-159.5385149999999896
0
LINE
8
BLACK
6
CONTINUOUS
10
72.3834849999999932
20
-159.5385149999999896
11
72.3610709999999955
21
-159.5049689999999885
0
LINE
8
BLACK
6
CONTINUOUS
10
72.3610709999999955
20
-159.5049689999999885
11
72.3532000000000011
21
-159.4653999999999883
0
LINE
8
BLACK
6
CONTINUOUS
10
72.3532000000000011
20
-159.4653999999999883
11
72.3532000000000011
21
-159.1745999999999981
0
LINE
8
BLACK
6
CONTINUOUS
10
72.3532000000000011
20
-159.1745999999999981
11
72.3610709999999955
21
-159.1350309999999979
0
LINE
8
BLACK
6
CONTINUOUS
10
72.3610709999999955
20
-159.1350309999999979
11
72.3834849999999932
21
-159.1014849999999967
0
LINE
8
BLACK
6
CONTINUOUS
10
72.3834849999999932
20
-159.1014849999999967
11
72.4170309999999944
21
-159.079070999999999
0
LINE
8
BLACK
6
CONTINUOUS
10
72.4170309999999944
20
-159.079070999999999
11
72.4565999999999946
21
-159.0712000000000046
0
LINE
8
BLACK
6
CONTINUOUS
10
72.4565999999999946
20
-159.0712000000000046
11
72.6633999999999958
21
-159.0712000000000046
0
LINE
8
BLACK
6
CONTINUOUS
10
72.6633999999999958
20
-159.0712000000000046
11
72.702968999999996
21
-159.079070999999999
0
LINE
8
BLACK
6
CONTINUOUS
10
76.9889999999999901
20
-159.478999999999985
11
76.6509999999999962
21
-159.478999999999985
0
LINE
8
BLACK
6
CONTINUOUS
10
76.6509999999999962
20
-159.478999999999985
11
76.6509999999999962
21
-159.1409999999999911
0
LINE
8
BLACK
6
CONTINUOUS
10
76.6509999999999962
20
-159.1409999999999911
11
76.9889999999999901
21
-159.1409999999999911
0
LINE
8
BLACK
6
CONTINUOUS
10
76.9889999999999901
20
-159.1409999999999911
11
76.9889999999999901
21
-159.478999999999985
0
LINE
8
BLACK
6
CONTINUOUS
10
77.8289999999999935
20
-159.478999999999985
11
77.4909999999999997
21
-159.478999999999985
0
LINE
8
BLACK
6
CONTINUOUS
10
77.4909999999999997
20
-159.478999999999985
11
77.4909999999999997
21
-159.1409999999999911
0
LINE
8
BLACK
6
CONTINUOUS
10
77.4909999999999997
20
-159.1409999999999911
11
77.8289999999999935
21
-159.1409999999999911
0
LINE
8
BLACK
6
CONTINUOUS
10
77.8289999999999935
20
-159.1409999999999911
11
77.8289999999999935
21
-159.478999999999985
0
LINE
8
BLACK
6
CONTINUOUS
10
61.8855590000000007
20
-158.9101729999999861
11
61.9078639999999965
21
-158.92507599999999
0
LINE
8
BLACK
6
CONTINUOUS
10
61.9078639999999965
20
-158.92507599999999
11
61.9227670000000003
21
-158.9473809999999787
0
LINE
8
BLACK
6
CONTINUOUS
10
61.9227670000000003
20
-158.9473809999999787
11
61.9279999999999973
21
-158.9736900000000048
0
LINE
8
BLACK
6
CONTINUOUS
10
61.9279999999999973
20
-158.9736900000000048
11
61.9279999999999973
21
-159.1111899999999935
0
LINE
8
BLACK
6
CONTINUOUS
10
61.9279999999999973
20
-159.1111899999999935
11
61.9227670000000003
21
-159.1374989999999912
0
LINE
8
BLACK
6
CONTINUOUS
10
61.9227670000000003
20
-159.1374989999999912
11
61.9078639999999965
21
-159.1598039999999799
0
LINE
8
BLACK
6
CONTINUOUS
10
61.9078639999999965
20
-159.1598039999999799
11
61.8855590000000007
21
-159.1747069999999837
0
LINE
8
BLACK
6
CONTINUOUS
10
61.8855590000000007
20
-159.1747069999999837
11
61.8592499999999959
21
-159.1799399999999878
0
LINE
8
BLACK
6
CONTINUOUS
10
61.8592499999999959
20
-159.1799399999999878
11
61.7007499999999993
21
-159.1799399999999878
0
LINE
8
BLACK
6
CONTINUOUS
10
61.7007499999999993
20
-159.1799399999999878
11
61.6744409999999945
21
-159.1747069999999837
0
LINE
8
BLACK
6
CONTINUOUS
10
61.6744409999999945
20
-159.1747069999999837
11
61.6521359999999987
21
-159.1598039999999799
0
LINE
8
BLACK
6
CONTINUOUS
10
61.6521359999999987
20
-159.1598039999999799
11
61.6372329999999948
21
-159.1374989999999912
0
LINE
8
BLACK
6
CONTINUOUS
10
61.6372329999999948
20
-159.1374989999999912
11
61.6319999999999979
21
-159.1111899999999935
0
LINE
8
BLACK
6
CONTINUOUS
10
61.6319999999999979
20
-159.1111899999999935
11
61.6319999999999979
21
-158.9736900000000048
0
LINE
8
BLACK
6
CONTINUOUS
10
61.6319999999999979
20
-158.9736900000000048
11
61.6372329999999948
21
-158.9473809999999787
0
LINE
8
BLACK
6
CONTINUOUS
10
61.6372329999999948
20
-158.9473809999999787
11
61.6521359999999987
21
-158.92507599999999
0
LINE
8
BLACK
6
CONTINUOUS
10
61.6521359999999987
20
-158.92507599999999
11
61.6744409999999945
21
-158.9101729999999861
0
LINE
8
BLACK
6
CONTINUOUS
10
61.6744409999999945
20
-158.9101729999999861
11
61.7007499999999993
21
-158.9049399999999821
0
LINE
8
BLACK
6
CONTINUOUS
10
61.7007499999999993
20
-158.9049399999999821
11
61.8592499999999959
21
-158.9049399999999821
0
LINE
8
BLACK
6
CONTINUOUS
10
61.8592499999999959
20
-158.9049399999999821
11
61.8855590000000007
21
-158.9101729999999861
0
LINE
8
BLACK
6
CONTINUOUS
10
62.5355589999999992
20
-158.9101729999999861
11
62.557863999999995
21
-158.92507599999999
0
LINE
8
BLACK
6
CONTINUOUS
10
62.557863999999995
20
-158.92507599999999
11
62.5727669999999989
21
-158.9473809999999787
0
LINE
8
BLACK
6
CONTINUOUS
10
62.5727669999999989
20
-158.9473809999999787
11
62.5779999999999959
21
-158.9736900000000048
0
LINE
8
BLACK
6
CONTINUOUS
10
62.5779999999999959
20
-158.9736900000000048
11
62.5779999999999959
21
-159.1111899999999935
0
LINE
8
BLACK
6
CONTINUOUS
10
62.5779999999999959
20
-159.1111899999999935
11
62.5727669999999989
21
-159.1374989999999912
0
LINE
8
BLACK
6
CONTINUOUS
10
62.5727669999999989
20
-159.1374989999999912
11
62.557863999999995
21
-159.1598039999999799
0
LINE
8
BLACK
6
CONTINUOUS
10
62.557863999999995
20
-159.1598039999999799
11
62.5355589999999992
21
-159.1747069999999837
0
LINE
8
BLACK
6
CONTINUOUS
10
62.5355589999999992
20
-159.1747069999999837
11
62.5092499999999944
21
-159.1799399999999878
0
LINE
8
BLACK
6
CONTINUOUS
10
62.5092499999999944
20
-159.1799399999999878
11
62.3507499999999979
21
-159.1799399999999878
0
LINE
8
BLACK
6
CONTINUOUS
10
62.3507499999999979
20
-159.1799399999999878
11
62.3244410000000002
21
-159.1747069999999837
0
LINE
8
BLACK
6
CONTINUOUS
10
62.3244410000000002
20
-159.1747069999999837
11
62.3021359999999973
21
-159.1598039999999799
0
LINE
8
BLACK
6
CONTINUOUS
10
62.3021359999999973
20
-159.1598039999999799
11
62.2872330000000005
21
-159.1374989999999912
0
LINE
8
BLACK
6
CONTINUOUS
10
62.2872330000000005
20
-159.1374989999999912
11
62.2819999999999965
21
-159.1111899999999935
0
LINE
8
BLACK
6
CONTINUOUS
10
62.2819999999999965
20
-159.1111899999999935
11
62.2819999999999965
21
-158.9736900000000048
0
LINE
8
BLACK
6
CONTINUOUS
10
62.2819999999999965
20
-158.9736900000000048
11
62.2872330000000005
21
-158.9473809999999787
0
LINE
8
BLACK
6
CONTINUOUS
10
62.2872330000000005
20
-158.9473809999999787
11
62.3021359999999973
21
-158.92507599999999
0
LINE
8
BLACK
6
CONTINUOUS
10
62.3021359999999973
20
-158.92507599999999
11
62.3244410000000002
21
-158.9101729999999861
0
LINE
8
BLACK
6
CONTINUOUS
10
62.3244410000000002
20
-158.9101729999999861
11
62.3507499999999979
21
-158.9049399999999821
0
LINE
8
BLACK
6
CONTINUOUS
10
62.3507499999999979
20
-158.9049399999999821
11
62.5092499999999944
21
-158.9049399999999821
0
LINE
8
BLACK
6
CONTINUOUS
10
62.5092499999999944
20
-158.9049399999999821
11
62.5355589999999992
21
-158.9101729999999861
0
LINE
8
BLACK
6
CONTINUOUS
10
63.1855589999999978
20
-158.9101729999999861
11
63.2078639999999936
21
-158.92507599999999
0
LINE
8
BLACK
6
CONTINUOUS
10
63.2078639999999936
20
-158.92507599999999
11
63.2227669999999975
21
-158.9473809999999787
0
LINE
8
BLACK
6
CONTINUOUS
10
63.2227669999999975
20
-158.9473809999999787
11
63.2279999999999944
21
-158.9736900000000048
0
LINE
8
BLACK
6
CONTINUOUS
10
63.2279999999999944
20
-158.9736900000000048
11
63.2279999999999944
21
-159.1111899999999935
0
LINE
8
BLACK
6
CONTINUOUS
10
63.2279999999999944
20
-159.1111899999999935
11
63.2227669999999975
21
-159.1374989999999912
0
LINE
8
BLACK
6
CONTINUOUS
10
63.2227669999999975
20
-159.1374989999999912
11
63.2078639999999936
21
-159.1598039999999799
0
LINE
8
BLACK
6
CONTINUOUS
10
63.2078639999999936
20
-159.1598039999999799
11
63.1855589999999978
21
-159.1747069999999837
0
LINE
8
BLACK
6
CONTINUOUS
10
63.1855589999999978
20
-159.1747069999999837
11
63.1592500000000001
21
-159.1799399999999878
0
LINE
8
BLACK
6
CONTINUOUS
10
63.1592500000000001
20
-159.1799399999999878
11
63.0007499999999965
21
-159.1799399999999878
0
LINE
8
BLACK
6
CONTINUOUS
10
63.0007499999999965
20
-159.1799399999999878
11
62.9744409999999988
21
-159.1747069999999837
0
LINE
8
BLACK
6
CONTINUOUS
10
62.9744409999999988
20
-159.1747069999999837
11
62.9521359999999959
21
-159.1598039999999799
0
LINE
8
BLACK
6
CONTINUOUS
10
62.9521359999999959
20
-159.1598039999999799
11
62.9372329999999991
21
-159.1374989999999912
0
LINE
8
BLACK
6
CONTINUOUS
10
62.9372329999999991
20
-159.1374989999999912
11
62.9319999999999951
21
-159.1111899999999935
0
LINE
8
BLACK
6
CONTINUOUS
10
62.9319999999999951
20
-159.1111899999999935
11
62.9319999999999951
21
-158.9736900000000048
0
LINE
8
BLACK
6
CONTINUOUS
10
62.9319999999999951
20
-158.9736900000000048
11
62.9372329999999991
21
-158.9473809999999787
0
LINE
8
BLACK
6
CONTINUOUS
10
62.9372329999999991
20
-158.9473809999999787
11
62.9521359999999959
21
-158.92507599999999
0
LINE
8
BLACK
6
CONTINUOUS
10
62.9521359999999959
20
-158.92507599999999
11
62.9744409999999988
21
-158.9101729999999861
0
LINE
8
BLACK
6
CONTINUOUS
10
62.9744409999999988
20
-158.9101729999999861
11
63.0007499999999965
21
-158.9049399999999821
0
LINE
8
BLACK
6
CONTINUOUS
10
63.0007499999999965
20
-158.9049399999999821
11
63.1592500000000001
21
-158.9049399999999821
0
LINE
8
BLACK
6
CONTINUOUS
10
63.1592500000000001
20
-158.9049399999999821
11
63.1855589999999978
21
-158.9101729999999861
0
LINE
8
BLACK
6
CONTINUOUS
10
64.3989770000000021
20
-158.6504309999999975
11
64.4338850000000036
21
-158.6737549999999999
0
LINE
8
BLACK
6
CONTINUOUS
10
64.4338850000000036
20
-158.6737549999999999
11
64.4572089999999918
21
-158.7086630000000014
0
LINE
8
BLACK
6
CONTINUOUS
10
64.4572089999999918
20
-158.7086630000000014
11
64.4654000000000025
21
-158.7498400000000061
0
LINE
8
BLACK
6
CONTINUOUS
10
64.4654000000000025
20
-158.7498400000000061
11
64.4654000000000025
21
-158.9650399999999877
0
LINE
8
BLACK
6
CONTINUOUS
10
64.4654000000000025
20
-158.9650399999999877
11
64.4572089999999918
21
-159.0062169999999924
0
LINE
8
BLACK
6
CONTINUOUS
10
64.4572089999999918
20
-159.0062169999999924
11
64.4338850000000036
21
-159.0411249999999939
0
LINE
8
BLACK
6
CONTINUOUS
10
64.4338850000000036
20
-159.0411249999999939
11
64.3989770000000021
21
-159.0644489999999962
0
LINE
8
BLACK
6
CONTINUOUS
10
64.3989770000000021
20
-159.0644489999999962
11
64.3577999999999975
21
-159.0726400000000069
0
LINE
8
BLACK
6
CONTINUOUS
10
64.3577999999999975
20
-159.0726400000000069
11
64.0921999999999912
21
-159.0726400000000069
0
LINE
8
BLACK
6
CONTINUOUS
10
64.0921999999999912
20
-159.0726400000000069
11
64.0510230000000007
21
-159.0644489999999962
0
LINE
8
BLACK
6
CONTINUOUS
10
64.0510230000000007
20
-159.0644489999999962
11
64.0161149999999992
21
-159.0411249999999939
0
LINE
8
BLACK
6
CONTINUOUS
10
64.0161149999999992
20
-159.0411249999999939
11
63.9927909999999969
21
-159.0062169999999924
0
LINE
8
BLACK
6
CONTINUOUS
10
63.9927909999999969
20
-159.0062169999999924
11
63.9846000000000004
21
-158.9650399999999877
0
LINE
8
BLACK
6
CONTINUOUS
10
63.9846000000000004
20
-158.9650399999999877
11
63.9846000000000004
21
-158.7498400000000061
0
LINE
8
BLACK
6
CONTINUOUS
10
63.9846000000000004
20
-158.7498400000000061
11
63.9927909999999969
21
-158.7086630000000014
0
LINE
8
BLACK
6
CONTINUOUS
10
63.9927909999999969
20
-158.7086630000000014
11
64.0161149999999992
21
-158.6737549999999999
0
LINE
8
BLACK
6
CONTINUOUS
10
64.0161149999999992
20
-158.6737549999999999
11
64.0510230000000007
21
-158.6504309999999975
0
LINE
8
BLACK
6
CONTINUOUS
10
64.0510230000000007
20
-158.6504309999999975
11
64.0921999999999912
21
-158.6422399999999868
0
LINE
8
BLACK
6
CONTINUOUS
10
64.0921999999999912
20
-158.6422399999999868
11
64.3577999999999975
21
-158.6422399999999868
0
LINE
8
BLACK
6
CONTINUOUS
10
64.3577999999999975
20
-158.6422399999999868
11
64.3989770000000021
21
-158.6504309999999975
0
LINE
8
BLACK
6
CONTINUOUS
10
73.5129689999999982
20
-158.3990709999999922
11
73.5465149999999994
21
-158.4214849999999899
0
LINE
8
BLACK
6
CONTINUOUS
10
73.5465149999999994
20
-158.4214849999999899
11
73.5689289999999971
21
-158.4550309999999911
0
LINE
8
BLACK
6
CONTINUOUS
10
73.5689289999999971
20
-158.4550309999999911
11
73.5767999999999915
21
-158.4945999999999913
0
LINE
8
BLACK
6
CONTINUOUS
10
73.5767999999999915
20
-158.4945999999999913
11
73.5767999999999915
21
-158.7853999999999814
0
LINE
8
BLACK
6
CONTINUOUS
10
73.5767999999999915
20
-158.7853999999999814
11
73.5689289999999971
21
-158.8249689999999816
0
LINE
8
BLACK
6
CONTINUOUS
10
73.5689289999999971
20
-158.8249689999999816
11
73.5465149999999994
21
-158.8585149999999828
0
LINE
8
BLACK
6
CONTINUOUS
10
73.5465149999999994
20
-158.8585149999999828
11
73.5129689999999982
21
-158.8809289999999805
0
LINE
8
BLACK
6
CONTINUOUS
10
73.5129689999999982
20
-158.8809289999999805
11
73.473399999999998
21
-158.8888000000000034
0
LINE
8
BLACK
6
CONTINUOUS
10
73.473399999999998
20
-158.8888000000000034
11
73.2665999999999968
21
-158.8888000000000034
0
LINE
8
BLACK
6
CONTINUOUS
10
73.2665999999999968
20
-158.8888000000000034
11
73.2270309999999967
21
-158.8809289999999805
0
LINE
8
BLACK
6
CONTINUOUS
10
73.2270309999999967
20
-158.8809289999999805
11
73.1934849999999955
21
-158.8585149999999828
0
LINE
8
BLACK
6
CONTINUOUS
10
73.1934849999999955
20
-158.8585149999999828
11
73.1710709999999978
21
-158.8249689999999816
0
LINE
8
BLACK
6
CONTINUOUS
10
73.1710709999999978
20
-158.8249689999999816
11
73.1632000000000033
21
-158.7853999999999814
0
LINE
8
BLACK
6
CONTINUOUS
10
73.1632000000000033
20
-158.7853999999999814
11
73.1632000000000033
21
-158.4945999999999913
0
LINE
8
BLACK
6
CONTINUOUS
10
73.1632000000000033
20
-158.4945999999999913
11
73.1710709999999978
21
-158.4550309999999911
0
LINE
8
BLACK
6
CONTINUOUS
10
73.1710709999999978
20
-158.4550309999999911
11
73.1934849999999955
21
-158.4214849999999899
0
LINE
8
BLACK
6
CONTINUOUS
10
73.1934849999999955
20
-158.4214849999999899
11
73.2270309999999967
21
-158.3990709999999922
0
LINE
8
BLACK
6
CONTINUOUS
10
73.2270309999999967
20
-158.3990709999999922
11
73.2665999999999968
21
-158.3911999999999978
0
LINE
8
BLACK
6
CONTINUOUS
10
73.2665999999999968
20
-158.3911999999999978
11
73.473399999999998
21
-158.3911999999999978
0
LINE
8
BLACK
6
CONTINUOUS
10
73.473399999999998
20
-158.3911999999999978
11
73.5129689999999982
21
-158.3990709999999922
0
LINE
8
BLACK
6
CONTINUOUS
10
74.5329689999999943
20
-158.3990709999999922
11
74.5665149999999954
21
-158.4214849999999899
0
LINE
8
BLACK
6
CONTINUOUS
10
74.5665149999999954
20
-158.4214849999999899
11
74.5889289999999932
21
-158.4550309999999911
0
LINE
8
BLACK
6
CONTINUOUS
10
74.5889289999999932
20
-158.4550309999999911
11
74.5968000000000018
21
-158.4945999999999913
0
LINE
8
BLACK
6
CONTINUOUS
10
74.5968000000000018
20
-158.4945999999999913
11
74.5968000000000018
21
-158.7853999999999814
0
LINE
8
BLACK
6
CONTINUOUS
10
74.5968000000000018
20
-158.7853999999999814
11
74.5889289999999932
21
-158.8249689999999816
0
LINE
8
BLACK
6
CONTINUOUS
10
74.5889289999999932
20
-158.8249689999999816
11
74.5665149999999954
21
-158.8585149999999828
0
LINE
8
BLACK
6
CONTINUOUS
10
74.5665149999999954
20
-158.8585149999999828
11
74.5329689999999943
21
-158.8809289999999805
0
LINE
8
BLACK
6
CONTINUOUS
10
74.5329689999999943
20
-158.8809289999999805
11
74.4933999999999941
21
-158.8888000000000034
0
LINE
8
BLACK
6
CONTINUOUS
10
74.4933999999999941
20
-158.8888000000000034
11
74.2865999999999929
21
-158.8888000000000034
0
LINE
8
BLACK
6
CONTINUOUS
10
74.2865999999999929
20
-158.8888000000000034
11
74.2470309999999927
21
-158.8809289999999805
0
LINE
8
BLACK
6
CONTINUOUS
10
74.2470309999999927
20
-158.8809289999999805
11
74.2134849999999915
21
-158.8585149999999828
0
LINE
8
BLACK
6
CONTINUOUS
10
74.2134849999999915
20
-158.8585149999999828
11
74.1910709999999938
21
-158.8249689999999816
0
LINE
8
BLACK
6
CONTINUOUS
10
74.1910709999999938
20
-158.8249689999999816
11
74.1831999999999994
21
-158.7853999999999814
0
LINE
8
BLACK
6
CONTINUOUS
10
74.1831999999999994
20
-158.7853999999999814
11
74.1831999999999994
21
-158.4945999999999913
0
LINE
8
BLACK
6
CONTINUOUS
10
74.1831999999999994
20
-158.4945999999999913
11
74.1910709999999938
21
-158.4550309999999911
0
LINE
8
BLACK
6
CONTINUOUS
10
74.1910709999999938
20
-158.4550309999999911
11
74.2134849999999915
21
-158.4214849999999899
0
LINE
8
BLACK
6
CONTINUOUS
10
74.2134849999999915
20
-158.4214849999999899
11
74.2470309999999927
21
-158.3990709999999922
0
LINE
8
BLACK
6
CONTINUOUS
10
74.2470309999999927
20
-158.3990709999999922
11
74.2865999999999929
21
-158.3911999999999978
0
LINE
8
BLACK
6
CONTINUOUS
10
74.2865999999999929
20
-158.3911999999999978
11
74.4933999999999941
21
-158.3911999999999978
0
LINE
8
BLACK
6
CONTINUOUS
10
74.4933999999999941
20
-158.3911999999999978
11
74.5329689999999943
21
-158.3990709999999922
0
LINE
8
BLACK
6
CONTINUOUS
10
71.6739999999999924
20
-158.7119999999999891
11
71.5459999999999923
21
-158.7119999999999891
0
LINE
8
BLACK
6
CONTINUOUS
10
71.5459999999999923
20
-158.7119999999999891
11
71.5459999999999923
21
-158.2479999999999905
0
LINE
8
BLACK
6
CONTINUOUS
10
71.5459999999999923
20
-158.2479999999999905
11
71.6739999999999924
21
-158.2479999999999905
0
LINE
8
BLACK
6
CONTINUOUS
10
71.6739999999999924
20
-158.2479999999999905
11
71.6739999999999924
21
-158.7119999999999891
0
LINE
8
BLACK
6
CONTINUOUS
10
72.0739999999999981
20
-158.7119999999999891
11
71.945999999999998
21
-158.7119999999999891
0
LINE
8
BLACK
6
CONTINUOUS
10
71.945999999999998
20
-158.7119999999999891
11
71.945999999999998
21
-158.2479999999999905
0
LINE
8
BLACK
6
CONTINUOUS
10
71.945999999999998
20
-158.2479999999999905
11
72.0739999999999981
21
-158.2479999999999905
0
LINE
8
BLACK
6
CONTINUOUS
10
72.0739999999999981
20
-158.2479999999999905
11
72.0739999999999981
21
-158.7119999999999891
0
LINE
8
BLACK
6
CONTINUOUS
10
72.4740000000000038
20
-158.7119999999999891
11
72.3460000000000036
21
-158.7119999999999891
0
LINE
8
BLACK
6
CONTINUOUS
10
72.3460000000000036
20
-158.7119999999999891
11
72.3460000000000036
21
-158.2479999999999905
0
LINE
8
BLACK
6
CONTINUOUS
10
72.3460000000000036
20
-158.2479999999999905
11
72.4740000000000038
21
-158.2479999999999905
0
LINE
8
BLACK
6
CONTINUOUS
10
72.4740000000000038
20
-158.2479999999999905
11
72.4740000000000038
21
-158.7119999999999891
0
LINE
8
BLACK
6
CONTINUOUS
10
78.5539770000000033
20
-158.2779909999999859
11
78.5888849999999906
21
-158.3013149999999882
0
LINE
8
BLACK
6
CONTINUOUS
10
78.5888849999999906
20
-158.3013149999999882
11
78.6122089999999929
21
-158.3362229999999897
0
LINE
8
BLACK
6
CONTINUOUS
10
78.6122089999999929
20
-158.3362229999999897
11
78.6203999999999894
21
-158.3773999999999944
0
LINE
8
BLACK
6
CONTINUOUS
10
78.6203999999999894
20
-158.3773999999999944
11
78.6203999999999894
21
-158.5926000000000045
0
LINE
8
BLACK
6
CONTINUOUS
10
78.6203999999999894
20
-158.5926000000000045
11
78.6122089999999929
21
-158.6337769999999807
0
LINE
8
BLACK
6
CONTINUOUS
10
78.6122089999999929
20
-158.6337769999999807
11
78.5888849999999906
21
-158.6686849999999822
0
LINE
8
BLACK
6
CONTINUOUS
10
78.5888849999999906
20
-158.6686849999999822
11
78.5539770000000033
21
-158.6920089999999846
0
LINE
8
BLACK
6
CONTINUOUS
10
78.5539770000000033
20
-158.6920089999999846
11
78.5127999999999986
21
-158.7001999999999953
0
LINE
8
BLACK
6
CONTINUOUS
10
78.5127999999999986
20
-158.7001999999999953
11
78.2471999999999923
21
-158.7001999999999953
0
LINE
8
BLACK
6
CONTINUOUS
10
78.2471999999999923
20
-158.7001999999999953
11
78.2060230000000018
21
-158.6920089999999846
0
LINE
8
BLACK
6
CONTINUOUS
10
78.2060230000000018
20
-158.6920089999999846
11
78.1711150000000004
21
-158.6686849999999822
0
LINE
8
BLACK
6
CONTINUOUS
10
78.1711150000000004
20
-158.6686849999999822
11
78.147790999999998
21
-158.6337769999999807
0
LINE
8
BLACK
6
CONTINUOUS
10
78.147790999999998
20
-158.6337769999999807
11
78.1396000000000015
21
-158.5926000000000045
0
LINE
8
BLACK
6
CONTINUOUS
10
78.1396000000000015
20
-158.5926000000000045
11
78.1396000000000015
21
-158.3773999999999944
0
LINE
8
BLACK
6
CONTINUOUS
10
78.1396000000000015
20
-158.3773999999999944
11
78.147790999999998
21
-158.3362229999999897
0
LINE
8
BLACK
6
CONTINUOUS
10
78.147790999999998
20
-158.3362229999999897
11
78.1711150000000004
21
-158.3013149999999882
0
LINE
8
BLACK
6
CONTINUOUS
10
78.1711150000000004
20
-158.3013149999999882
11
78.2060230000000018
21
-158.2779909999999859
0
LINE
8
BLACK
6
CONTINUOUS
10
78.2060230000000018
20
-158.2779909999999859
11
78.2471999999999923
21
-158.2698000000000036
0
LINE
8
BLACK
6
CONTINUOUS
10
78.2471999999999923
20
-158.2698000000000036
11
78.5127999999999986
21
-158.2698000000000036
0
LINE
8
BLACK
6
CONTINUOUS
10
78.5127999999999986
20
-158.2698000000000036
11
78.5539770000000033
21
-158.2779909999999859
0
LINE
8
BLACK
6
CONTINUOUS
10
76.9889999999999901
20
-158.6389999999999816
11
76.6509999999999962
21
-158.6389999999999816
0
LINE
8
BLACK
6
CONTINUOUS
10
76.6509999999999962
20
-158.6389999999999816
11
76.6509999999999962
21
-158.3009999999999877
0
LINE
8
BLACK
6
CONTINUOUS
10
76.6509999999999962
20
-158.3009999999999877
11
76.9889999999999901
21
-158.3009999999999877
0
LINE
8
BLACK
6
CONTINUOUS
10
76.9889999999999901
20
-158.3009999999999877
11
76.9889999999999901
21
-158.6389999999999816
0
LINE
8
BLACK
6
CONTINUOUS
10
77.8289999999999935
20
-158.6389999999999816
11
77.4909999999999997
21
-158.6389999999999816
0
LINE
8
BLACK
6
CONTINUOUS
10
77.4909999999999997
20
-158.6389999999999816
11
77.4909999999999997
21
-158.3009999999999877
0
LINE
8
BLACK
6
CONTINUOUS
10
77.4909999999999997
20
-158.3009999999999877
11
77.8289999999999935
21
-158.3009999999999877
0
LINE
8
BLACK
6
CONTINUOUS
10
77.8289999999999935
20
-158.3009999999999877
11
77.8289999999999935
21
-158.6389999999999816
0
LINE
8
BLACK
6
CONTINUOUS
10
69.8387769999999932
20
-157.9477909999999952
11
69.8736849999999947
21
-157.9711149999999975
0
LINE
8
BLACK
6
CONTINUOUS
10
69.8736849999999947
20
-157.9711149999999975
11
69.8970089999999971
21
-158.006022999999999
0
LINE
8
BLACK
6
CONTINUOUS
10
69.8970089999999971
20
-158.006022999999999
11
69.9051999999999936
21
-158.0472000000000037
0
LINE
8
BLACK
6
CONTINUOUS
10
69.9051999999999936
20
-158.0472000000000037
11
69.9051999999999936
21
-158.3127999999999815
0
LINE
8
BLACK
6
CONTINUOUS
10
69.9051999999999936
20
-158.3127999999999815
11
69.8970089999999971
21
-158.3539769999999862
0
LINE
8
BLACK
6
CONTINUOUS
10
69.8970089999999971
20
-158.3539769999999862
11
69.8736849999999947
21
-158.3888849999999877
0
LINE
8
BLACK
6
CONTINUOUS
10
69.8736849999999947
20
-158.3888849999999877
11
69.8387769999999932
21
-158.4122089999999901
0
LINE
8
BLACK
6
CONTINUOUS
10
69.8387769999999932
20
-158.4122089999999901
11
69.7976000000000028
21
-158.4204000000000008
0
LINE
8
BLACK
6
CONTINUOUS
10
69.7976000000000028
20
-158.4204000000000008
11
69.5823999999999927
21
-158.4204000000000008
0
LINE
8
BLACK
6
CONTINUOUS
10
69.5823999999999927
20
-158.4204000000000008
11
69.5412230000000022
21
-158.4122089999999901
0
LINE
8
BLACK
6
CONTINUOUS
10
69.5412230000000022
20
-158.4122089999999901
11
69.5063150000000007
21
-158.3888849999999877
0
LINE
8
BLACK
6
CONTINUOUS
10
69.5063150000000007
20
-158.3888849999999877
11
69.4829909999999984
21
-158.3539769999999862
0
LINE
8
BLACK
6
CONTINUOUS
10
69.4829909999999984
20
-158.3539769999999862
11
69.4748000000000019
21
-158.3127999999999815
0
LINE
8
BLACK
6
CONTINUOUS
10
69.4748000000000019
20
-158.3127999999999815
11
69.4748000000000019
21
-158.0472000000000037
0
LINE
8
BLACK
6
CONTINUOUS
10
69.4748000000000019
20
-158.0472000000000037
11
69.4829909999999984
21
-158.006022999999999
0
LINE
8
BLACK
6
CONTINUOUS
10
69.4829909999999984
20
-158.006022999999999
11
69.5063150000000007
21
-157.9711149999999975
0
LINE
8
BLACK
6
CONTINUOUS
10
69.5063150000000007
20
-157.9711149999999975
11
69.5412230000000022
21
-157.9477909999999952
0
LINE
8
BLACK
6
CONTINUOUS
10
69.5412230000000022
20
-157.9477909999999952
11
69.5823999999999927
21
-157.9395999999999844
0
LINE
8
BLACK
6
CONTINUOUS
10
69.5823999999999927
20
-157.9395999999999844
11
69.7976000000000028
21
-157.9395999999999844
0
LINE
8
BLACK
6
CONTINUOUS
10
69.7976000000000028
20
-157.9395999999999844
11
69.8387769999999932
21
-157.9477909999999952
0
LINE
8
BLACK
6
CONTINUOUS
10
70.7987770000000012
20
-157.9477909999999952
11
70.8336850000000027
21
-157.9711149999999975
0
LINE
8
BLACK
6
CONTINUOUS
10
70.8336850000000027
20
-157.9711149999999975
11
70.8570089999999908
21
-158.006022999999999
0
LINE
8
BLACK
6
CONTINUOUS
10
70.8570089999999908
20
-158.006022999999999
11
70.8652000000000015
21
-158.0472000000000037
0
LINE
8
BLACK
6
CONTINUOUS
10
70.8652000000000015
20
-158.0472000000000037
11
70.8652000000000015
21
-158.3127999999999815
0
LINE
8
BLACK
6
CONTINUOUS
10
70.8652000000000015
20
-158.3127999999999815
11
70.8570089999999908
21
-158.3539769999999862
0
LINE
8
BLACK
6
CONTINUOUS
10
70.8570089999999908
20
-158.3539769999999862
11
70.8336850000000027
21
-158.3888849999999877
0
LINE
8
BLACK
6
CONTINUOUS
10
70.8336850000000027
20
-158.3888849999999877
11
70.7987770000000012
21
-158.4122089999999901
0
LINE
8
BLACK
6
CONTINUOUS
10
70.7987770000000012
20
-158.4122089999999901
11
70.7575999999999965
21
-158.4204000000000008
0
LINE
8
BLACK
6
CONTINUOUS
10
70.7575999999999965
20
-158.4204000000000008
11
70.5424000000000007
21
-158.4204000000000008
0
LINE
8
BLACK
6
CONTINUOUS
10
70.5424000000000007
20
-158.4204000000000008
11
70.501222999999996
21
-158.4122089999999901
0
LINE
8
BLACK
6
CONTINUOUS
10
70.501222999999996
20
-158.4122089999999901
11
70.4663149999999945
21
-158.3888849999999877
0
LINE
8
BLACK
6
CONTINUOUS
10
70.4663149999999945
20
-158.3888849999999877
11
70.4429909999999921
21
-158.3539769999999862
0
LINE
8
BLACK
6
CONTINUOUS
10
70.4429909999999921
20
-158.3539769999999862
11
70.4347999999999956
21
-158.3127999999999815
0
LINE
8
BLACK
6
CONTINUOUS
10
70.4347999999999956
20
-158.3127999999999815
11
70.4347999999999956
21
-158.0472000000000037
0
LINE
8
BLACK
6
CONTINUOUS
10
70.4347999999999956
20
-158.0472000000000037
11
70.4429909999999921
21
-158.006022999999999
0
LINE
8
BLACK
6
CONTINUOUS
10
70.4429909999999921
20
-158.006022999999999
11
70.4663149999999945
21
-157.9711149999999975
0
LINE
8
BLACK
6
CONTINUOUS
10
70.4663149999999945
20
-157.9711149999999975
11
70.501222999999996
21
-157.9477909999999952
0
LINE
8
BLACK
6
CONTINUOUS
10
70.501222999999996
20
-157.9477909999999952
11
70.5424000000000007
21
-157.9395999999999844
0
LINE
8
BLACK
6
CONTINUOUS
10
70.5424000000000007
20
-157.9395999999999844
11
70.7575999999999965
21
-157.9395999999999844
0
LINE
8
BLACK
6
CONTINUOUS
10
70.7575999999999965
20
-157.9395999999999844
11
70.7987770000000012
21
-157.9477909999999952
0
LINE
8
BLACK
6
CONTINUOUS
10
54.7289770000000004
20
-157.7929910000000007
11
54.7638849999999948
21
-157.816315000000003
0
LINE
8
BLACK
6
CONTINUOUS
10
54.7638849999999948
20
-157.816315000000003
11
54.7872089999999972
21
-157.8512230000000045
0
LINE
8
BLACK
6
CONTINUOUS
10
54.7872089999999972
20
-157.8512230000000045
11
54.7954000000000008
21
-157.8923999999999808
0
LINE
8
BLACK
6
CONTINUOUS
10
54.7954000000000008
20
-157.8923999999999808
11
54.7954000000000008
21
-158.1075999999999908
0
LINE
8
BLACK
6
CONTINUOUS
10
54.7954000000000008
20
-158.1075999999999908
11
54.7872089999999972
21
-158.1487769999999955
0
LINE
8
BLACK
6
CONTINUOUS
10
54.7872089999999972
20
-158.1487769999999955
11
54.7638849999999948
21
-158.183684999999997
0
LINE
8
BLACK
6
CONTINUOUS
10
54.7638849999999948
20
-158.183684999999997
11
54.7289770000000004
21
-158.2070089999999993
0
LINE
8
BLACK
6
CONTINUOUS
10
54.7289770000000004
20
-158.2070089999999993
11
54.6877999999999957
21
-158.2151999999999816
0
LINE
8
BLACK
6
CONTINUOUS
10
54.6877999999999957
20
-158.2151999999999816
11
54.4221999999999966
21
-158.2151999999999816
0
LINE
8
BLACK
6
CONTINUOUS
10
54.4221999999999966
20
-158.2151999999999816
11
54.381022999999999
21
-158.2070089999999993
0
LINE
8
BLACK
6
CONTINUOUS
10
54.381022999999999
20
-158.2070089999999993
11
54.3461149999999975
21
-158.183684999999997
0
LINE
8
BLACK
6
CONTINUOUS
10
54.3461149999999975
20
-158.183684999999997
11
54.3227909999999952
21
-158.1487769999999955
0
LINE
8
BLACK
6
CONTINUOUS
10
54.3227909999999952
20
-158.1487769999999955
11
54.3145999999999987
21
-158.1075999999999908
0
LINE
8
BLACK
6
CONTINUOUS
10
54.3145999999999987
20
-158.1075999999999908
11
54.3145999999999987
21
-157.8923999999999808
0
LINE
8
BLACK
6
CONTINUOUS
10
54.3145999999999987
20
-157.8923999999999808
11
54.3227909999999952
21
-157.8512230000000045
0
LINE
8
BLACK
6
CONTINUOUS
10
54.3227909999999952
20
-157.8512230000000045
11
54.3461149999999975
21
-157.816315000000003
0
LINE
8
BLACK
6
CONTINUOUS
10
54.3461149999999975
20
-157.816315000000003
11
54.381022999999999
21
-157.7929910000000007
0
LINE
8
BLACK
6
CONTINUOUS
10
54.381022999999999
20
-157.7929910000000007
11
54.4221999999999966
21
-157.78479999999999
0
LINE
8
BLACK
6
CONTINUOUS
10
54.4221999999999966
20
-157.78479999999999
11
54.6877999999999957
21
-157.78479999999999
0
LINE
8
BLACK
6
CONTINUOUS
10
54.6877999999999957
20
-157.78479999999999
11
54.7289770000000004
21
-157.7929910000000007
0
LINE
8
BLACK
6
CONTINUOUS
10
73.597999999999999
20
-158.0739999999999839
11
73.3019999999999925
21
-158.0739999999999839
0
LINE
8
BLACK
6
CONTINUOUS
10
73.3019999999999925
20
-158.0739999999999839
11
73.3019999999999925
21
-157.525999999999982
0
LINE
8
BLACK
6
CONTINUOUS
10
73.3019999999999925
20
-157.525999999999982
11
73.597999999999999
21
-157.525999999999982
0
LINE
8
BLACK
6
CONTINUOUS
10
73.597999999999999
20
-157.525999999999982
11
73.597999999999999
21
-158.0739999999999839
0
LINE
8
BLACK
6
CONTINUOUS
10
74.2980000000000018
20
-158.0739999999999839
11
74.0019999999999953
21
-158.0739999999999839
0
LINE
8
BLACK
6
CONTINUOUS
10
74.0019999999999953
20
-158.0739999999999839
11
74.0019999999999953
21
-157.525999999999982
0
LINE
8
BLACK
6
CONTINUOUS
10
74.0019999999999953
20
-157.525999999999982
11
74.2980000000000018
21
-157.525999999999982
0
LINE
8
BLACK
6
CONTINUOUS
10
74.2980000000000018
20
-157.525999999999982
11
74.2980000000000018
21
-158.0739999999999839
0
LINE
8
BLACK
6
CONTINUOUS
10
71.7339999999999947
20
-157.9439999999999884
11
71.1859999999999928
21
-157.9439999999999884
0
LINE
8
BLACK
6
CONTINUOUS
10
71.1859999999999928
20
-157.9439999999999884
11
71.1859999999999928
21
-157.8160000000000025
0
LINE
8
BLACK
6
CONTINUOUS
10
71.1859999999999928
20
-157.8160000000000025
11
71.7339999999999947
21
-157.8160000000000025
0
LINE
8
BLACK
6
CONTINUOUS
10
71.7339999999999947
20
-157.8160000000000025
11
71.7339999999999947
21
-157.9439999999999884
0
LINE
8
BLACK
6
CONTINUOUS
10
72.8419999999999987
20
-157.9439999999999884
11
72.3780000000000001
21
-157.9439999999999884
0
LINE
8
BLACK
6
CONTINUOUS
10
72.3780000000000001
20
-157.9439999999999884
11
72.3780000000000001
21
-157.8160000000000025
0
LINE
8
BLACK
6
CONTINUOUS
10
72.3780000000000001
20
-157.8160000000000025
11
72.8419999999999987
21
-157.8160000000000025
0
LINE
8
BLACK
6
CONTINUOUS
10
72.8419999999999987
20
-157.8160000000000025
11
72.8419999999999987
21
-157.9439999999999884
0
LINE
8
BLACK
6
CONTINUOUS
10
69.8287770000000023
20
-157.1077909999999918
11
69.8636850000000038
21
-157.1311149999999941
0
LINE
8
BLACK
6
CONTINUOUS
10
69.8636850000000038
20
-157.1311149999999941
11
69.8870089999999919
21
-157.1660229999999956
0
LINE
8
BLACK
6
CONTINUOUS
10
69.8870089999999919
20
-157.1660229999999956
11
69.8952000000000027
21
-157.2072000000000003
0
LINE
8
BLACK
6
CONTINUOUS
10
69.8952000000000027
20
-157.2072000000000003
11
69.8952000000000027
21
-157.4728000000000065
0
LINE
8
BLACK
6
CONTINUOUS
10
69.8952000000000027
20
-157.4728000000000065
11
69.8870089999999919
21
-157.5139769999999828
0
LINE
8
BLACK
6
CONTINUOUS
10
69.8870089999999919
20
-157.5139769999999828
11
69.8636850000000038
21
-157.5488849999999843
0
LINE
8
BLACK
6
CONTINUOUS
10
69.8636850000000038
20
-157.5488849999999843
11
69.8287770000000023
21
-157.5722089999999866
0
LINE
8
BLACK
6
CONTINUOUS
10
69.8287770000000023
20
-157.5722089999999866
11
69.7875999999999976
21
-157.5803999999999974
0
LINE
8
BLACK
6
CONTINUOUS
10
69.7875999999999976
20
-157.5803999999999974
11
69.5724000000000018
21
-157.5803999999999974
0
LINE
8
BLACK
6
CONTINUOUS
10
69.5724000000000018
20
-157.5803999999999974
11
69.5312229999999971
21
-157.5722089999999866
0
LINE
8
BLACK
6
CONTINUOUS
10
69.5312229999999971
20
-157.5722089999999866
11
69.4963149999999956
21
-157.5488849999999843
0
LINE
8
BLACK
6
CONTINUOUS
10
69.4963149999999956
20
-157.5488849999999843
11
69.4729909999999933
21
-157.5139769999999828
0
LINE
8
BLACK
6
CONTINUOUS
10
69.4729909999999933
20
-157.5139769999999828
11
69.4647999999999968
21
-157.4728000000000065
0
LINE
8
BLACK
6
CONTINUOUS
10
69.4647999999999968
20
-157.4728000000000065
11
69.4647999999999968
21
-157.2072000000000003
0
LINE
8
BLACK
6
CONTINUOUS
10
69.4647999999999968
20
-157.2072000000000003
11
69.4729909999999933
21
-157.1660229999999956
0
LINE
8
BLACK
6
CONTINUOUS
10
69.4729909999999933
20
-157.1660229999999956
11
69.4963149999999956
21
-157.1311149999999941
0
LINE
8
BLACK
6
CONTINUOUS
10
69.4963149999999956
20
-157.1311149999999941
11
69.5312229999999971
21
-157.1077909999999918
0
LINE
8
BLACK
6
CONTINUOUS
10
69.5312229999999971
20
-157.1077909999999918
11
69.5724000000000018
21
-157.099599999999981
0
LINE
8
BLACK
6
CONTINUOUS
10
69.5724000000000018
20
-157.099599999999981
11
69.7875999999999976
21
-157.099599999999981
0
LINE
8
BLACK
6
CONTINUOUS
10
69.7875999999999976
20
-157.099599999999981
11
69.8287770000000023
21
-157.1077909999999918
0
LINE
8
BLACK
6
CONTINUOUS
10
70.7887769999999961
20
-157.1077909999999918
11
70.8236849999999976
21
-157.1311149999999941
0
LINE
8
BLACK
6
CONTINUOUS
10
70.8236849999999976
20
-157.1311149999999941
11
70.8470089999999999
21
-157.1660229999999956
0
LINE
8
BLACK
6
CONTINUOUS
10
70.8470089999999999
20
-157.1660229999999956
11
70.8551999999999964
21
-157.2072000000000003
0
LINE
8
BLACK
6
CONTINUOUS
10
70.8551999999999964
20
-157.2072000000000003
11
70.8551999999999964
21
-157.4728000000000065
0
LINE
8
BLACK
6
CONTINUOUS
10
70.8551999999999964
20
-157.4728000000000065
11
70.8470089999999999
21
-157.5139769999999828
0
LINE
8
BLACK
6
CONTINUOUS
10
70.8470089999999999
20
-157.5139769999999828
11
70.8236849999999976
21
-157.5488849999999843
0
LINE
8
BLACK
6
CONTINUOUS
10
70.8236849999999976
20
-157.5488849999999843
11
70.7887769999999961
21
-157.5722089999999866
0
LINE
8
BLACK
6
CONTINUOUS
10
70.7887769999999961
20
-157.5722089999999866
11
70.7475999999999914
21
-157.5803999999999974
0
LINE
8
BLACK
6
CONTINUOUS
10
70.7475999999999914
20
-157.5803999999999974
11
70.5323999999999955
21
-157.5803999999999974
0
LINE
8
BLACK
6
CONTINUOUS
10
70.5323999999999955
20
-157.5803999999999974
11
70.4912229999999909
21
-157.5722089999999866
0
LINE
8
BLACK
6
CONTINUOUS
10
70.4912229999999909
20
-157.5722089999999866
11
70.4563150000000036
21
-157.5488849999999843
0
LINE
8
BLACK
6
CONTINUOUS
10
70.4563150000000036
20
-157.5488849999999843
11
70.4329910000000012
21
-157.5139769999999828
0
LINE
8
BLACK
6
CONTINUOUS
10
70.4329910000000012
20
-157.5139769999999828
11
70.4247999999999905
21
-157.4728000000000065
0
LINE
8
BLACK
6
CONTINUOUS
10
70.4247999999999905
20
-157.4728000000000065
11
70.4247999999999905
21
-157.2072000000000003
0
LINE
8
BLACK
6
CONTINUOUS
10
70.4247999999999905
20
-157.2072000000000003
11
70.4329910000000012
21
-157.1660229999999956
0
LINE
8
BLACK
6
CONTINUOUS
10
70.4329910000000012
20
-157.1660229999999956
11
70.4563150000000036
21
-157.1311149999999941
0
LINE
8
BLACK
6
CONTINUOUS
10
70.4563150000000036
20
-157.1311149999999941
11
70.4912229999999909
21
-157.1077909999999918
0
LINE
8
BLACK
6
CONTINUOUS
10
70.4912229999999909
20
-157.1077909999999918
11
70.5323999999999955
21
-157.099599999999981
0
LINE
8
BLACK
6
CONTINUOUS
10
70.5323999999999955
20
-157.099599999999981
11
70.7475999999999914
21
-157.099599999999981
0
LINE
8
BLACK
6
CONTINUOUS
10
70.7475999999999914
20
-157.099599999999981
11
70.7887769999999961
21
-157.1077909999999918
0
LINE
8
BLACK
6
CONTINUOUS
10
71.6419999999999959
20
-157.5439999999999827
11
71.1779999999999973
21
-157.5439999999999827
0
LINE
8
BLACK
6
CONTINUOUS
10
71.1779999999999973
20
-157.5439999999999827
11
71.1779999999999973
21
-157.4159999999999968
0
LINE
8
BLACK
6
CONTINUOUS
10
71.1779999999999973
20
-157.4159999999999968
11
71.6419999999999959
21
-157.4159999999999968
0
LINE
8
BLACK
6
CONTINUOUS
10
71.6419999999999959
20
-157.4159999999999968
11
71.6419999999999959
21
-157.5439999999999827
0
LINE
8
BLACK
6
CONTINUOUS
10
72.8419999999999987
20
-157.5439999999999827
11
72.3780000000000001
21
-157.5439999999999827
0
LINE
8
BLACK
6
CONTINUOUS
10
72.3780000000000001
20
-157.5439999999999827
11
72.3780000000000001
21
-157.4159999999999968
0
LINE
8
BLACK
6
CONTINUOUS
10
72.3780000000000001
20
-157.4159999999999968
11
72.8419999999999987
21
-157.4159999999999968
0
LINE
8
BLACK
6
CONTINUOUS
10
72.8419999999999987
20
-157.4159999999999968
11
72.8419999999999987
21
-157.5439999999999827
0
LINE
8
BLACK
6
CONTINUOUS
10
54.7289770000000004
20
-156.8329909999999927
11
54.7638849999999948
21
-156.8563149999999951
0
LINE
8
BLACK
6
CONTINUOUS
10
54.7638849999999948
20
-156.8563149999999951
11
54.7872089999999972
21
-156.8912229999999965
0
LINE
8
BLACK
6
CONTINUOUS
10
54.7872089999999972
20
-156.8912229999999965
11
54.7954000000000008
21
-156.9324000000000012
0
LINE
8
BLACK
6
CONTINUOUS
10
54.7954000000000008
20
-156.9324000000000012
11
54.7954000000000008
21
-157.1475999999999829
0
LINE
8
BLACK
6
CONTINUOUS
10
54.7954000000000008
20
-157.1475999999999829
11
54.7872089999999972
21
-157.1887769999999875
0
LINE
8
BLACK
6
CONTINUOUS
10
54.7872089999999972
20
-157.1887769999999875
11
54.7638849999999948
21
-157.223684999999989
0
LINE
8
BLACK
6
CONTINUOUS
10
54.7638849999999948
20
-157.223684999999989
11
54.7289770000000004
21
-157.2470089999999914
0
LINE
8
BLACK
6
CONTINUOUS
10
54.7289770000000004
20
-157.2470089999999914
11
54.6877999999999957
21
-157.2552000000000021
0
LINE
8
BLACK
6
CONTINUOUS
10
54.6877999999999957
20
-157.2552000000000021
11
54.4221999999999966
21
-157.2552000000000021
0
LINE
8
BLACK
6
CONTINUOUS
10
54.4221999999999966
20
-157.2552000000000021
11
54.381022999999999
21
-157.2470089999999914
0
LINE
8
BLACK
6
CONTINUOUS
10
54.381022999999999
20
-157.2470089999999914
11
54.3461149999999975
21
-157.223684999999989
0
LINE
8
BLACK
6
CONTINUOUS
10
54.3461149999999975
20
-157.223684999999989
11
54.3227909999999952
21
-157.1887769999999875
0
LINE
8
BLACK
6
CONTINUOUS
10
54.3227909999999952
20
-157.1887769999999875
11
54.3145999999999987
21
-157.1475999999999829
0
LINE
8
BLACK
6
CONTINUOUS
10
54.3145999999999987
20
-157.1475999999999829
11
54.3145999999999987
21
-156.9324000000000012
0
LINE
8
BLACK
6
CONTINUOUS
10
54.3145999999999987
20
-156.9324000000000012
11
54.3227909999999952
21
-156.8912229999999965
0
LINE
8
BLACK
6
CONTINUOUS
10
54.3227909999999952
20
-156.8912229999999965
11
54.3461149999999975
21
-156.8563149999999951
0
LINE
8
BLACK
6
CONTINUOUS
10
54.3461149999999975
20
-156.8563149999999951
11
54.381022999999999
21
-156.8329909999999927
0
LINE
8
BLACK
6
CONTINUOUS
10
54.381022999999999
20
-156.8329909999999927
11
54.4221999999999966
21
-156.824799999999982
0
LINE
8
BLACK
6
CONTINUOUS
10
54.4221999999999966
20
-156.824799999999982
11
54.6877999999999957
21
-156.824799999999982
0
LINE
8
BLACK
6
CONTINUOUS
10
54.6877999999999957
20
-156.824799999999982
11
54.7289770000000004
21
-156.8329909999999927
0
LINE
8
BLACK
6
CONTINUOUS
10
73.5729690000000005
20
-156.6790709999999933
11
73.6065150000000017
21
-156.701484999999991
0
LINE
8
BLACK
6
CONTINUOUS
10
73.6065150000000017
20
-156.701484999999991
11
73.6289289999999994
21
-156.7350309999999922
0
LINE
8
BLACK
6
CONTINUOUS
10
73.6289289999999994
20
-156.7350309999999922
11
73.6367999999999938
21
-156.7745999999999924
0
LINE
8
BLACK
6
CONTINUOUS
10
73.6367999999999938
20
-156.7745999999999924
11
73.6367999999999938
21
-157.0653999999999826
0
LINE
8
BLACK
6
CONTINUOUS
10
73.6367999999999938
20
-157.0653999999999826
11
73.6289289999999994
21
-157.1049689999999828
0
LINE
8
BLACK
6
CONTINUOUS
10
73.6289289999999994
20
-157.1049689999999828
11
73.6065150000000017
21
-157.138514999999984
0
LINE
8
BLACK
6
CONTINUOUS
10
73.6065150000000017
20
-157.138514999999984
11
73.5729690000000005
21
-157.1609289999999817
0
LINE
8
BLACK
6
CONTINUOUS
10
73.5729690000000005
20
-157.1609289999999817
11
73.5334000000000003
21
-157.1688000000000045
0
LINE
8
BLACK
6
CONTINUOUS
10
73.5334000000000003
20
-157.1688000000000045
11
73.3265999999999991
21
-157.1688000000000045
0
LINE
8
BLACK
6
CONTINUOUS
10
73.3265999999999991
20
-157.1688000000000045
11
73.2870309999999989
21
-157.1609289999999817
0
LINE
8
BLACK
6
CONTINUOUS
10
73.2870309999999989
20
-157.1609289999999817
11
73.2534849999999977
21
-157.138514999999984
0
LINE
8
BLACK
6
CONTINUOUS
10
73.2534849999999977
20
-157.138514999999984
11
73.231071
21
-157.1049689999999828
0
LINE
8
BLACK
6
CONTINUOUS
10
73.231071
20
-157.1049689999999828
11
73.2231999999999914
21
-157.0653999999999826
0
LINE
8
BLACK
6
CONTINUOUS
10
73.2231999999999914
20
-157.0653999999999826
11
73.2231999999999914
21
-156.7745999999999924
0
LINE
8
BLACK
6
CONTINUOUS
10
73.2231999999999914
20
-156.7745999999999924
11
73.231071
21
-156.7350309999999922
0
LINE
8
BLACK
6
CONTINUOUS
10
73.231071
20
-156.7350309999999922
11
73.2534849999999977
21
-156.701484999999991
0
LINE
8
BLACK
6
CONTINUOUS
10
73.2534849999999977
20
-156.701484999999991
11
73.2870309999999989
21
-156.6790709999999933
0
LINE
8
BLACK
6
CONTINUOUS
10
73.2870309999999989
20
-156.6790709999999933
11
73.3265999999999991
21
-156.6711999999999989
0
LINE
8
BLACK
6
CONTINUOUS
10
73.3265999999999991
20
-156.6711999999999989
11
73.5334000000000003
21
-156.6711999999999989
0
LINE
8
BLACK
6
CONTINUOUS
10
73.5334000000000003
20
-156.6711999999999989
11
73.5729690000000005
21
-156.6790709999999933
0
LINE
8
BLACK
6
CONTINUOUS
10
74.5929689999999965
20
-156.6790709999999933
11
74.6265149999999977
21
-156.701484999999991
0
LINE
8
BLACK
6
CONTINUOUS
10
74.6265149999999977
20
-156.701484999999991
11
74.6489289999999954
21
-156.7350309999999922
0
LINE
8
BLACK
6
CONTINUOUS
10
74.6489289999999954
20
-156.7350309999999922
11
74.6567999999999898
21
-156.7745999999999924
0
LINE
8
BLACK
6
CONTINUOUS
10
74.6567999999999898
20
-156.7745999999999924
11
74.6567999999999898
21
-157.0653999999999826
0
LINE
8
BLACK
6
CONTINUOUS
10
74.6567999999999898
20
-157.0653999999999826
11
74.6489289999999954
21
-157.1049689999999828
0
LINE
8
BLACK
6
CONTINUOUS
10
74.6489289999999954
20
-157.1049689999999828
11
74.6265149999999977
21
-157.138514999999984
0
LINE
8
BLACK
6
CONTINUOUS
10
74.6265149999999977
20
-157.138514999999984
11
74.5929689999999965
21
-157.1609289999999817
0
LINE
8
BLACK
6
CONTINUOUS
10
74.5929689999999965
20
-157.1609289999999817
11
74.5533999999999963
21
-157.1688000000000045
0
LINE
8
BLACK
6
CONTINUOUS
10
74.5533999999999963
20
-157.1688000000000045
11
74.3465999999999951
21
-157.1688000000000045
0
LINE
8
BLACK
6
CONTINUOUS
10
74.3465999999999951
20
-157.1688000000000045
11
74.3070309999999949
21
-157.1609289999999817
0
LINE
8
BLACK
6
CONTINUOUS
10
74.3070309999999949
20
-157.1609289999999817
11
74.2734849999999938
21
-157.138514999999984
0
LINE
8
BLACK
6
CONTINUOUS
10
74.2734849999999938
20
-157.138514999999984
11
74.251070999999996
21
-157.1049689999999828
0
LINE
8
BLACK
6
CONTINUOUS
10
74.251070999999996
20
-157.1049689999999828
11
74.2432000000000016
21
-157.0653999999999826
0
LINE
8
BLACK
6
CONTINUOUS
10
74.2432000000000016
20
-157.0653999999999826
11
74.2432000000000016
21
-156.7745999999999924
0
LINE
8
BLACK
6
CONTINUOUS
10
74.2432000000000016
20
-156.7745999999999924
11
74.251070999999996
21
-156.7350309999999922
0
LINE
8
BLACK
6
CONTINUOUS
10
74.251070999999996
20
-156.7350309999999922
11
74.2734849999999938
21
-156.701484999999991
0
LINE
8
BLACK
6
CONTINUOUS
10
74.2734849999999938
20
-156.701484999999991
11
74.3070309999999949
21
-156.6790709999999933
0
LINE
8
BLACK
6
CONTINUOUS
10
74.3070309999999949
20
-156.6790709999999933
11
74.3465999999999951
21
-156.6711999999999989
0
LINE
8
BLACK
6
CONTINUOUS
10
74.3465999999999951
20
-156.6711999999999989
11
74.5533999999999963
21
-156.6711999999999989
0
LINE
8
BLACK
6
CONTINUOUS
10
74.5533999999999963
20
-156.6711999999999989
11
74.5929689999999965
21
-156.6790709999999933
0
LINE
8
BLACK
6
CONTINUOUS
10
71.6739999999999924
20
-157.1119999999999948
11
71.5459999999999923
21
-157.1119999999999948
0
LINE
8
BLACK
6
CONTINUOUS
10
71.5459999999999923
20
-157.1119999999999948
11
71.5459999999999923
21
-156.6479999999999961
0
LINE
8
BLACK
6
CONTINUOUS
10
71.5459999999999923
20
-156.6479999999999961
11
71.6739999999999924
21
-156.6479999999999961
0
LINE
8
BLACK
6
CONTINUOUS
10
71.6739999999999924
20
-156.6479999999999961
11
71.6739999999999924
21
-157.1119999999999948
0
LINE
8
BLACK
6
CONTINUOUS
10
72.0739999999999981
20
-157.1119999999999948
11
71.945999999999998
21
-157.1119999999999948
0
LINE
8
BLACK
6
CONTINUOUS
10
71.945999999999998
20
-157.1119999999999948
11
71.945999999999998
21
-156.6479999999999961
0
LINE
8
BLACK
6
CONTINUOUS
10
71.945999999999998
20
-156.6479999999999961
11
72.0739999999999981
21
-156.6479999999999961
0
LINE
8
BLACK
6
CONTINUOUS
10
72.0739999999999981
20
-156.6479999999999961
11
72.0739999999999981
21
-157.1119999999999948
0
LINE
8
BLACK
6
CONTINUOUS
10
72.4740000000000038
20
-157.1119999999999948
11
72.3460000000000036
21
-157.1119999999999948
0
LINE
8
BLACK
6
CONTINUOUS
10
72.3460000000000036
20
-157.1119999999999948
11
72.3460000000000036
21
-156.6479999999999961
0
LINE
8
BLACK
6
CONTINUOUS
10
72.3460000000000036
20
-156.6479999999999961
11
72.4740000000000038
21
-156.6479999999999961
0
LINE
8
BLACK
6
CONTINUOUS
10
72.4740000000000038
20
-156.6479999999999961
11
72.4740000000000038
21
-157.1119999999999948
0
LINE
8
BLACK
6
CONTINUOUS
10
50.6193999999999988
20
-156.9026000000000067
11
49.7605999999999966
21
-156.9026000000000067
0
LINE
8
BLACK
6
CONTINUOUS
10
49.7605999999999966
20
-156.9026000000000067
11
49.7605999999999966
21
-156.497399999999999
0
LINE
8
BLACK
6
CONTINUOUS
10
49.7605999999999966
20
-156.497399999999999
11
50.6193999999999988
21
-156.497399999999999
0
LINE
8
BLACK
6
CONTINUOUS
10
50.6193999999999988
20
-156.497399999999999
11
50.6193999999999988
21
-156.9026000000000067
0
LINE
8
BLACK
6
CONTINUOUS
10
52.919399999999996
20
-156.9026000000000067
11
52.0606000000000009
21
-156.9026000000000067
0
LINE
8
BLACK
6
CONTINUOUS
10
52.0606000000000009
20
-156.9026000000000067
11
52.0606000000000009
21
-156.497399999999999
0
LINE
8
BLACK
6
CONTINUOUS
10
52.0606000000000009
20
-156.497399999999999
11
52.919399999999996
21
-156.497399999999999
0
LINE
8
BLACK
6
CONTINUOUS
10
52.919399999999996
20
-156.497399999999999
11
52.919399999999996
21
-156.9026000000000067
0
LINE
8
BLACK
6
CONTINUOUS
10
47.4739999999999966
20
-156.7399999999999807
11
46.5060000000000002
21
-156.7399999999999807
0
LINE
8
BLACK
6
CONTINUOUS
10
46.5060000000000002
20
-156.7399999999999807
11
46.5060000000000002
21
-154.2599999999999909
0
LINE
8
BLACK
6
CONTINUOUS
10
46.5060000000000002
20
-154.2599999999999909
11
47.4739999999999966
21
-154.2599999999999909
0
LINE
8
BLACK
6
CONTINUOUS
10
47.4739999999999966
20
-154.2599999999999909
11
47.4739999999999966
21
-156.7399999999999807
0
LINE
8
BLACK
6
CONTINUOUS
10
49.3739999999999952
20
-156.7399999999999807
11
48.4059999999999988
21
-156.7399999999999807
0
LINE
8
BLACK
6
CONTINUOUS
10
48.4059999999999988
20
-156.7399999999999807
11
48.4059999999999988
21
-154.2599999999999909
0
LINE
8
BLACK
6
CONTINUOUS
10
48.4059999999999988
20
-154.2599999999999909
11
49.3739999999999952
21
-154.2599999999999909
0
LINE
8
BLACK
6
CONTINUOUS
10
49.3739999999999952
20
-154.2599999999999909
11
49.3739999999999952
21
-156.7399999999999807
0
LINE
8
BLACK
6
CONTINUOUS
10
75.7929689999999994
20
-156.0490709999999979
11
75.8265150000000006
21
-156.0714849999999956
0
LINE
8
BLACK
6
CONTINUOUS
10
75.8265150000000006
20
-156.0714849999999956
11
75.8489289999999983
21
-156.1050309999999968
0
LINE
8
BLACK
6
CONTINUOUS
10
75.8489289999999983
20
-156.1050309999999968
11
75.8567999999999927
21
-156.144599999999997
0
LINE
8
BLACK
6
CONTINUOUS
10
75.8567999999999927
20
-156.144599999999997
11
75.8567999999999927
21
-156.4353999999999871
0
LINE
8
BLACK
6
CONTINUOUS
10
75.8567999999999927
20
-156.4353999999999871
11
75.8489289999999983
21
-156.4749689999999873
0
LINE
8
BLACK
6
CONTINUOUS
10
75.8489289999999983
20
-156.4749689999999873
11
75.8265150000000006
21
-156.5085149999999885
0
LINE
8
BLACK
6
CONTINUOUS
10
75.8265150000000006
20
-156.5085149999999885
11
75.7929689999999994
21
-156.5309289999999862
0
LINE
8
BLACK
6
CONTINUOUS
10
75.7929689999999994
20
-156.5309289999999862
11
75.7533999999999992
21
-156.5387999999999806
0
LINE
8
BLACK
6
CONTINUOUS
10
75.7533999999999992
20
-156.5387999999999806
11
75.546599999999998
21
-156.5387999999999806
0
LINE
8
BLACK
6
CONTINUOUS
10
75.546599999999998
20
-156.5387999999999806
11
75.5070309999999978
21
-156.5309289999999862
0
LINE
8
BLACK
6
CONTINUOUS
10
75.5070309999999978
20
-156.5309289999999862
11
75.4734849999999966
21
-156.5085149999999885
0
LINE
8
BLACK
6
CONTINUOUS
10
75.4734849999999966
20
-156.5085149999999885
11
75.4510709999999989
21
-156.4749689999999873
0
LINE
8
BLACK
6
CONTINUOUS
10
75.4510709999999989
20
-156.4749689999999873
11
75.4431999999999903
21
-156.4353999999999871
0
LINE
8
BLACK
6
CONTINUOUS
10
75.4431999999999903
20
-156.4353999999999871
11
75.4431999999999903
21
-156.144599999999997
0
LINE
8
BLACK
6
CONTINUOUS
10
75.4431999999999903
20
-156.144599999999997
11
75.4510709999999989
21
-156.1050309999999968
0
LINE
8
BLACK
6
CONTINUOUS
10
75.4510709999999989
20
-156.1050309999999968
11
75.4734849999999966
21
-156.0714849999999956
0
LINE
8
BLACK
6
CONTINUOUS
10
75.4734849999999966
20
-156.0714849999999956
11
75.5070309999999978
21
-156.0490709999999979
0
LINE
8
BLACK
6
CONTINUOUS
10
75.5070309999999978
20
-156.0490709999999979
11
75.546599999999998
21
-156.0412000000000035
0
LINE
8
BLACK
6
CONTINUOUS
10
75.546599999999998
20
-156.0412000000000035
11
75.7533999999999992
21
-156.0412000000000035
0
LINE
8
BLACK
6
CONTINUOUS
10
75.7533999999999992
20
-156.0412000000000035
11
75.7929689999999994
21
-156.0490709999999979
0
LINE
8
BLACK
6
CONTINUOUS
10
76.8129689999999954
20
-156.0490709999999979
11
76.8465149999999966
21
-156.0714849999999956
0
LINE
8
BLACK
6
CONTINUOUS
10
76.8465149999999966
20
-156.0714849999999956
11
76.8689289999999943
21
-156.1050309999999968
0
LINE
8
BLACK
6
CONTINUOUS
10
76.8689289999999943
20
-156.1050309999999968
11
76.8768000000000029
21
-156.144599999999997
0
LINE
8
BLACK
6
CONTINUOUS
10
76.8768000000000029
20
-156.144599999999997
11
76.8768000000000029
21
-156.4353999999999871
0
LINE
8
BLACK
6
CONTINUOUS
10
76.8768000000000029
20
-156.4353999999999871
11
76.8689289999999943
21
-156.4749689999999873
0
LINE
8
BLACK
6
CONTINUOUS
10
76.8689289999999943
20
-156.4749689999999873
11
76.8465149999999966
21
-156.5085149999999885
0
LINE
8
BLACK
6
CONTINUOUS
10
76.8465149999999966
20
-156.5085149999999885
11
76.8129689999999954
21
-156.5309289999999862
0
LINE
8
BLACK
6
CONTINUOUS
10
76.8129689999999954
20
-156.5309289999999862
11
76.7733999999999952
21
-156.5387999999999806
0
LINE
8
BLACK
6
CONTINUOUS
10
76.7733999999999952
20
-156.5387999999999806
11
76.566599999999994
21
-156.5387999999999806
0
LINE
8
BLACK
6
CONTINUOUS
10
76.566599999999994
20
-156.5387999999999806
11
76.5270309999999938
21
-156.5309289999999862
0
LINE
8
BLACK
6
CONTINUOUS
10
76.5270309999999938
20
-156.5309289999999862
11
76.4934849999999926
21
-156.5085149999999885
0
LINE
8
BLACK
6
CONTINUOUS
10
76.4934849999999926
20
-156.5085149999999885
11
76.4710709999999949
21
-156.4749689999999873
0
LINE
8
BLACK
6
CONTINUOUS
10
76.4710709999999949
20
-156.4749689999999873
11
76.4632000000000005
21
-156.4353999999999871
0
LINE
8
BLACK
6
CONTINUOUS
10
76.4632000000000005
20
-156.4353999999999871
11
76.4632000000000005
21
-156.144599999999997
0
LINE
8
BLACK
6
CONTINUOUS
10
76.4632000000000005
20
-156.144599999999997
11
76.4710709999999949
21
-156.1050309999999968
0
LINE
8
BLACK
6
CONTINUOUS
10
76.4710709999999949
20
-156.1050309999999968
11
76.4934849999999926
21
-156.0714849999999956
0
LINE
8
BLACK
6
CONTINUOUS
10
76.4934849999999926
20
-156.0714849999999956
11
76.5270309999999938
21
-156.0490709999999979
0
LINE
8
BLACK
6
CONTINUOUS
10
76.5270309999999938
20
-156.0490709999999979
11
76.566599999999994
21
-156.0412000000000035
0
LINE
8
BLACK
6
CONTINUOUS
10
76.566599999999994
20
-156.0412000000000035
11
76.7733999999999952
21
-156.0412000000000035
0
LINE
8
BLACK
6
CONTINUOUS
10
76.7733999999999952
20
-156.0412000000000035
11
76.8129689999999954
21
-156.0490709999999979
0
LINE
8
BLACK
6
CONTINUOUS
10
71.6929689999999908
20
-155.7880710000000022
11
71.726514999999992
21
-155.8104849999999999
0
LINE
8
BLACK
6
CONTINUOUS
10
71.726514999999992
20
-155.8104849999999999
11
71.7489289999999897
21
-155.8440310000000011
0
LINE
8
BLACK
6
CONTINUOUS
10
71.7489289999999897
20
-155.8440310000000011
11
71.7567999999999984
21
-155.8836000000000013
0
LINE
8
BLACK
6
CONTINUOUS
10
71.7567999999999984
20
-155.8836000000000013
11
71.7567999999999984
21
-156.1743999999999915
0
LINE
8
BLACK
6
CONTINUOUS
10
71.7567999999999984
20
-156.1743999999999915
11
71.7489289999999897
21
-156.2139689999999916
0
LINE
8
BLACK
6
CONTINUOUS
10
71.7489289999999897
20
-156.2139689999999916
11
71.726514999999992
21
-156.2475149999999928
0
LINE
8
BLACK
6
CONTINUOUS
10
71.726514999999992
20
-156.2475149999999928
11
71.6929689999999908
21
-156.2699289999999905
0
LINE
8
BLACK
6
CONTINUOUS
10
71.6929689999999908
20
-156.2699289999999905
11
71.6533999999999907
21
-156.2777999999999849
0
LINE
8
BLACK
6
CONTINUOUS
10
71.6533999999999907
20
-156.2777999999999849
11
71.4466000000000037
21
-156.2777999999999849
0
LINE
8
BLACK
6
CONTINUOUS
10
71.4466000000000037
20
-156.2777999999999849
11
71.4070310000000035
21
-156.2699289999999905
0
LINE
8
BLACK
6
CONTINUOUS
10
71.4070310000000035
20
-156.2699289999999905
11
71.3734850000000023
21
-156.2475149999999928
0
LINE
8
BLACK
6
CONTINUOUS
10
71.3734850000000023
20
-156.2475149999999928
11
71.3510709999999904
21
-156.2139689999999916
0
LINE
8
BLACK
6
CONTINUOUS
10
71.3510709999999904
20
-156.2139689999999916
11
71.343199999999996
21
-156.1743999999999915
0
LINE
8
BLACK
6
CONTINUOUS
10
71.343199999999996
20
-156.1743999999999915
11
71.343199999999996
21
-155.8836000000000013
0
LINE
8
BLACK
6
CONTINUOUS
10
71.343199999999996
20
-155.8836000000000013
11
71.3510709999999904
21
-155.8440310000000011
0
LINE
8
BLACK
6
CONTINUOUS
10
71.3510709999999904
20
-155.8440310000000011
11
71.3734850000000023
21
-155.8104849999999999
0
LINE
8
BLACK
6
CONTINUOUS
10
71.3734850000000023
20
-155.8104849999999999
11
71.4070310000000035
21
-155.7880710000000022
0
LINE
8
BLACK
6
CONTINUOUS
10
71.4070310000000035
20
-155.7880710000000022
11
71.4466000000000037
21
-155.7801999999999794
0
LINE
8
BLACK
6
CONTINUOUS
10
71.4466000000000037
20
-155.7801999999999794
11
71.6533999999999907
21
-155.7801999999999794
0
LINE
8
BLACK
6
CONTINUOUS
10
71.6533999999999907
20
-155.7801999999999794
11
71.6929689999999908
21
-155.7880710000000022
0
LINE
8
BLACK
6
CONTINUOUS
10
72.7129690000000011
20
-155.7880710000000022
11
72.7465150000000023
21
-155.8104849999999999
0
LINE
8
BLACK
6
CONTINUOUS
10
72.7465150000000023
20
-155.8104849999999999
11
72.768929
21
-155.8440310000000011
0
LINE
8
BLACK
6
CONTINUOUS
10
72.768929
20
-155.8440310000000011
11
72.7767999999999944
21
-155.8836000000000013
0
LINE
8
BLACK
6
CONTINUOUS
10
72.7767999999999944
20
-155.8836000000000013
11
72.7767999999999944
21
-156.1743999999999915
0
LINE
8
BLACK
6
CONTINUOUS
10
72.7767999999999944
20
-156.1743999999999915
11
72.768929
21
-156.2139689999999916
0
LINE
8
BLACK
6
CONTINUOUS
10
72.768929
20
-156.2139689999999916
11
72.7465150000000023
21
-156.2475149999999928
0
LINE
8
BLACK
6
CONTINUOUS
10
72.7465150000000023
20
-156.2475149999999928
11
72.7129690000000011
21
-156.2699289999999905
0
LINE
8
BLACK
6
CONTINUOUS
10
72.7129690000000011
20
-156.2699289999999905
11
72.6734000000000009
21
-156.2777999999999849
0
LINE
8
BLACK
6
CONTINUOUS
10
72.6734000000000009
20
-156.2777999999999849
11
72.4665999999999997
21
-156.2777999999999849
0
LINE
8
BLACK
6
CONTINUOUS
10
72.4665999999999997
20
-156.2777999999999849
11
72.4270309999999995
21
-156.2699289999999905
0
LINE
8
BLACK
6
CONTINUOUS
10
72.4270309999999995
20
-156.2699289999999905
11
72.3934849999999983
21
-156.2475149999999928
0
LINE
8
BLACK
6
CONTINUOUS
10
72.3934849999999983
20
-156.2475149999999928
11
72.3710710000000006
21
-156.2139689999999916
0
LINE
8
BLACK
6
CONTINUOUS
10
72.3710710000000006
20
-156.2139689999999916
11
72.363199999999992
21
-156.1743999999999915
0
LINE
8
BLACK
6
CONTINUOUS
10
72.363199999999992
20
-156.1743999999999915
11
72.363199999999992
21
-155.8836000000000013
0
LINE
8
BLACK
6
CONTINUOUS
10
72.363199999999992
20
-155.8836000000000013
11
72.3710710000000006
21
-155.8440310000000011
0
LINE
8
BLACK
6
CONTINUOUS
10
72.3710710000000006
20
-155.8440310000000011
11
72.3934849999999983
21
-155.8104849999999999
0
LINE
8
BLACK
6
CONTINUOUS
10
72.3934849999999983
20
-155.8104849999999999
11
72.4270309999999995
21
-155.7880710000000022
0
LINE
8
BLACK
6
CONTINUOUS
10
72.4270309999999995
20
-155.7880710000000022
11
72.4665999999999997
21
-155.7801999999999794
0
LINE
8
BLACK
6
CONTINUOUS
10
72.4665999999999997
20
-155.7801999999999794
11
72.6734000000000009
21
-155.7801999999999794
0
LINE
8
BLACK
6
CONTINUOUS
10
72.6734000000000009
20
-155.7801999999999794
11
72.7129690000000011
21
-155.7880710000000022
0
LINE
8
BLACK
6
CONTINUOUS
10
53.7749689999999987
20
-155.8560709999999858
11
53.8085149999999999
21
-155.8784849999999835
0
LINE
8
BLACK
6
CONTINUOUS
10
53.8085149999999999
20
-155.8784849999999835
11
53.8309289999999976
21
-155.9120309999999847
0
LINE
8
BLACK
6
CONTINUOUS
10
53.8309289999999976
20
-155.9120309999999847
11
53.8387999999999991
21
-155.9515999999999849
0
LINE
8
BLACK
6
CONTINUOUS
10
53.8387999999999991
20
-155.9515999999999849
11
53.8387999999999991
21
-156.1584000000000003
0
LINE
8
BLACK
6
CONTINUOUS
10
53.8387999999999991
20
-156.1584000000000003
11
53.8309289999999976
21
-156.1979690000000005
0
LINE
8
BLACK
6
CONTINUOUS
10
53.8309289999999976
20
-156.1979690000000005
11
53.8085149999999999
21
-156.2315150000000017
0
LINE
8
BLACK
6
CONTINUOUS
10
53.8085149999999999
20
-156.2315150000000017
11
53.7749689999999987
21
-156.2539289999999994
0
LINE
8
BLACK
6
CONTINUOUS
10
53.7749689999999987
20
-156.2539289999999994
11
53.7353999999999985
21
-156.2617999999999938
0
LINE
8
BLACK
6
CONTINUOUS
10
53.7353999999999985
20
-156.2617999999999938
11
53.4445999999999941
21
-156.2617999999999938
0
LINE
8
BLACK
6
CONTINUOUS
10
53.4445999999999941
20
-156.2617999999999938
11
53.405031000000001
21
-156.2539289999999994
0
LINE
8
BLACK
6
CONTINUOUS
10
53.405031000000001
20
-156.2539289999999994
11
53.3714849999999998
21
-156.2315150000000017
0
LINE
8
BLACK
6
CONTINUOUS
10
53.3714849999999998
20
-156.2315150000000017
11
53.349070999999995
21
-156.1979690000000005
0
LINE
8
BLACK
6
CONTINUOUS
10
53.349070999999995
20
-156.1979690000000005
11
53.3412000000000006
21
-156.1584000000000003
0
LINE
8
BLACK
6
CONTINUOUS
10
53.3412000000000006
20
-156.1584000000000003
11
53.3412000000000006
21
-155.9515999999999849
0
LINE
8
BLACK
6
CONTINUOUS
10
53.3412000000000006
20
-155.9515999999999849
11
53.349070999999995
21
-155.9120309999999847
0
LINE
8
BLACK
6
CONTINUOUS
10
53.349070999999995
20
-155.9120309999999847
11
53.3714849999999998
21
-155.8784849999999835
0
LINE
8
BLACK
6
CONTINUOUS
10
53.3714849999999998
20
-155.8784849999999835
11
53.405031000000001
21
-155.8560709999999858
0
LINE
8
BLACK
6
CONTINUOUS
10
53.405031000000001
20
-155.8560709999999858
11
53.4445999999999941
21
-155.8481999999999914
0
LINE
8
BLACK
6
CONTINUOUS
10
53.4445999999999941
20
-155.8481999999999914
11
53.7353999999999985
21
-155.8481999999999914
0
LINE
8
BLACK
6
CONTINUOUS
10
53.7353999999999985
20
-155.8481999999999914
11
53.7749689999999987
21
-155.8560709999999858
0
LINE
8
BLACK
6
CONTINUOUS
10
54.5499689999999973
20
-155.8510709999999904
11
54.5835149999999985
21
-155.8734849999999881
0
LINE
8
BLACK
6
CONTINUOUS
10
54.5835149999999985
20
-155.8734849999999881
11
54.6059289999999962
21
-155.9070309999999893
0
LINE
8
BLACK
6
CONTINUOUS
10
54.6059289999999962
20
-155.9070309999999893
11
54.6137999999999977
21
-155.9465999999999894
0
LINE
8
BLACK
6
CONTINUOUS
10
54.6137999999999977
20
-155.9465999999999894
11
54.6137999999999977
21
-156.1534000000000049
0
LINE
8
BLACK
6
CONTINUOUS
10
54.6137999999999977
20
-156.1534000000000049
11
54.6059289999999962
21
-156.1929690000000051
0
LINE
8
BLACK
6
CONTINUOUS
10
54.6059289999999962
20
-156.1929690000000051
11
54.5835149999999985
21
-156.2265150000000062
0
LINE
8
BLACK
6
CONTINUOUS
10
54.5835149999999985
20
-156.2265150000000062
11
54.5499689999999973
21
-156.248929000000004
0
LINE
8
BLACK
6
CONTINUOUS
10
54.5499689999999973
20
-156.248929000000004
11
54.5103999999999971
21
-156.2567999999999984
0
LINE
8
BLACK
6
CONTINUOUS
10
54.5103999999999971
20
-156.2567999999999984
11
54.2195999999999998
21
-156.2567999999999984
0
LINE
8
BLACK
6
CONTINUOUS
10
54.2195999999999998
20
-156.2567999999999984
11
54.1800309999999996
21
-156.248929000000004
0
LINE
8
BLACK
6
CONTINUOUS
10
54.1800309999999996
20
-156.248929000000004
11
54.1464849999999984
21
-156.2265150000000062
0
LINE
8
BLACK
6
CONTINUOUS
10
54.1464849999999984
20
-156.2265150000000062
11
54.1240710000000007
21
-156.1929690000000051
0
LINE
8
BLACK
6
CONTINUOUS
10
54.1240710000000007
20
-156.1929690000000051
11
54.1161999999999992
21
-156.1534000000000049
0
LINE
8
BLACK
6
CONTINUOUS
10
54.1161999999999992
20
-156.1534000000000049
11
54.1161999999999992
21
-155.9465999999999894
0
LINE
8
BLACK
6
CONTINUOUS
10
54.1161999999999992
20
-155.9465999999999894
11
54.1240710000000007
21
-155.9070309999999893
0
LINE
8
BLACK
6
CONTINUOUS
10
54.1240710000000007
20
-155.9070309999999893
11
54.1464849999999984
21
-155.8734849999999881
0
LINE
8
BLACK
6
CONTINUOUS
10
54.1464849999999984
20
-155.8734849999999881
11
54.1800309999999996
21
-155.8510709999999904
0
LINE
8
BLACK
6
CONTINUOUS
10
54.1800309999999996
20
-155.8510709999999904
11
54.2195999999999998
21
-155.843199999999996
0
LINE
8
BLACK
6
CONTINUOUS
10
54.2195999999999998
20
-155.843199999999996
11
54.5103999999999971
21
-155.843199999999996
0
LINE
8
BLACK
6
CONTINUOUS
10
54.5103999999999971
20
-155.843199999999996
11
54.5499689999999973
21
-155.8510709999999904
0
LINE
8
BLACK
6
CONTINUOUS
10
50.6193999999999988
20
-155.9525999999999897
11
49.7605999999999966
21
-155.9525999999999897
0
LINE
8
BLACK
6
CONTINUOUS
10
49.7605999999999966
20
-155.9525999999999897
11
49.7605999999999966
21
-155.5473999999999819
0
LINE
8
BLACK
6
CONTINUOUS
10
49.7605999999999966
20
-155.5473999999999819
11
50.6193999999999988
21
-155.5473999999999819
0
LINE
8
BLACK
6
CONTINUOUS
10
50.6193999999999988
20
-155.5473999999999819
11
50.6193999999999988
21
-155.9525999999999897
0
LINE
8
BLACK
6
CONTINUOUS
10
52.919399999999996
20
-155.9525999999999897
11
52.0606000000000009
21
-155.9525999999999897
0
LINE
8
BLACK
6
CONTINUOUS
10
52.0606000000000009
20
-155.9525999999999897
11
52.0606000000000009
21
-155.5473999999999819
0
LINE
8
BLACK
6
CONTINUOUS
10
52.0606000000000009
20
-155.5473999999999819
11
52.919399999999996
21
-155.5473999999999819
0
LINE
8
BLACK
6
CONTINUOUS
10
52.919399999999996
20
-155.5473999999999819
11
52.919399999999996
21
-155.9525999999999897
0
LINE
8
BLACK
6
CONTINUOUS
10
56.5876219999999961
20
-155.330695999999989
11
56.6682259999999971
21
-155.3640829999999937
0
LINE
8
BLACK
6
CONTINUOUS
10
56.6682259999999971
20
-155.3640829999999937
11
56.7299170000000004
21
-155.4257739999999899
0
LINE
8
BLACK
6
CONTINUOUS
10
56.7299170000000004
20
-155.4257739999999899
11
56.763303999999998
21
-155.5063779999999838
0
LINE
8
BLACK
6
CONTINUOUS
10
56.763303999999998
20
-155.5063779999999838
11
56.763303999999998
21
-155.5936219999999821
0
LINE
8
BLACK
6
CONTINUOUS
10
56.763303999999998
20
-155.5936219999999821
11
56.7299170000000004
21
-155.6742260000000044
0
LINE
8
BLACK
6
CONTINUOUS
10
56.7299170000000004
20
-155.6742260000000044
11
56.6682259999999971
21
-155.7359170000000006
0
LINE
8
BLACK
6
CONTINUOUS
10
56.6682259999999971
20
-155.7359170000000006
11
56.5876219999999961
21
-155.7693040000000053
0
LINE
8
BLACK
6
CONTINUOUS
10
56.5876219999999961
20
-155.7693040000000053
11
56.5439999999999969
21
-155.7735999999999876
0
LINE
8
BLACK
6
CONTINUOUS
10
56.5439999999999969
20
-155.7735999999999876
11
55.955999999999996
21
-155.7735999999999876
0
LINE
8
BLACK
6
CONTINUOUS
10
55.955999999999996
20
-155.7735999999999876
11
55.9123779999999968
21
-155.7693040000000053
0
LINE
8
BLACK
6
CONTINUOUS
10
55.9123779999999968
20
-155.7693040000000053
11
55.8317739999999958
21
-155.7359170000000006
0
LINE
8
BLACK
6
CONTINUOUS
10
55.8317739999999958
20
-155.7359170000000006
11
55.7700829999999996
21
-155.6742260000000044
0
LINE
8
BLACK
6
CONTINUOUS
10
55.7700829999999996
20
-155.6742260000000044
11
55.7366959999999949
21
-155.5936219999999821
0
LINE
8
BLACK
6
CONTINUOUS
10
55.7366959999999949
20
-155.5936219999999821
11
55.7366959999999949
21
-155.5063779999999838
0
LINE
8
BLACK
6
CONTINUOUS
10
55.7366959999999949
20
-155.5063779999999838
11
55.7700829999999996
21
-155.4257739999999899
0
LINE
8
BLACK
6
CONTINUOUS
10
55.7700829999999996
20
-155.4257739999999899
11
55.8317739999999958
21
-155.3640829999999937
0
LINE
8
BLACK
6
CONTINUOUS
10
55.8317739999999958
20
-155.3640829999999937
11
55.9123779999999968
21
-155.330695999999989
0
LINE
8
BLACK
6
CONTINUOUS
10
55.9123779999999968
20
-155.330695999999989
11
55.955999999999996
21
-155.3264000000000067
0
LINE
8
BLACK
6
CONTINUOUS
10
55.955999999999996
20
-155.3264000000000067
11
56.5439999999999969
21
-155.3264000000000067
0
LINE
8
BLACK
6
CONTINUOUS
10
56.5439999999999969
20
-155.3264000000000067
11
56.5876219999999961
21
-155.330695999999989
0
LINE
8
BLACK
6
CONTINUOUS
10
62.6076219999999992
20
-155.330695999999989
11
62.6882260000000002
21
-155.3640829999999937
0
LINE
8
BLACK
6
CONTINUOUS
10
62.6882260000000002
20
-155.3640829999999937
11
62.7499169999999964
21
-155.4257739999999899
0
LINE
8
BLACK
6
CONTINUOUS
10
62.7499169999999964
20
-155.4257739999999899
11
62.783303999999994
21
-155.5063779999999838
0
LINE
8
BLACK
6
CONTINUOUS
10
62.783303999999994
20
-155.5063779999999838
11
62.783303999999994
21
-155.5936219999999821
0
LINE
8
BLACK
6
CONTINUOUS
10
62.783303999999994
20
-155.5936219999999821
11
62.7499169999999964
21
-155.6742260000000044
0
LINE
8
BLACK
6
CONTINUOUS
10
62.7499169999999964
20
-155.6742260000000044
11
62.6882260000000002
21
-155.7359170000000006
0
LINE
8
BLACK
6
CONTINUOUS
10
62.6882260000000002
20
-155.7359170000000006
11
62.6076219999999992
21
-155.7693040000000053
0
LINE
8
BLACK
6
CONTINUOUS
10
62.6076219999999992
20
-155.7693040000000053
11
62.5640000000000001
21
-155.7735999999999876
0
LINE
8
BLACK
6
CONTINUOUS
10
62.5640000000000001
20
-155.7735999999999876
11
61.9759999999999991
21
-155.7735999999999876
0
LINE
8
BLACK
6
CONTINUOUS
10
61.9759999999999991
20
-155.7735999999999876
11
61.9323779999999999
21
-155.7693040000000053
0
LINE
8
BLACK
6
CONTINUOUS
10
61.9323779999999999
20
-155.7693040000000053
11
61.8517739999999989
21
-155.7359170000000006
0
LINE
8
BLACK
6
CONTINUOUS
10
61.8517739999999989
20
-155.7359170000000006
11
61.7900829999999956
21
-155.6742260000000044
0
LINE
8
BLACK
6
CONTINUOUS
10
61.7900829999999956
20
-155.6742260000000044
11
61.756695999999998
21
-155.5936219999999821
0
LINE
8
BLACK
6
CONTINUOUS
10
61.756695999999998
20
-155.5936219999999821
11
61.756695999999998
21
-155.5063779999999838
0
LINE
8
BLACK
6
CONTINUOUS
10
61.756695999999998
20
-155.5063779999999838
11
61.7900829999999956
21
-155.4257739999999899
0
LINE
8
BLACK
6
CONTINUOUS
10
61.7900829999999956
20
-155.4257739999999899
11
61.8517739999999989
21
-155.3640829999999937
0
LINE
8
BLACK
6
CONTINUOUS
10
61.8517739999999989
20
-155.3640829999999937
11
61.9323779999999999
21
-155.330695999999989
0
LINE
8
BLACK
6
CONTINUOUS
10
61.9323779999999999
20
-155.330695999999989
11
61.9759999999999991
21
-155.3264000000000067
0
LINE
8
BLACK
6
CONTINUOUS
10
61.9759999999999991
20
-155.3264000000000067
11
62.5640000000000001
21
-155.3264000000000067
0
LINE
8
BLACK
6
CONTINUOUS
10
62.5640000000000001
20
-155.3264000000000067
11
62.6076219999999992
21
-155.330695999999989
0
LINE
8
BLACK
6
CONTINUOUS
10
75.7829689999999943
20
-155.2590710000000058
11
75.8165149999999954
21
-155.2814850000000035
0
LINE
8
BLACK
6
CONTINUOUS
10
75.8165149999999954
20
-155.2814850000000035
11
75.8389289999999932
21
-155.3150310000000047
0
LINE
8
BLACK
6
CONTINUOUS
10
75.8389289999999932
20
-155.3150310000000047
11
75.8468000000000018
21
-155.3546000000000049
0
LINE
8
BLACK
6
CONTINUOUS
10
75.8468000000000018
20
-155.3546000000000049
11
75.8468000000000018
21
-155.6453999999999951
0
LINE
8
BLACK
6
CONTINUOUS
10
75.8468000000000018
20
-155.6453999999999951
11
75.8389289999999932
21
-155.6849689999999953
0
LINE
8
BLACK
6
CONTINUOUS
10
75.8389289999999932
20
-155.6849689999999953
11
75.8165149999999954
21
-155.7185149999999965
0
LINE
8
BLACK
6
CONTINUOUS
10
75.8165149999999954
20
-155.7185149999999965
11
75.7829689999999943
21
-155.7409289999999942
0
LINE
8
BLACK
6
CONTINUOUS
10
75.7829689999999943
20
-155.7409289999999942
11
75.7433999999999941
21
-155.7487999999999886
0
LINE
8
BLACK
6
CONTINUOUS
10
75.7433999999999941
20
-155.7487999999999886
11
75.5365999999999929
21
-155.7487999999999886
0
LINE
8
BLACK
6
CONTINUOUS
10
75.5365999999999929
20
-155.7487999999999886
11
75.4970309999999927
21
-155.7409289999999942
0
LINE
8
BLACK
6
CONTINUOUS
10
75.4970309999999927
20
-155.7409289999999942
11
75.4634849999999915
21
-155.7185149999999965
0
LINE
8
BLACK
6
CONTINUOUS
10
75.4634849999999915
20
-155.7185149999999965
11
75.4410709999999938
21
-155.6849689999999953
0
LINE
8
BLACK
6
CONTINUOUS
10
75.4410709999999938
20
-155.6849689999999953
11
75.4331999999999994
21
-155.6453999999999951
0
LINE
8
BLACK
6
CONTINUOUS
10
75.4331999999999994
20
-155.6453999999999951
11
75.4331999999999994
21
-155.3546000000000049
0
LINE
8
BLACK
6
CONTINUOUS
10
75.4331999999999994
20
-155.3546000000000049
11
75.4410709999999938
21
-155.3150310000000047
0
LINE
8
BLACK
6
CONTINUOUS
10
75.4410709999999938
20
-155.3150310000000047
11
75.4634849999999915
21
-155.2814850000000035
0
LINE
8
BLACK
6
CONTINUOUS
10
75.4634849999999915
20
-155.2814850000000035
11
75.4970309999999927
21
-155.2590710000000058
0
LINE
8
BLACK
6
CONTINUOUS
10
75.4970309999999927
20
-155.2590710000000058
11
75.5365999999999929
21
-155.251199999999983
0
LINE
8
BLACK
6
CONTINUOUS
10
75.5365999999999929
20
-155.251199999999983
11
75.7433999999999941
21
-155.251199999999983
0
LINE
8
BLACK
6
CONTINUOUS
10
75.7433999999999941
20
-155.251199999999983
11
75.7829689999999943
21
-155.2590710000000058
0
LINE
8
BLACK
6
CONTINUOUS
10
76.8029689999999903
20
-155.2590710000000058
11
76.8365149999999915
21
-155.2814850000000035
0
LINE
8
BLACK
6
CONTINUOUS
10
76.8365149999999915
20
-155.2814850000000035
11
76.8589290000000034
21
-155.3150310000000047
0
LINE
8
BLACK
6
CONTINUOUS
10
76.8589290000000034
20
-155.3150310000000047
11
76.8667999999999978
21
-155.3546000000000049
0
LINE
8
BLACK
6
CONTINUOUS
10
76.8667999999999978
20
-155.3546000000000049
11
76.8667999999999978
21
-155.6453999999999951
0
LINE
8
BLACK
6
CONTINUOUS
10
76.8667999999999978
20
-155.6453999999999951
11
76.8589290000000034
21
-155.6849689999999953
0
LINE
8
BLACK
6
CONTINUOUS
10
76.8589290000000034
20
-155.6849689999999953
11
76.8365149999999915
21
-155.7185149999999965
0
LINE
8
BLACK
6
CONTINUOUS
10
76.8365149999999915
20
-155.7185149999999965
11
76.8029689999999903
21
-155.7409289999999942
0
LINE
8
BLACK
6
CONTINUOUS
10
76.8029689999999903
20
-155.7409289999999942
11
76.7633999999999901
21
-155.7487999999999886
0
LINE
8
BLACK
6
CONTINUOUS
10
76.7633999999999901
20
-155.7487999999999886
11
76.5566000000000031
21
-155.7487999999999886
0
LINE
8
BLACK
6
CONTINUOUS
10
76.5566000000000031
20
-155.7487999999999886
11
76.5170310000000029
21
-155.7409289999999942
0
LINE
8
BLACK
6
CONTINUOUS
10
76.5170310000000029
20
-155.7409289999999942
11
76.4834850000000017
21
-155.7185149999999965
0
LINE
8
BLACK
6
CONTINUOUS
10
76.4834850000000017
20
-155.7185149999999965
11
76.4610709999999898
21
-155.6849689999999953
0
LINE
8
BLACK
6
CONTINUOUS
10
76.4610709999999898
20
-155.6849689999999953
11
76.4531999999999954
21
-155.6453999999999951
0
LINE
8
BLACK
6
CONTINUOUS
10
76.4531999999999954
20
-155.6453999999999951
11
76.4531999999999954
21
-155.3546000000000049
0
LINE
8
BLACK
6
CONTINUOUS
10
76.4531999999999954
20
-155.3546000000000049
11
76.4610709999999898
21
-155.3150310000000047
0
LINE
8
BLACK
6
CONTINUOUS
10
76.4610709999999898
20
-155.3150310000000047
11
76.4834850000000017
21
-155.2814850000000035
0
LINE
8
BLACK
6
CONTINUOUS
10
76.4834850000000017
20
-155.2814850000000035
11
76.5170310000000029
21
-155.2590710000000058
0
LINE
8
BLACK
6
CONTINUOUS
10
76.5170310000000029
20
-155.2590710000000058
11
76.5566000000000031
21
-155.251199999999983
0
LINE
8
BLACK
6
CONTINUOUS
10
76.5566000000000031
20
-155.251199999999983
11
76.7633999999999901
21
-155.251199999999983
0
LINE
8
BLACK
6
CONTINUOUS
10
76.7633999999999901
20
-155.251199999999983
11
76.8029689999999903
21
-155.2590710000000058
0
LINE
8
BLACK
6
CONTINUOUS
10
63.5739769999999993
20
-155.2729909999999904
11
63.6088849999999937
21
-155.2963149999999928
0
LINE
8
BLACK
6
CONTINUOUS
10
63.6088849999999937
20
-155.2963149999999928
11
63.632208999999996
21
-155.3312229999999943
0
LINE
8
BLACK
6
CONTINUOUS
10
63.632208999999996
20
-155.3312229999999943
11
63.6403999999999996
21
-155.372399999999999
0
LINE
8
BLACK
6
CONTINUOUS
10
63.6403999999999996
20
-155.372399999999999
11
63.6403999999999996
21
-155.5875999999999806
0
LINE
8
BLACK
6
CONTINUOUS
10
63.6403999999999996
20
-155.5875999999999806
11
63.632208999999996
21
-155.6287769999999853
0
LINE
8
BLACK
6
CONTINUOUS
10
63.632208999999996
20
-155.6287769999999853
11
63.6088849999999937
21
-155.6636849999999868
0
LINE
8
BLACK
6
CONTINUOUS
10
63.6088849999999937
20
-155.6636849999999868
11
63.5739769999999993
21
-155.6870089999999891
0
LINE
8
BLACK
6
CONTINUOUS
10
63.5739769999999993
20
-155.6870089999999891
11
63.5327999999999946
21
-155.6951999999999998
0
LINE
8
BLACK
6
CONTINUOUS
10
63.5327999999999946
20
-155.6951999999999998
11
63.2671999999999954
21
-155.6951999999999998
0
LINE
8
BLACK
6
CONTINUOUS
10
63.2671999999999954
20
-155.6951999999999998
11
63.2260229999999979
21
-155.6870089999999891
0
LINE
8
BLACK
6
CONTINUOUS
10
63.2260229999999979
20
-155.6870089999999891
11
63.1911149999999964
21
-155.6636849999999868
0
LINE
8
BLACK
6
CONTINUOUS
10
63.1911149999999964
20
-155.6636849999999868
11
63.167790999999994
21
-155.6287769999999853
0
LINE
8
BLACK
6
CONTINUOUS
10
63.167790999999994
20
-155.6287769999999853
11
63.1595999999999975
21
-155.5875999999999806
0
LINE
8
BLACK
6
CONTINUOUS
10
63.1595999999999975
20
-155.5875999999999806
11
63.1595999999999975
21
-155.372399999999999
0
LINE
8
BLACK
6
CONTINUOUS
10
63.1595999999999975
20
-155.372399999999999
11
63.167790999999994
21
-155.3312229999999943
0
LINE
8
BLACK
6
CONTINUOUS
10
63.167790999999994
20
-155.3312229999999943
11
63.1911149999999964
21
-155.2963149999999928
0
LINE
8
BLACK
6
CONTINUOUS
10
63.1911149999999964
20
-155.2963149999999928
11
63.2260229999999979
21
-155.2729909999999904
0
LINE
8
BLACK
6
CONTINUOUS
10
63.2260229999999979
20
-155.2729909999999904
11
63.2671999999999954
21
-155.2647999999999797
0
LINE
8
BLACK
6
CONTINUOUS
10
63.2671999999999954
20
-155.2647999999999797
11
63.5327999999999946
21
-155.2647999999999797
0
LINE
8
BLACK
6
CONTINUOUS
10
63.5327999999999946
20
-155.2647999999999797
11
63.5739769999999993
21
-155.2729909999999904
0
LINE
8
BLACK
6
CONTINUOUS
10
60.6679999999999993
20
-155.4259999999999877
11
57.8519999999999968
21
-155.4259999999999877
0
LINE
8
BLACK
6
CONTINUOUS
10
57.8519999999999968
20
-155.4259999999999877
11
57.8519999999999968
21
-151.853999999999985
0
LINE
8
BLACK
6
CONTINUOUS
10
57.8519999999999968
20
-151.853999999999985
11
60.6679999999999993
21
-151.853999999999985
0
LINE
8
BLACK
6
CONTINUOUS
10
60.6679999999999993
20
-151.853999999999985
11
60.6679999999999993
21
-155.4259999999999877
0
LINE
8
BLACK
6
CONTINUOUS
10
53.7749689999999987
20
-154.836071000000004
11
53.8085149999999999
21
-154.8584850000000017
0
LINE
8
BLACK
6
CONTINUOUS
10
53.8085149999999999
20
-154.8584850000000017
11
53.8309289999999976
21
-154.8920310000000029
0
LINE
8
BLACK
6
CONTINUOUS
10
53.8309289999999976
20
-154.8920310000000029
11
53.8387999999999991
21
-154.9316000000000031
0
LINE
8
BLACK
6
CONTINUOUS
10
53.8387999999999991
20
-154.9316000000000031
11
53.8387999999999991
21
-155.1383999999999901
0
LINE
8
BLACK
6
CONTINUOUS
10
53.8387999999999991
20
-155.1383999999999901
11
53.8309289999999976
21
-155.1779689999999903
0
LINE
8
BLACK
6
CONTINUOUS
10
53.8309289999999976
20
-155.1779689999999903
11
53.8085149999999999
21
-155.2115149999999915
0
LINE
8
BLACK
6
CONTINUOUS
10
53.8085149999999999
20
-155.2115149999999915
11
53.7749689999999987
21
-155.2339289999999892
0
LINE
8
BLACK
6
CONTINUOUS
10
53.7749689999999987
20
-155.2339289999999892
11
53.7353999999999985
21
-155.2417999999999836
0
LINE
8
BLACK
6
CONTINUOUS
10
53.7353999999999985
20
-155.2417999999999836
11
53.4445999999999941
21
-155.2417999999999836
0
LINE
8
BLACK
6
CONTINUOUS
10
53.4445999999999941
20
-155.2417999999999836
11
53.405031000000001
21
-155.2339289999999892
0
LINE
8
BLACK
6
CONTINUOUS
10
53.405031000000001
20
-155.2339289999999892
11
53.3714849999999998
21
-155.2115149999999915
0
LINE
8
BLACK
6
CONTINUOUS
10
53.3714849999999998
20
-155.2115149999999915
11
53.349070999999995
21
-155.1779689999999903
0
LINE
8
BLACK
6
CONTINUOUS
10
53.349070999999995
20
-155.1779689999999903
11
53.3412000000000006
21
-155.1383999999999901
0
LINE
8
BLACK
6
CONTINUOUS
10
53.3412000000000006
20
-155.1383999999999901
11
53.3412000000000006
21
-154.9316000000000031
0
LINE
8
BLACK
6
CONTINUOUS
10
53.3412000000000006
20
-154.9316000000000031
11
53.349070999999995
21
-154.8920310000000029
0
LINE
8
BLACK
6
CONTINUOUS
10
53.349070999999995
20
-154.8920310000000029
11
53.3714849999999998
21
-154.8584850000000017
0
LINE
8
BLACK
6
CONTINUOUS
10
53.3714849999999998
20
-154.8584850000000017
11
53.405031000000001
21
-154.836071000000004
0
LINE
8
BLACK
6
CONTINUOUS
10
53.405031000000001
20
-154.836071000000004
11
53.4445999999999941
21
-154.8281999999999812
0
LINE
8
BLACK
6
CONTINUOUS
10
53.4445999999999941
20
-154.8281999999999812
11
53.7353999999999985
21
-154.8281999999999812
0
LINE
8
BLACK
6
CONTINUOUS
10
53.7353999999999985
20
-154.8281999999999812
11
53.7749689999999987
21
-154.836071000000004
0
LINE
8
BLACK
6
CONTINUOUS
10
54.5499689999999973
20
-154.8310709999999801
11
54.5835149999999985
21
-154.8534850000000063
0
LINE
8
BLACK
6
CONTINUOUS
10
54.5835149999999985
20
-154.8534850000000063
11
54.6059289999999962
21
-154.887030999999979
0
LINE
8
BLACK
6
CONTINUOUS
10
54.6059289999999962
20
-154.887030999999979
11
54.6137999999999977
21
-154.9265999999999792
0
LINE
8
BLACK
6
CONTINUOUS
10
54.6137999999999977
20
-154.9265999999999792
11
54.6137999999999977
21
-155.1333999999999946
0
LINE
8
BLACK
6
CONTINUOUS
10
54.6137999999999977
20
-155.1333999999999946
11
54.6059289999999962
21
-155.1729689999999948
0
LINE
8
BLACK
6
CONTINUOUS
10
54.6059289999999962
20
-155.1729689999999948
11
54.5835149999999985
21
-155.206514999999996
0
LINE
8
BLACK
6
CONTINUOUS
10
54.5835149999999985
20
-155.206514999999996
11
54.5499689999999973
21
-155.2289289999999937
0
LINE
8
BLACK
6
CONTINUOUS
10
54.5499689999999973
20
-155.2289289999999937
11
54.5103999999999971
21
-155.2367999999999881
0
LINE
8
BLACK
6
CONTINUOUS
10
54.5103999999999971
20
-155.2367999999999881
11
54.2195999999999998
21
-155.2367999999999881
0
LINE
8
BLACK
6
CONTINUOUS
10
54.2195999999999998
20
-155.2367999999999881
11
54.1800309999999996
21
-155.2289289999999937
0
LINE
8
BLACK
6
CONTINUOUS
10
54.1800309999999996
20
-155.2289289999999937
11
54.1464849999999984
21
-155.206514999999996
0
LINE
8
BLACK
6
CONTINUOUS
10
54.1464849999999984
20
-155.206514999999996
11
54.1240710000000007
21
-155.1729689999999948
0
LINE
8
BLACK
6
CONTINUOUS
10
54.1240710000000007
20
-155.1729689999999948
11
54.1161999999999992
21
-155.1333999999999946
0
LINE
8
BLACK
6
CONTINUOUS
10
54.1161999999999992
20
-155.1333999999999946
11
54.1161999999999992
21
-154.9265999999999792
0
LINE
8
BLACK
6
CONTINUOUS
10
54.1161999999999992
20
-154.9265999999999792
11
54.1240710000000007
21
-154.887030999999979
0
LINE
8
BLACK
6
CONTINUOUS
10
54.1240710000000007
20
-154.887030999999979
11
54.1464849999999984
21
-154.8534850000000063
0
LINE
8
BLACK
6
CONTINUOUS
10
54.1464849999999984
20
-154.8534850000000063
11
54.1800309999999996
21
-154.8310709999999801
0
LINE
8
BLACK
6
CONTINUOUS
10
54.1800309999999996
20
-154.8310709999999801
11
54.2195999999999998
21
-154.8231999999999857
0
LINE
8
BLACK
6
CONTINUOUS
10
54.2195999999999998
20
-154.8231999999999857
11
54.5103999999999971
21
-154.8231999999999857
0
LINE
8
BLACK
6
CONTINUOUS
10
54.5103999999999971
20
-154.8231999999999857
11
54.5499689999999973
21
-154.8310709999999801
0
LINE
8
BLACK
6
CONTINUOUS
10
50.6193999999999988
20
-155.002600000000001
11
49.7605999999999966
21
-155.002600000000001
0
LINE
8
BLACK
6
CONTINUOUS
10
49.7605999999999966
20
-155.002600000000001
11
49.7605999999999966
21
-154.5973999999999933
0
LINE
8
BLACK
6
CONTINUOUS
10
49.7605999999999966
20
-154.5973999999999933
11
50.6193999999999988
21
-154.5973999999999933
0
LINE
8
BLACK
6
CONTINUOUS
10
50.6193999999999988
20
-154.5973999999999933
11
50.6193999999999988
21
-155.002600000000001
0
LINE
8
BLACK
6
CONTINUOUS
10
52.919399999999996
20
-155.002600000000001
11
52.0606000000000009
21
-155.002600000000001
0
LINE
8
BLACK
6
CONTINUOUS
10
52.0606000000000009
20
-155.002600000000001
11
52.0606000000000009
21
-154.5973999999999933
0
LINE
8
BLACK
6
CONTINUOUS
10
52.0606000000000009
20
-154.5973999999999933
11
52.919399999999996
21
-154.5973999999999933
0
LINE
8
BLACK
6
CONTINUOUS
10
52.919399999999996
20
-154.5973999999999933
11
52.919399999999996
21
-155.002600000000001
0
LINE
8
BLACK
6
CONTINUOUS
10
73.9987639999999942
20
-154.4122349999999813
11
74.0125519999999995
21
-154.421447999999998
0
LINE
8
BLACK
6
CONTINUOUS
10
74.0125519999999995
20
-154.421447999999998
11
74.021765000000002
21
-154.4352360000000033
0
LINE
8
BLACK
6
CONTINUOUS
10
74.021765000000002
20
-154.4352360000000033
11
74.0249999999999915
21
-154.4514999999999816
0
LINE
8
BLACK
6
CONTINUOUS
10
74.0249999999999915
20
-154.4514999999999816
11
74.0249999999999915
21
-154.7464999999999975
0
LINE
8
BLACK
6
CONTINUOUS
10
74.0249999999999915
20
-154.7464999999999975
11
74.021765000000002
21
-154.7627640000000042
0
LINE
8
BLACK
6
CONTINUOUS
10
74.021765000000002
20
-154.7627640000000042
11
74.0125519999999995
21
-154.776551999999981
0
LINE
8
BLACK
6
CONTINUOUS
10
74.0125519999999995
20
-154.776551999999981
11
73.9987639999999942
21
-154.7857649999999978
0
LINE
8
BLACK
6
CONTINUOUS
10
73.9987639999999942
20
-154.7857649999999978
11
73.9825000000000017
21
-154.7889999999999873
0
LINE
8
BLACK
6
CONTINUOUS
10
73.9825000000000017
20
-154.7889999999999873
11
73.8974999999999937
21
-154.7889999999999873
0
LINE
8
BLACK
6
CONTINUOUS
10
73.8974999999999937
20
-154.7889999999999873
11
73.8812360000000012
21
-154.7857649999999978
0
LINE
8
BLACK
6
CONTINUOUS
10
73.8812360000000012
20
-154.7857649999999978
11
73.867447999999996
21
-154.776551999999981
0
LINE
8
BLACK
6
CONTINUOUS
10
73.867447999999996
20
-154.776551999999981
11
73.8582349999999934
21
-154.7627640000000042
0
LINE
8
BLACK
6
CONTINUOUS
10
73.8582349999999934
20
-154.7627640000000042
11
73.8549999999999898
21
-154.7464999999999975
0
LINE
8
BLACK
6
CONTINUOUS
10
73.8549999999999898
20
-154.7464999999999975
11
73.8549999999999898
21
-154.4514999999999816
0
LINE
8
BLACK
6
CONTINUOUS
10
73.8549999999999898
20
-154.4514999999999816
11
73.8582349999999934
21
-154.4352360000000033
0
LINE
8
BLACK
6
CONTINUOUS
10
73.8582349999999934
20
-154.4352360000000033
11
73.867447999999996
21
-154.421447999999998
0
LINE
8
BLACK
6
CONTINUOUS
10
73.867447999999996
20
-154.421447999999998
11
73.8812360000000012
21
-154.4122349999999813
0
LINE
8
BLACK
6
CONTINUOUS
10
73.8812360000000012
20
-154.4122349999999813
11
73.8974999999999937
21
-154.4089999999999918
0
LINE
8
BLACK
6
CONTINUOUS
10
73.8974999999999937
20
-154.4089999999999918
11
73.9825000000000017
21
-154.4089999999999918
0
LINE
8
BLACK
6
CONTINUOUS
10
73.9825000000000017
20
-154.4089999999999918
11
73.9987639999999942
21
-154.4122349999999813
0
LINE
8
BLACK
6
CONTINUOUS
10
74.4987639999999942
20
-154.4122349999999813
11
74.5125519999999995
21
-154.421447999999998
0
LINE
8
BLACK
6
CONTINUOUS
10
74.5125519999999995
20
-154.421447999999998
11
74.521765000000002
21
-154.4352360000000033
0
LINE
8
BLACK
6
CONTINUOUS
10
74.521765000000002
20
-154.4352360000000033
11
74.5249999999999915
21
-154.4514999999999816
0
LINE
8
BLACK
6
CONTINUOUS
10
74.5249999999999915
20
-154.4514999999999816
11
74.5249999999999915
21
-154.7464999999999975
0
LINE
8
BLACK
6
CONTINUOUS
10
74.5249999999999915
20
-154.7464999999999975
11
74.521765000000002
21
-154.7627640000000042
0
LINE
8
BLACK
6
CONTINUOUS
10
74.521765000000002
20
-154.7627640000000042
11
74.5125519999999995
21
-154.776551999999981
0
LINE
8
BLACK
6
CONTINUOUS
10
74.5125519999999995
20
-154.776551999999981
11
74.4987639999999942
21
-154.7857649999999978
0
LINE
8
BLACK
6
CONTINUOUS
10
74.4987639999999942
20
-154.7857649999999978
11
74.4825000000000017
21
-154.7889999999999873
0
LINE
8
BLACK
6
CONTINUOUS
10
74.4825000000000017
20
-154.7889999999999873
11
74.3974999999999937
21
-154.7889999999999873
0
LINE
8
BLACK
6
CONTINUOUS
10
74.3974999999999937
20
-154.7889999999999873
11
74.3812360000000012
21
-154.7857649999999978
0
LINE
8
BLACK
6
CONTINUOUS
10
74.3812360000000012
20
-154.7857649999999978
11
74.367447999999996
21
-154.776551999999981
0
LINE
8
BLACK
6
CONTINUOUS
10
74.367447999999996
20
-154.776551999999981
11
74.3582349999999934
21
-154.7627640000000042
0
LINE
8
BLACK
6
CONTINUOUS
10
74.3582349999999934
20
-154.7627640000000042
11
74.3549999999999898
21
-154.7464999999999975
0
LINE
8
BLACK
6
CONTINUOUS
10
74.3549999999999898
20
-154.7464999999999975
11
74.3549999999999898
21
-154.4514999999999816
0
LINE
8
BLACK
6
CONTINUOUS
10
74.3549999999999898
20
-154.4514999999999816
11
74.3582349999999934
21
-154.4352360000000033
0
LINE
8
BLACK
6
CONTINUOUS
10
74.3582349999999934
20
-154.4352360000000033
11
74.367447999999996
21
-154.421447999999998
0
LINE
8
BLACK
6
CONTINUOUS
10
74.367447999999996
20
-154.421447999999998
11
74.3812360000000012
21
-154.4122349999999813
0
LINE
8
BLACK
6
CONTINUOUS
10
74.3812360000000012
20
-154.4122349999999813
11
74.3974999999999937
21
-154.4089999999999918
0
LINE
8
BLACK
6
CONTINUOUS
10
74.3974999999999937
20
-154.4089999999999918
11
74.4825000000000017
21
-154.4089999999999918
0
LINE
8
BLACK
6
CONTINUOUS
10
74.4825000000000017
20
-154.4089999999999918
11
74.4987639999999942
21
-154.4122349999999813
0
LINE
8
BLACK
6
CONTINUOUS
10
74.9987639999999942
20
-154.4122349999999813
11
75.0125519999999995
21
-154.421447999999998
0
LINE
8
BLACK
6
CONTINUOUS
10
75.0125519999999995
20
-154.421447999999998
11
75.021765000000002
21
-154.4352360000000033
0
LINE
8
BLACK
6
CONTINUOUS
10
75.021765000000002
20
-154.4352360000000033
11
75.0249999999999915
21
-154.4514999999999816
0
LINE
8
BLACK
6
CONTINUOUS
10
75.0249999999999915
20
-154.4514999999999816
11
75.0249999999999915
21
-154.7464999999999975
0
LINE
8
BLACK
6
CONTINUOUS
10
75.0249999999999915
20
-154.7464999999999975
11
75.021765000000002
21
-154.7627640000000042
0
LINE
8
BLACK
6
CONTINUOUS
10
75.021765000000002
20
-154.7627640000000042
11
75.0125519999999995
21
-154.776551999999981
0
LINE
8
BLACK
6
CONTINUOUS
10
75.0125519999999995
20
-154.776551999999981
11
74.9987639999999942
21
-154.7857649999999978
0
LINE
8
BLACK
6
CONTINUOUS
10
74.9987639999999942
20
-154.7857649999999978
11
74.9825000000000017
21
-154.7889999999999873
0
LINE
8
BLACK
6
CONTINUOUS
10
74.9825000000000017
20
-154.7889999999999873
11
74.8974999999999937
21
-154.7889999999999873
0
LINE
8
BLACK
6
CONTINUOUS
10
74.8974999999999937
20
-154.7889999999999873
11
74.8812360000000012
21
-154.7857649999999978
0
LINE
8
BLACK
6
CONTINUOUS
10
74.8812360000000012
20
-154.7857649999999978
11
74.867447999999996
21
-154.776551999999981
0
LINE
8
BLACK
6
CONTINUOUS
10
74.867447999999996
20
-154.776551999999981
11
74.8582349999999934
21
-154.7627640000000042
0
LINE
8
BLACK
6
CONTINUOUS
10
74.8582349999999934
20
-154.7627640000000042
11
74.8549999999999898
21
-154.7464999999999975
0
LINE
8
BLACK
6
CONTINUOUS
10
74.8549999999999898
20
-154.7464999999999975
11
74.8549999999999898
21
-154.4514999999999816
0
LINE
8
BLACK
6
CONTINUOUS
10
74.8549999999999898
20
-154.4514999999999816
11
74.8582349999999934
21
-154.4352360000000033
0
LINE
8
BLACK
6
CONTINUOUS
10
74.8582349999999934
20
-154.4352360000000033
11
74.867447999999996
21
-154.421447999999998
0
LINE
8
BLACK
6
CONTINUOUS
10
74.867447999999996
20
-154.421447999999998
11
74.8812360000000012
21
-154.4122349999999813
0
LINE
8
BLACK
6
CONTINUOUS
10
74.8812360000000012
20
-154.4122349999999813
11
74.8974999999999937
21
-154.4089999999999918
0
LINE
8
BLACK
6
CONTINUOUS
10
74.8974999999999937
20
-154.4089999999999918
11
74.9825000000000017
21
-154.4089999999999918
0
LINE
8
BLACK
6
CONTINUOUS
10
74.9825000000000017
20
-154.4089999999999918
11
74.9987639999999942
21
-154.4122349999999813
0
LINE
8
BLACK
6
CONTINUOUS
10
75.4987639999999942
20
-154.4122349999999813
11
75.5125519999999995
21
-154.421447999999998
0
LINE
8
BLACK
6
CONTINUOUS
10
75.5125519999999995
20
-154.421447999999998
11
75.521765000000002
21
-154.4352360000000033
0
LINE
8
BLACK
6
CONTINUOUS
10
75.521765000000002
20
-154.4352360000000033
11
75.5249999999999915
21
-154.4514999999999816
0
LINE
8
BLACK
6
CONTINUOUS
10
75.5249999999999915
20
-154.4514999999999816
11
75.5249999999999915
21
-154.7464999999999975
0
LINE
8
BLACK
6
CONTINUOUS
10
75.5249999999999915
20
-154.7464999999999975
11
75.521765000000002
21
-154.7627640000000042
0
LINE
8
BLACK
6
CONTINUOUS
10
75.521765000000002
20
-154.7627640000000042
11
75.5125519999999995
21
-154.776551999999981
0
LINE
8
BLACK
6
CONTINUOUS
10
75.5125519999999995
20
-154.776551999999981
11
75.4987639999999942
21
-154.7857649999999978
0
LINE
8
BLACK
6
CONTINUOUS
10
75.4987639999999942
20
-154.7857649999999978
11
75.4825000000000017
21
-154.7889999999999873
0
LINE
8
BLACK
6
CONTINUOUS
10
75.4825000000000017
20
-154.7889999999999873
11
75.3974999999999937
21
-154.7889999999999873
0
LINE
8
BLACK
6
CONTINUOUS
10
75.3974999999999937
20
-154.7889999999999873
11
75.3812360000000012
21
-154.7857649999999978
0
LINE
8
BLACK
6
CONTINUOUS
10
75.3812360000000012
20
-154.7857649999999978
11
75.367447999999996
21
-154.776551999999981
0
LINE
8
BLACK
6
CONTINUOUS
10
75.367447999999996
20
-154.776551999999981
11
75.3582349999999934
21
-154.7627640000000042
0
LINE
8
BLACK
6
CONTINUOUS
10
75.3582349999999934
20
-154.7627640000000042
11
75.3549999999999898
21
-154.7464999999999975
0
LINE
8
BLACK
6
CONTINUOUS
10
75.3549999999999898
20
-154.7464999999999975
11
75.3549999999999898
21
-154.4514999999999816
0
LINE
8
BLACK
6
CONTINUOUS
10
75.3549999999999898
20
-154.4514999999999816
11
75.3582349999999934
21
-154.4352360000000033
0
LINE
8
BLACK
6
CONTINUOUS
10
75.3582349999999934
20
-154.4352360000000033
11
75.367447999999996
21
-154.421447999999998
0
LINE
8
BLACK
6
CONTINUOUS
10
75.367447999999996
20
-154.421447999999998
11
75.3812360000000012
21
-154.4122349999999813
0
LINE
8
BLACK
6
CONTINUOUS
10
75.3812360000000012
20
-154.4122349999999813
11
75.3974999999999937
21
-154.4089999999999918
0
LINE
8
BLACK
6
CONTINUOUS
10
75.3974999999999937
20
-154.4089999999999918
11
75.4825000000000017
21
-154.4089999999999918
0
LINE
8
BLACK
6
CONTINUOUS
10
75.4825000000000017
20
-154.4089999999999918
11
75.4987639999999942
21
-154.4122349999999813
0
LINE
8
BLACK
6
CONTINUOUS
10
63.5739769999999993
20
-154.3129909999999825
11
63.6088849999999937
21
-154.3363149999999848
0
LINE
8
BLACK
6
CONTINUOUS
10
63.6088849999999937
20
-154.3363149999999848
11
63.632208999999996
21
-154.3712229999999863
0
LINE
8
BLACK
6
CONTINUOUS
10
63.632208999999996
20
-154.3712229999999863
11
63.6403999999999996
21
-154.412399999999991
0
LINE
8
BLACK
6
CONTINUOUS
10
63.6403999999999996
20
-154.412399999999991
11
63.6403999999999996
21
-154.627600000000001
0
LINE
8
BLACK
6
CONTINUOUS
10
63.6403999999999996
20
-154.627600000000001
11
63.632208999999996
21
-154.6687770000000057
0
LINE
8
BLACK
6
CONTINUOUS
10
63.632208999999996
20
-154.6687770000000057
11
63.6088849999999937
21
-154.7036849999999788
0
LINE
8
BLACK
6
CONTINUOUS
10
63.6088849999999937
20
-154.7036849999999788
11
63.5739769999999993
21
-154.7270089999999811
0
LINE
8
BLACK
6
CONTINUOUS
10
63.5739769999999993
20
-154.7270089999999811
11
63.5327999999999946
21
-154.7351999999999919
0
LINE
8
BLACK
6
CONTINUOUS
10
63.5327999999999946
20
-154.7351999999999919
11
63.2671999999999954
21
-154.7351999999999919
0
LINE
8
BLACK
6
CONTINUOUS
10
63.2671999999999954
20
-154.7351999999999919
11
63.2260229999999979
21
-154.7270089999999811
0
LINE
8
BLACK
6
CONTINUOUS
10
63.2260229999999979
20
-154.7270089999999811
11
63.1911149999999964
21
-154.7036849999999788
0
LINE
8
BLACK
6
CONTINUOUS
10
63.1911149999999964
20
-154.7036849999999788
11
63.167790999999994
21
-154.6687770000000057
0
LINE
8
BLACK
6
CONTINUOUS
10
63.167790999999994
20
-154.6687770000000057
11
63.1595999999999975
21
-154.627600000000001
0
LINE
8
BLACK
6
CONTINUOUS
10
63.1595999999999975
20
-154.627600000000001
11
63.1595999999999975
21
-154.412399999999991
0
LINE
8
BLACK
6
CONTINUOUS
10
63.1595999999999975
20
-154.412399999999991
11
63.167790999999994
21
-154.3712229999999863
0
LINE
8
BLACK
6
CONTINUOUS
10
63.167790999999994
20
-154.3712229999999863
11
63.1911149999999964
21
-154.3363149999999848
0
LINE
8
BLACK
6
CONTINUOUS
10
63.1911149999999964
20
-154.3363149999999848
11
63.2260229999999979
21
-154.3129909999999825
0
LINE
8
BLACK
6
CONTINUOUS
10
63.2260229999999979
20
-154.3129909999999825
11
63.2671999999999954
21
-154.3048000000000002
0
LINE
8
BLACK
6
CONTINUOUS
10
63.2671999999999954
20
-154.3048000000000002
11
63.5327999999999946
21
-154.3048000000000002
0
LINE
8
BLACK
6
CONTINUOUS
10
63.5327999999999946
20
-154.3048000000000002
11
63.5739769999999993
21
-154.3129909999999825
0
LINE
8
BLACK
6
CONTINUOUS
10
56.5876219999999961
20
-154.0506959999999879
11
56.6682259999999971
21
-154.0840829999999926
0
LINE
8
BLACK
6
CONTINUOUS
10
56.6682259999999971
20
-154.0840829999999926
11
56.7299170000000004
21
-154.1457739999999887
0
LINE
8
BLACK
6
CONTINUOUS
10
56.7299170000000004
20
-154.1457739999999887
11
56.763303999999998
21
-154.2263779999999826
0
LINE
8
BLACK
6
CONTINUOUS
10
56.763303999999998
20
-154.2263779999999826
11
56.763303999999998
21
-154.313621999999981
0
LINE
8
BLACK
6
CONTINUOUS
10
56.763303999999998
20
-154.313621999999981
11
56.7299170000000004
21
-154.3942260000000033
0
LINE
8
BLACK
6
CONTINUOUS
10
56.7299170000000004
20
-154.3942260000000033
11
56.6682259999999971
21
-154.4559169999999995
0
LINE
8
BLACK
6
CONTINUOUS
10
56.6682259999999971
20
-154.4559169999999995
11
56.5876219999999961
21
-154.4893040000000042
0
LINE
8
BLACK
6
CONTINUOUS
10
56.5876219999999961
20
-154.4893040000000042
11
56.5439999999999969
21
-154.4935999999999865
0
LINE
8
BLACK
6
CONTINUOUS
10
56.5439999999999969
20
-154.4935999999999865
11
55.955999999999996
21
-154.4935999999999865
0
LINE
8
BLACK
6
CONTINUOUS
10
55.955999999999996
20
-154.4935999999999865
11
55.9123779999999968
21
-154.4893040000000042
0
LINE
8
BLACK
6
CONTINUOUS
10
55.9123779999999968
20
-154.4893040000000042
11
55.8317739999999958
21
-154.4559169999999995
0
LINE
8
BLACK
6
CONTINUOUS
10
55.8317739999999958
20
-154.4559169999999995
11
55.7700829999999996
21
-154.3942260000000033
0
LINE
8
BLACK
6
CONTINUOUS
10
55.7700829999999996
20
-154.3942260000000033
11
55.7366959999999949
21
-154.313621999999981
0
LINE
8
BLACK
6
CONTINUOUS
10
55.7366959999999949
20
-154.313621999999981
11
55.7366959999999949
21
-154.2263779999999826
0
LINE
8
BLACK
6
CONTINUOUS
10
55.7366959999999949
20
-154.2263779999999826
11
55.7700829999999996
21
-154.1457739999999887
0
LINE
8
BLACK
6
CONTINUOUS
10
55.7700829999999996
20
-154.1457739999999887
11
55.8317739999999958
21
-154.0840829999999926
0
LINE
8
BLACK
6
CONTINUOUS
10
55.8317739999999958
20
-154.0840829999999926
11
55.9123779999999968
21
-154.0506959999999879
0
LINE
8
BLACK
6
CONTINUOUS
10
55.9123779999999968
20
-154.0506959999999879
11
55.955999999999996
21
-154.0464000000000055
0
LINE
8
BLACK
6
CONTINUOUS
10
55.955999999999996
20
-154.0464000000000055
11
56.5439999999999969
21
-154.0464000000000055
0
LINE
8
BLACK
6
CONTINUOUS
10
56.5439999999999969
20
-154.0464000000000055
11
56.5876219999999961
21
-154.0506959999999879
0
LINE
8
BLACK
6
CONTINUOUS
10
62.6076219999999992
20
-154.0506959999999879
11
62.6882260000000002
21
-154.0840829999999926
0
LINE
8
BLACK
6
CONTINUOUS
10
62.6882260000000002
20
-154.0840829999999926
11
62.7499169999999964
21
-154.1457739999999887
0
LINE
8
BLACK
6
CONTINUOUS
10
62.7499169999999964
20
-154.1457739999999887
11
62.783303999999994
21
-154.2263779999999826
0
LINE
8
BLACK
6
CONTINUOUS
10
62.783303999999994
20
-154.2263779999999826
11
62.783303999999994
21
-154.313621999999981
0
LINE
8
BLACK
6
CONTINUOUS
10
62.783303999999994
20
-154.313621999999981
11
62.7499169999999964
21
-154.3942260000000033
0
LINE
8
BLACK
6
CONTINUOUS
10
62.7499169999999964
20
-154.3942260000000033
11
62.6882260000000002
21
-154.4559169999999995
0
LINE
8
BLACK
6
CONTINUOUS
10
62.6882260000000002
20
-154.4559169999999995
11
62.6076219999999992
21
-154.4893040000000042
0
LINE
8
BLACK
6
CONTINUOUS
10
62.6076219999999992
20
-154.4893040000000042
11
62.5640000000000001
21
-154.4935999999999865
0
LINE
8
BLACK
6
CONTINUOUS
10
62.5640000000000001
20
-154.4935999999999865
11
61.9759999999999991
21
-154.4935999999999865
0
LINE
8
BLACK
6
CONTINUOUS
10
61.9759999999999991
20
-154.4935999999999865
11
61.9323779999999999
21
-154.4893040000000042
0
LINE
8
BLACK
6
CONTINUOUS
10
61.9323779999999999
20
-154.4893040000000042
11
61.8517739999999989
21
-154.4559169999999995
0
LINE
8
BLACK
6
CONTINUOUS
10
61.8517739999999989
20
-154.4559169999999995
11
61.7900829999999956
21
-154.3942260000000033
0
LINE
8
BLACK
6
CONTINUOUS
10
61.7900829999999956
20
-154.3942260000000033
11
61.756695999999998
21
-154.313621999999981
0
LINE
8
BLACK
6
CONTINUOUS
10
61.756695999999998
20
-154.313621999999981
11
61.756695999999998
21
-154.2263779999999826
0
LINE
8
BLACK
6
CONTINUOUS
10
61.756695999999998
20
-154.2263779999999826
11
61.7900829999999956
21
-154.1457739999999887
0
LINE
8
BLACK
6
CONTINUOUS
10
61.7900829999999956
20
-154.1457739999999887
11
61.8517739999999989
21
-154.0840829999999926
0
LINE
8
BLACK
6
CONTINUOUS
10
61.8517739999999989
20
-154.0840829999999926
11
61.9323779999999999
21
-154.0506959999999879
0
LINE
8
BLACK
6
CONTINUOUS
10
61.9323779999999999
20
-154.0506959999999879
11
61.9759999999999991
21
-154.0464000000000055
0
LINE
8
BLACK
6
CONTINUOUS
10
61.9759999999999991
20
-154.0464000000000055
11
62.5640000000000001
21
-154.0464000000000055
0
LINE
8
BLACK
6
CONTINUOUS
10
62.5640000000000001
20
-154.0464000000000055
11
62.6076219999999992
21
-154.0506959999999879
0
LINE
8
BLACK
6
CONTINUOUS
10
50.4415369999999967
20
-153.0762239999999963
11
50.506420999999996
21
-153.1195789999999874
0
LINE
8
BLACK
6
CONTINUOUS
10
50.506420999999996
20
-153.1195789999999874
11
50.5497759999999943
21
-153.1844629999999938
0
LINE
8
BLACK
6
CONTINUOUS
10
50.5497759999999943
20
-153.1844629999999938
11
50.5649999999999977
21
-153.2609999999999957
0
LINE
8
BLACK
6
CONTINUOUS
10
50.5649999999999977
20
-153.2609999999999957
11
50.5649999999999977
21
-154.0389999999999873
0
LINE
8
BLACK
6
CONTINUOUS
10
50.5649999999999977
20
-154.0389999999999873
11
50.5497759999999943
21
-154.1155369999999891
0
LINE
8
BLACK
6
CONTINUOUS
10
50.5497759999999943
20
-154.1155369999999891
11
50.506420999999996
21
-154.1804209999999955
0
LINE
8
BLACK
6
CONTINUOUS
10
50.506420999999996
20
-154.1804209999999955
11
50.4415369999999967
21
-154.2237759999999867
0
LINE
8
BLACK
6
CONTINUOUS
10
50.4415369999999967
20
-154.2237759999999867
11
50.3649999999999949
21
-154.2390000000000043
0
LINE
8
BLACK
6
CONTINUOUS
10
50.3649999999999949
20
-154.2390000000000043
11
49.9649999999999963
21
-154.2390000000000043
0
LINE
8
BLACK
6
CONTINUOUS
10
49.9649999999999963
20
-154.2390000000000043
11
49.8884629999999945
21
-154.2237759999999867
0
LINE
8
BLACK
6
CONTINUOUS
10
49.8884629999999945
20
-154.2237759999999867
11
49.8235789999999952
21
-154.1804209999999955
0
LINE
8
BLACK
6
CONTINUOUS
10
49.8235789999999952
20
-154.1804209999999955
11
49.7802239999999969
21
-154.1155369999999891
0
LINE
8
BLACK
6
CONTINUOUS
10
49.7802239999999969
20
-154.1155369999999891
11
49.7650000000000006
21
-154.0389999999999873
0
LINE
8
BLACK
6
CONTINUOUS
10
49.7650000000000006
20
-154.0389999999999873
11
49.7650000000000006
21
-153.2609999999999957
0
LINE
8
BLACK
6
CONTINUOUS
10
49.7650000000000006
20
-153.2609999999999957
11
49.7802239999999969
21
-153.1844629999999938
0
LINE
8
BLACK
6
CONTINUOUS
10
49.7802239999999969
20
-153.1844629999999938
11
49.8235789999999952
21
-153.1195789999999874
0
LINE
8
BLACK
6
CONTINUOUS
10
49.8235789999999952
20
-153.1195789999999874
11
49.8884629999999945
21
-153.0762239999999963
0
LINE
8
BLACK
6
CONTINUOUS
10
49.8884629999999945
20
-153.0762239999999963
11
49.9649999999999963
21
-153.061000000000007
0
LINE
8
BLACK
6
CONTINUOUS
10
49.9649999999999963
20
-153.061000000000007
11
50.3649999999999949
21
-153.061000000000007
0
LINE
8
BLACK
6
CONTINUOUS
10
50.3649999999999949
20
-153.061000000000007
11
50.4415369999999967
21
-153.0762239999999963
0
LINE
8
BLACK
6
CONTINUOUS
10
52.3415369999999953
20
-153.0762239999999963
11
52.4064209999999946
21
-153.1195789999999874
0
LINE
8
BLACK
6
CONTINUOUS
10
52.4064209999999946
20
-153.1195789999999874
11
52.449776
21
-153.1844629999999938
0
LINE
8
BLACK
6
CONTINUOUS
10
52.449776
20
-153.1844629999999938
11
52.4649999999999963
21
-153.2609999999999957
0
LINE
8
BLACK
6
CONTINUOUS
10
52.4649999999999963
20
-153.2609999999999957
11
52.4649999999999963
21
-154.0389999999999873
0
LINE
8
BLACK
6
CONTINUOUS
10
52.4649999999999963
20
-154.0389999999999873
11
52.449776
21
-154.1155369999999891
0
LINE
8
BLACK
6
CONTINUOUS
10
52.449776
20
-154.1155369999999891
11
52.4064209999999946
21
-154.1804209999999955
0
LINE
8
BLACK
6
CONTINUOUS
10
52.4064209999999946
20
-154.1804209999999955
11
52.3415369999999953
21
-154.2237759999999867
0
LINE
8
BLACK
6
CONTINUOUS
10
52.3415369999999953
20
-154.2237759999999867
11
52.2650000000000006
21
-154.2390000000000043
0
LINE
8
BLACK
6
CONTINUOUS
10
52.2650000000000006
20
-154.2390000000000043
11
51.8649999999999949
21
-154.2390000000000043
0
LINE
8
BLACK
6
CONTINUOUS
10
51.8649999999999949
20
-154.2390000000000043
11
51.7884630000000001
21
-154.2237759999999867
0
LINE
8
BLACK
6
CONTINUOUS
10
51.7884630000000001
20
-154.2237759999999867
11
51.7235790000000009
21
-154.1804209999999955
0
LINE
8
BLACK
6
CONTINUOUS
10
51.7235790000000009
20
-154.1804209999999955
11
51.6802239999999955
21
-154.1155369999999891
0
LINE
8
BLACK
6
CONTINUOUS
10
51.6802239999999955
20
-154.1155369999999891
11
51.6649999999999991
21
-154.0389999999999873
0
LINE
8
BLACK
6
CONTINUOUS
10
51.6649999999999991
20
-154.0389999999999873
11
51.6649999999999991
21
-153.2609999999999957
0
LINE
8
BLACK
6
CONTINUOUS
10
51.6649999999999991
20
-153.2609999999999957
11
51.6802239999999955
21
-153.1844629999999938
0
LINE
8
BLACK
6
CONTINUOUS
10
51.6802239999999955
20
-153.1844629999999938
11
51.7235790000000009
21
-153.1195789999999874
0
LINE
8
BLACK
6
CONTINUOUS
10
51.7235790000000009
20
-153.1195789999999874
11
51.7884630000000001
21
-153.0762239999999963
0
LINE
8
BLACK
6
CONTINUOUS
10
51.7884630000000001
20
-153.0762239999999963
11
51.8649999999999949
21
-153.061000000000007
0
LINE
8
BLACK
6
CONTINUOUS
10
51.8649999999999949
20
-153.061000000000007
11
52.2650000000000006
21
-153.061000000000007
0
LINE
8
BLACK
6
CONTINUOUS
10
52.2650000000000006
20
-153.061000000000007
11
52.3415369999999953
21
-153.0762239999999963
0
LINE
8
BLACK
6
CONTINUOUS
10
76.6149690000000021
20
-153.6400710000000061
11
76.6485150000000033
21
-153.6624850000000038
0
LINE
8
BLACK
6
CONTINUOUS
10
76.6485150000000033
20
-153.6624850000000038
11
76.670929000000001
21
-153.696031000000005
0
LINE
8
BLACK
6
CONTINUOUS
10
76.670929000000001
20
-153.696031000000005
11
76.6787999999999954
21
-153.7356000000000051
0
LINE
8
BLACK
6
CONTINUOUS
10
76.6787999999999954
20
-153.7356000000000051
11
76.6787999999999954
21
-153.9423999999999921
0
LINE
8
BLACK
6
CONTINUOUS
10
76.6787999999999954
20
-153.9423999999999921
11
76.670929000000001
21
-153.9819689999999923
0
LINE
8
BLACK
6
CONTINUOUS
10
76.670929000000001
20
-153.9819689999999923
11
76.6485150000000033
21
-154.0155149999999935
0
LINE
8
BLACK
6
CONTINUOUS
10
76.6485150000000033
20
-154.0155149999999935
11
76.6149690000000021
21
-154.0379289999999912
0
LINE
8
BLACK
6
CONTINUOUS
10
76.6149690000000021
20
-154.0379289999999912
11
76.5754000000000019
21
-154.0457999999999856
0
LINE
8
BLACK
6
CONTINUOUS
10
76.5754000000000019
20
-154.0457999999999856
11
76.2845999999999975
21
-154.0457999999999856
0
LINE
8
BLACK
6
CONTINUOUS
10
76.2845999999999975
20
-154.0457999999999856
11
76.2450309999999973
21
-154.0379289999999912
0
LINE
8
BLACK
6
CONTINUOUS
10
76.2450309999999973
20
-154.0379289999999912
11
76.2114849999999961
21
-154.0155149999999935
0
LINE
8
BLACK
6
CONTINUOUS
10
76.2114849999999961
20
-154.0155149999999935
11
76.1890709999999984
21
-153.9819689999999923
0
LINE
8
BLACK
6
CONTINUOUS
10
76.1890709999999984
20
-153.9819689999999923
11
76.1811999999999898
21
-153.9423999999999921
0
LINE
8
BLACK
6
CONTINUOUS
10
76.1811999999999898
20
-153.9423999999999921
11
76.1811999999999898
21
-153.7356000000000051
0
LINE
8
BLACK
6
CONTINUOUS
10
76.1811999999999898
20
-153.7356000000000051
11
76.1890709999999984
21
-153.696031000000005
0
LINE
8
BLACK
6
CONTINUOUS
10
76.1890709999999984
20
-153.696031000000005
11
76.2114849999999961
21
-153.6624850000000038
0
LINE
8
BLACK
6
CONTINUOUS
10
76.2114849999999961
20
-153.6624850000000038
11
76.2450309999999973
21
-153.6400710000000061
0
LINE
8
BLACK
6
CONTINUOUS
10
76.2450309999999973
20
-153.6400710000000061
11
76.2845999999999975
21
-153.6321999999999832
0
LINE
8
BLACK
6
CONTINUOUS
10
76.2845999999999975
20
-153.6321999999999832
11
76.5754000000000019
21
-153.6321999999999832
0
LINE
8
BLACK
6
CONTINUOUS
10
76.5754000000000019
20
-153.6321999999999832
11
76.6149690000000021
21
-153.6400710000000061
0
LINE
8
BLACK
6
CONTINUOUS
10
74.6149999999999949
20
-154.0240000000000009
11
73.9650000000000034
21
-154.0240000000000009
0
LINE
8
BLACK
6
CONTINUOUS
10
73.9650000000000034
20
-154.0240000000000009
11
73.9650000000000034
21
-153.2740000000000009
0
LINE
8
BLACK
6
CONTINUOUS
10
73.9650000000000034
20
-153.2740000000000009
11
74.6149999999999949
21
-153.2740000000000009
0
LINE
8
BLACK
6
CONTINUOUS
10
74.6149999999999949
20
-153.2740000000000009
11
74.6149999999999949
21
-154.0240000000000009
0
LINE
8
BLACK
6
CONTINUOUS
10
75.414999999999992
20
-154.0240000000000009
11
74.7650000000000006
21
-154.0240000000000009
0
LINE
8
BLACK
6
CONTINUOUS
10
74.7650000000000006
20
-154.0240000000000009
11
74.7650000000000006
21
-153.2740000000000009
0
LINE
8
BLACK
6
CONTINUOUS
10
74.7650000000000006
20
-153.2740000000000009
11
75.414999999999992
21
-153.2740000000000009
0
LINE
8
BLACK
6
CONTINUOUS
10
75.414999999999992
20
-153.2740000000000009
11
75.414999999999992
21
-154.0240000000000009
0
LINE
8
BLACK
6
CONTINUOUS
10
47.6624999999999943
20
-152.9846259999999916
11
47.7205719999999971
21
-153.0234279999999956
0
LINE
8
BLACK
6
CONTINUOUS
10
47.7205719999999971
20
-153.0234279999999956
11
47.7593740000000011
21
-153.0815000000000055
0
LINE
8
BLACK
6
CONTINUOUS
10
47.7593740000000011
20
-153.0815000000000055
11
47.7729999999999961
21
-153.1500000000000057
0
LINE
8
BLACK
6
CONTINUOUS
10
47.7729999999999961
20
-153.1500000000000057
11
47.7729999999999961
21
-153.5499999999999829
0
LINE
8
BLACK
6
CONTINUOUS
10
47.7729999999999961
20
-153.5499999999999829
11
47.7593740000000011
21
-153.6184999999999832
0
LINE
8
BLACK
6
CONTINUOUS
10
47.7593740000000011
20
-153.6184999999999832
11
47.7205719999999971
21
-153.6765719999999931
0
LINE
8
BLACK
6
CONTINUOUS
10
47.7205719999999971
20
-153.6765719999999931
11
47.6624999999999943
21
-153.7153739999999971
0
LINE
8
BLACK
6
CONTINUOUS
10
47.6624999999999943
20
-153.7153739999999971
11
47.5940000000000012
21
-153.728999999999985
0
LINE
8
BLACK
6
CONTINUOUS
10
47.5940000000000012
20
-153.728999999999985
11
47.2359999999999971
21
-153.728999999999985
0
LINE
8
BLACK
6
CONTINUOUS
10
47.2359999999999971
20
-153.728999999999985
11
47.1674999999999969
21
-153.7153739999999971
0
LINE
8
BLACK
6
CONTINUOUS
10
47.1674999999999969
20
-153.7153739999999971
11
47.1094280000000012
21
-153.6765719999999931
0
LINE
8
BLACK
6
CONTINUOUS
10
47.1094280000000012
20
-153.6765719999999931
11
47.0706259999999972
21
-153.6184999999999832
0
LINE
8
BLACK
6
CONTINUOUS
10
47.0706259999999972
20
-153.6184999999999832
11
47.0569999999999951
21
-153.5499999999999829
0
LINE
8
BLACK
6
CONTINUOUS
10
47.0569999999999951
20
-153.5499999999999829
11
47.0569999999999951
21
-153.1500000000000057
0
LINE
8
BLACK
6
CONTINUOUS
10
47.0569999999999951
20
-153.1500000000000057
11
47.0706259999999972
21
-153.0815000000000055
0
LINE
8
BLACK
6
CONTINUOUS
10
47.0706259999999972
20
-153.0815000000000055
11
47.1094280000000012
21
-153.0234279999999956
0
LINE
8
BLACK
6
CONTINUOUS
10
47.1094280000000012
20
-153.0234279999999956
11
47.1674999999999969
21
-152.9846259999999916
0
LINE
8
BLACK
6
CONTINUOUS
10
47.1674999999999969
20
-152.9846259999999916
11
47.2359999999999971
21
-152.9710000000000036
0
LINE
8
BLACK
6
CONTINUOUS
10
47.2359999999999971
20
-152.9710000000000036
11
47.5940000000000012
21
-152.9710000000000036
0
LINE
8
BLACK
6
CONTINUOUS
10
47.5940000000000012
20
-152.9710000000000036
11
47.6624999999999943
21
-152.9846259999999916
0
LINE
8
BLACK
6
CONTINUOUS
10
49.2124999999999986
20
-152.9846259999999916
11
49.2705719999999943
21
-153.0234279999999956
0
LINE
8
BLACK
6
CONTINUOUS
10
49.2705719999999943
20
-153.0234279999999956
11
49.3093739999999983
21
-153.0815000000000055
0
LINE
8
BLACK
6
CONTINUOUS
10
49.3093739999999983
20
-153.0815000000000055
11
49.3230000000000004
21
-153.1500000000000057
0
LINE
8
BLACK
6
CONTINUOUS
10
49.3230000000000004
20
-153.1500000000000057
11
49.3230000000000004
21
-153.5499999999999829
0
LINE
8
BLACK
6
CONTINUOUS
10
49.3230000000000004
20
-153.5499999999999829
11
49.3093739999999983
21
-153.6184999999999832
0
LINE
8
BLACK
6
CONTINUOUS
10
49.3093739999999983
20
-153.6184999999999832
11
49.2705719999999943
21
-153.6765719999999931
0
LINE
8
BLACK
6
CONTINUOUS
10
49.2705719999999943
20
-153.6765719999999931
11
49.2124999999999986
21
-153.7153739999999971
0
LINE
8
BLACK
6
CONTINUOUS
10
49.2124999999999986
20
-153.7153739999999971
11
49.1439999999999984
21
-153.728999999999985
0
LINE
8
BLACK
6
CONTINUOUS
10
49.1439999999999984
20
-153.728999999999985
11
48.7859999999999943
21
-153.728999999999985
0
LINE
8
BLACK
6
CONTINUOUS
10
48.7859999999999943
20
-153.728999999999985
11
48.7175000000000011
21
-153.7153739999999971
0
LINE
8
BLACK
6
CONTINUOUS
10
48.7175000000000011
20
-153.7153739999999971
11
48.6594279999999983
21
-153.6765719999999931
0
LINE
8
BLACK
6
CONTINUOUS
10
48.6594279999999983
20
-153.6765719999999931
11
48.6206259999999943
21
-153.6184999999999832
0
LINE
8
BLACK
6
CONTINUOUS
10
48.6206259999999943
20
-153.6184999999999832
11
48.6069999999999993
21
-153.5499999999999829
0
LINE
8
BLACK
6
CONTINUOUS
10
48.6069999999999993
20
-153.5499999999999829
11
48.6069999999999993
21
-153.1500000000000057
0
LINE
8
BLACK
6
CONTINUOUS
10
48.6069999999999993
20
-153.1500000000000057
11
48.6206259999999943
21
-153.0815000000000055
0
LINE
8
BLACK
6
CONTINUOUS
10
48.6206259999999943
20
-153.0815000000000055
11
48.6594279999999983
21
-153.0234279999999956
0
LINE
8
BLACK
6
CONTINUOUS
10
48.6594279999999983
20
-153.0234279999999956
11
48.7175000000000011
21
-152.9846259999999916
0
LINE
8
BLACK
6
CONTINUOUS
10
48.7175000000000011
20
-152.9846259999999916
11
48.7859999999999943
21
-152.9710000000000036
0
LINE
8
BLACK
6
CONTINUOUS
10
48.7859999999999943
20
-152.9710000000000036
11
49.1439999999999984
21
-152.9710000000000036
0
LINE
8
BLACK
6
CONTINUOUS
10
49.1439999999999984
20
-152.9710000000000036
11
49.2124999999999986
21
-152.9846259999999916
0
LINE
8
BLACK
6
CONTINUOUS
10
65.4479999999999933
20
-153.5939999999999941
11
65.152000000000001
21
-153.5939999999999941
0
LINE
8
BLACK
6
CONTINUOUS
10
65.152000000000001
20
-153.5939999999999941
11
65.152000000000001
21
-153.0459999999999923
0
LINE
8
BLACK
6
CONTINUOUS
10
65.152000000000001
20
-153.0459999999999923
11
65.4479999999999933
21
-153.0459999999999923
0
LINE
8
BLACK
6
CONTINUOUS
10
65.4479999999999933
20
-153.0459999999999923
11
65.4479999999999933
21
-153.5939999999999941
0
LINE
8
BLACK
6
CONTINUOUS
10
66.1479999999999961
20
-153.5939999999999941
11
65.8520000000000039
21
-153.5939999999999941
0
LINE
8
BLACK
6
CONTINUOUS
10
65.8520000000000039
20
-153.5939999999999941
11
65.8520000000000039
21
-153.0459999999999923
0
LINE
8
BLACK
6
CONTINUOUS
10
65.8520000000000039
20
-153.0459999999999923
11
66.1479999999999961
21
-153.0459999999999923
0
LINE
8
BLACK
6
CONTINUOUS
10
66.1479999999999961
20
-153.0459999999999923
11
66.1479999999999961
21
-153.5939999999999941
0
LINE
8
BLACK
6
CONTINUOUS
10
56.5876219999999961
20
-152.790695999999997
11
56.6682259999999971
21
-152.8240830000000017
0
LINE
8
BLACK
6
CONTINUOUS
10
56.6682259999999971
20
-152.8240830000000017
11
56.7299170000000004
21
-152.8857739999999978
0
LINE
8
BLACK
6
CONTINUOUS
10
56.7299170000000004
20
-152.8857739999999978
11
56.763303999999998
21
-152.9663779999999917
0
LINE
8
BLACK
6
CONTINUOUS
10
56.763303999999998
20
-152.9663779999999917
11
56.763303999999998
21
-153.0536219999999901
0
LINE
8
BLACK
6
CONTINUOUS
10
56.763303999999998
20
-153.0536219999999901
11
56.7299170000000004
21
-153.134225999999984
0
LINE
8
BLACK
6
CONTINUOUS
10
56.7299170000000004
20
-153.134225999999984
11
56.6682259999999971
21
-153.1959169999999801
0
LINE
8
BLACK
6
CONTINUOUS
10
56.6682259999999971
20
-153.1959169999999801
11
56.5876219999999961
21
-153.2293039999999849
0
LINE
8
BLACK
6
CONTINUOUS
10
56.5876219999999961
20
-153.2293039999999849
11
56.5439999999999969
21
-153.2335999999999956
0
LINE
8
BLACK
6
CONTINUOUS
10
56.5439999999999969
20
-153.2335999999999956
11
55.955999999999996
21
-153.2335999999999956
0
LINE
8
BLACK
6
CONTINUOUS
10
55.955999999999996
20
-153.2335999999999956
11
55.9123779999999968
21
-153.2293039999999849
0
LINE
8
BLACK
6
CONTINUOUS
10
55.9123779999999968
20
-153.2293039999999849
11
55.8317739999999958
21
-153.1959169999999801
0
LINE
8
BLACK
6
CONTINUOUS
10
55.8317739999999958
20
-153.1959169999999801
11
55.7700829999999996
21
-153.134225999999984
0
LINE
8
BLACK
6
CONTINUOUS
10
55.7700829999999996
20
-153.134225999999984
11
55.7366959999999949
21
-153.0536219999999901
0
LINE
8
BLACK
6
CONTINUOUS
10
55.7366959999999949
20
-153.0536219999999901
11
55.7366959999999949
21
-152.9663779999999917
0
LINE
8
BLACK
6
CONTINUOUS
10
55.7366959999999949
20
-152.9663779999999917
11
55.7700829999999996
21
-152.8857739999999978
0
LINE
8
BLACK
6
CONTINUOUS
10
55.7700829999999996
20
-152.8857739999999978
11
55.8317739999999958
21
-152.8240830000000017
0
LINE
8
BLACK
6
CONTINUOUS
10
55.8317739999999958
20
-152.8240830000000017
11
55.9123779999999968
21
-152.790695999999997
0
LINE
8
BLACK
6
CONTINUOUS
10
55.9123779999999968
20
-152.790695999999997
11
55.955999999999996
21
-152.7863999999999862
0
LINE
8
BLACK
6
CONTINUOUS
10
55.955999999999996
20
-152.7863999999999862
11
56.5439999999999969
21
-152.7863999999999862
0
LINE
8
BLACK
6
CONTINUOUS
10
56.5439999999999969
20
-152.7863999999999862
11
56.5876219999999961
21
-152.790695999999997
0
LINE
8
BLACK
6
CONTINUOUS
10
62.6076219999999992
20
-152.790695999999997
11
62.6882260000000002
21
-152.8240830000000017
0
LINE
8
BLACK
6
CONTINUOUS
10
62.6882260000000002
20
-152.8240830000000017
11
62.7499169999999964
21
-152.8857739999999978
0
LINE
8
BLACK
6
CONTINUOUS
10
62.7499169999999964
20
-152.8857739999999978
11
62.783303999999994
21
-152.9663779999999917
0
LINE
8
BLACK
6
CONTINUOUS
10
62.783303999999994
20
-152.9663779999999917
11
62.783303999999994
21
-153.0536219999999901
0
LINE
8
BLACK
6
CONTINUOUS
10
62.783303999999994
20
-153.0536219999999901
11
62.7499169999999964
21
-153.134225999999984
0
LINE
8
BLACK
6
CONTINUOUS
10
62.7499169999999964
20
-153.134225999999984
11
62.6882260000000002
21
-153.1959169999999801
0
LINE
8
BLACK
6
CONTINUOUS
10
62.6882260000000002
20
-153.1959169999999801
11
62.6076219999999992
21
-153.2293039999999849
0
LINE
8
BLACK
6
CONTINUOUS
10
62.6076219999999992
20
-153.2293039999999849
11
62.5640000000000001
21
-153.2335999999999956
0
LINE
8
BLACK
6
CONTINUOUS
10
62.5640000000000001
20
-153.2335999999999956
11
61.9759999999999991
21
-153.2335999999999956
0
LINE
8
BLACK
6
CONTINUOUS
10
61.9759999999999991
20
-153.2335999999999956
11
61.9323779999999999
21
-153.2293039999999849
0
LINE
8
BLACK
6
CONTINUOUS
10
61.9323779999999999
20
-153.2293039999999849
11
61.8517739999999989
21
-153.1959169999999801
0
LINE
8
BLACK
6
CONTINUOUS
10
61.8517739999999989
20
-153.1959169999999801
11
61.7900829999999956
21
-153.134225999999984
0
LINE
8
BLACK
6
CONTINUOUS
10
61.7900829999999956
20
-153.134225999999984
11
61.756695999999998
21
-153.0536219999999901
0
LINE
8
BLACK
6
CONTINUOUS
10
61.756695999999998
20
-153.0536219999999901
11
61.756695999999998
21
-152.9663779999999917
0
LINE
8
BLACK
6
CONTINUOUS
10
61.756695999999998
20
-152.9663779999999917
11
61.7900829999999956
21
-152.8857739999999978
0
LINE
8
BLACK
6
CONTINUOUS
10
61.7900829999999956
20
-152.8857739999999978
11
61.8517739999999989
21
-152.8240830000000017
0
LINE
8
BLACK
6
CONTINUOUS
10
61.8517739999999989
20
-152.8240830000000017
11
61.9323779999999999
21
-152.790695999999997
0
LINE
8
BLACK
6
CONTINUOUS
10
61.9323779999999999
20
-152.790695999999997
11
61.9759999999999991
21
-152.7863999999999862
0
LINE
8
BLACK
6
CONTINUOUS
10
61.9759999999999991
20
-152.7863999999999862
11
62.5640000000000001
21
-152.7863999999999862
0
LINE
8
BLACK
6
CONTINUOUS
10
62.5640000000000001
20
-152.7863999999999862
11
62.6076219999999992
21
-152.790695999999997
0
LINE
8
BLACK
6
CONTINUOUS
10
76.6149690000000021
20
-152.6200709999999958
11
76.6485150000000033
21
-152.6424849999999935
0
LINE
8
BLACK
6
CONTINUOUS
10
76.6485150000000033
20
-152.6424849999999935
11
76.670929000000001
21
-152.6760309999999947
0
LINE
8
BLACK
6
CONTINUOUS
10
76.670929000000001
20
-152.6760309999999947
11
76.6787999999999954
21
-152.7155999999999949
0
LINE
8
BLACK
6
CONTINUOUS
10
76.6787999999999954
20
-152.7155999999999949
11
76.6787999999999954
21
-152.9223999999999819
0
LINE
8
BLACK
6
CONTINUOUS
10
76.6787999999999954
20
-152.9223999999999819
11
76.670929000000001
21
-152.9619689999999821
0
LINE
8
BLACK
6
CONTINUOUS
10
76.670929000000001
20
-152.9619689999999821
11
76.6485150000000033
21
-152.9955149999999833
0
LINE
8
BLACK
6
CONTINUOUS
10
76.6485150000000033
20
-152.9955149999999833
11
76.6149690000000021
21
-153.017928999999981
0
LINE
8
BLACK
6
CONTINUOUS
10
76.6149690000000021
20
-153.017928999999981
11
76.5754000000000019
21
-153.0258000000000038
0
LINE
8
BLACK
6
CONTINUOUS
10
76.5754000000000019
20
-153.0258000000000038
11
76.2845999999999975
21
-153.0258000000000038
0
LINE
8
BLACK
6
CONTINUOUS
10
76.2845999999999975
20
-153.0258000000000038
11
76.2450309999999973
21
-153.017928999999981
0
LINE
8
BLACK
6
CONTINUOUS
10
76.2450309999999973
20
-153.017928999999981
11
76.2114849999999961
21
-152.9955149999999833
0
LINE
8
BLACK
6
CONTINUOUS
10
76.2114849999999961
20
-152.9955149999999833
11
76.1890709999999984
21
-152.9619689999999821
0
LINE
8
BLACK
6
CONTINUOUS
10
76.1890709999999984
20
-152.9619689999999821
11
76.1811999999999898
21
-152.9223999999999819
0
LINE
8
BLACK
6
CONTINUOUS
10
76.1811999999999898
20
-152.9223999999999819
11
76.1811999999999898
21
-152.7155999999999949
0
LINE
8
BLACK
6
CONTINUOUS
10
76.1811999999999898
20
-152.7155999999999949
11
76.1890709999999984
21
-152.6760309999999947
0
LINE
8
BLACK
6
CONTINUOUS
10
76.1890709999999984
20
-152.6760309999999947
11
76.2114849999999961
21
-152.6424849999999935
0
LINE
8
BLACK
6
CONTINUOUS
10
76.2114849999999961
20
-152.6424849999999935
11
76.2450309999999973
21
-152.6200709999999958
0
LINE
8
BLACK
6
CONTINUOUS
10
76.2450309999999973
20
-152.6200709999999958
11
76.2845999999999975
21
-152.6122000000000014
0
LINE
8
BLACK
6
CONTINUOUS
10
76.2845999999999975
20
-152.6122000000000014
11
76.5754000000000019
21
-152.6122000000000014
0
LINE
8
BLACK
6
CONTINUOUS
10
76.5754000000000019
20
-152.6122000000000014
11
76.6149690000000021
21
-152.6200709999999958
0
LINE
8
BLACK
6
CONTINUOUS
10
73.9987639999999942
20
-152.512235000000004
11
74.0125519999999995
21
-152.5214479999999924
0
LINE
8
BLACK
6
CONTINUOUS
10
74.0125519999999995
20
-152.5214479999999924
11
74.021765000000002
21
-152.5352359999999976
0
LINE
8
BLACK
6
CONTINUOUS
10
74.021765000000002
20
-152.5352359999999976
11
74.0249999999999915
21
-152.5515000000000043
0
LINE
8
BLACK
6
CONTINUOUS
10
74.0249999999999915
20
-152.5515000000000043
11
74.0249999999999915
21
-152.8464999999999918
0
LINE
8
BLACK
6
CONTINUOUS
10
74.0249999999999915
20
-152.8464999999999918
11
74.021765000000002
21
-152.8627639999999985
0
LINE
8
BLACK
6
CONTINUOUS
10
74.021765000000002
20
-152.8627639999999985
11
74.0125519999999995
21
-152.8765520000000038
0
LINE
8
BLACK
6
CONTINUOUS
10
74.0125519999999995
20
-152.8765520000000038
11
73.9987639999999942
21
-152.8857649999999921
0
LINE
8
BLACK
6
CONTINUOUS
10
73.9987639999999942
20
-152.8857649999999921
11
73.9825000000000017
21
-152.8889999999999816
0
LINE
8
BLACK
6
CONTINUOUS
10
73.9825000000000017
20
-152.8889999999999816
11
73.8974999999999937
21
-152.8889999999999816
0
LINE
8
BLACK
6
CONTINUOUS
10
73.8974999999999937
20
-152.8889999999999816
11
73.8812360000000012
21
-152.8857649999999921
0
LINE
8
BLACK
6
CONTINUOUS
10
73.8812360000000012
20
-152.8857649999999921
11
73.867447999999996
21
-152.8765520000000038
0
LINE
8
BLACK
6
CONTINUOUS
10
73.867447999999996
20
-152.8765520000000038
11
73.8582349999999934
21
-152.8627639999999985
0
LINE
8
BLACK
6
CONTINUOUS
10
73.8582349999999934
20
-152.8627639999999985
11
73.8549999999999898
21
-152.8464999999999918
0
LINE
8
BLACK
6
CONTINUOUS
10
73.8549999999999898
20
-152.8464999999999918
11
73.8549999999999898
21
-152.5515000000000043
0
LINE
8
BLACK
6
CONTINUOUS
10
73.8549999999999898
20
-152.5515000000000043
11
73.8582349999999934
21
-152.5352359999999976
0
LINE
8
BLACK
6
CONTINUOUS
10
73.8582349999999934
20
-152.5352359999999976
11
73.867447999999996
21
-152.5214479999999924
0
LINE
8
BLACK
6
CONTINUOUS
10
73.867447999999996
20
-152.5214479999999924
11
73.8812360000000012
21
-152.512235000000004
0
LINE
8
BLACK
6
CONTINUOUS
10
73.8812360000000012
20
-152.512235000000004
11
73.8974999999999937
21
-152.5089999999999861
0
LINE
8
BLACK
6
CONTINUOUS
10
73.8974999999999937
20
-152.5089999999999861
11
73.9825000000000017
21
-152.5089999999999861
0
LINE
8
BLACK
6
CONTINUOUS
10
73.9825000000000017
20
-152.5089999999999861
11
73.9987639999999942
21
-152.512235000000004
0
LINE
8
BLACK
6
CONTINUOUS
10
74.4987639999999942
20
-152.512235000000004
11
74.5125519999999995
21
-152.5214479999999924
0
LINE
8
BLACK
6
CONTINUOUS
10
74.5125519999999995
20
-152.5214479999999924
11
74.521765000000002
21
-152.5352359999999976
0
LINE
8
BLACK
6
CONTINUOUS
10
74.521765000000002
20
-152.5352359999999976
11
74.5249999999999915
21
-152.5515000000000043
0
LINE
8
BLACK
6
CONTINUOUS
10
74.5249999999999915
20
-152.5515000000000043
11
74.5249999999999915
21
-152.8464999999999918
0
LINE
8
BLACK
6
CONTINUOUS
10
74.5249999999999915
20
-152.8464999999999918
11
74.521765000000002
21
-152.8627639999999985
0
LINE
8
BLACK
6
CONTINUOUS
10
74.521765000000002
20
-152.8627639999999985
11
74.5125519999999995
21
-152.8765520000000038
0
LINE
8
BLACK
6
CONTINUOUS
10
74.5125519999999995
20
-152.8765520000000038
11
74.4987639999999942
21
-152.8857649999999921
0
LINE
8
BLACK
6
CONTINUOUS
10
74.4987639999999942
20
-152.8857649999999921
11
74.4825000000000017
21
-152.8889999999999816
0
LINE
8
BLACK
6
CONTINUOUS
10
74.4825000000000017
20
-152.8889999999999816
11
74.3974999999999937
21
-152.8889999999999816
0
LINE
8
BLACK
6
CONTINUOUS
10
74.3974999999999937
20
-152.8889999999999816
11
74.3812360000000012
21
-152.8857649999999921
0
LINE
8
BLACK
6
CONTINUOUS
10
74.3812360000000012
20
-152.8857649999999921
11
74.367447999999996
21
-152.8765520000000038
0
LINE
8
BLACK
6
CONTINUOUS
10
74.367447999999996
20
-152.8765520000000038
11
74.3582349999999934
21
-152.8627639999999985
0
LINE
8
BLACK
6
CONTINUOUS
10
74.3582349999999934
20
-152.8627639999999985
11
74.3549999999999898
21
-152.8464999999999918
0
LINE
8
BLACK
6
CONTINUOUS
10
74.3549999999999898
20
-152.8464999999999918
11
74.3549999999999898
21
-152.5515000000000043
0
LINE
8
BLACK
6
CONTINUOUS
10
74.3549999999999898
20
-152.5515000000000043
11
74.3582349999999934
21
-152.5352359999999976
0
LINE
8
BLACK
6
CONTINUOUS
10
74.3582349999999934
20
-152.5352359999999976
11
74.367447999999996
21
-152.5214479999999924
0
LINE
8
BLACK
6
CONTINUOUS
10
74.367447999999996
20
-152.5214479999999924
11
74.3812360000000012
21
-152.512235000000004
0
LINE
8
BLACK
6
CONTINUOUS
10
74.3812360000000012
20
-152.512235000000004
11
74.3974999999999937
21
-152.5089999999999861
0
LINE
8
BLACK
6
CONTINUOUS
10
74.3974999999999937
20
-152.5089999999999861
11
74.4825000000000017
21
-152.5089999999999861
0
LINE
8
BLACK
6
CONTINUOUS
10
74.4825000000000017
20
-152.5089999999999861
11
74.4987639999999942
21
-152.512235000000004
0
LINE
8
BLACK
6
CONTINUOUS
10
74.9987639999999942
20
-152.512235000000004
11
75.0125519999999995
21
-152.5214479999999924
0
LINE
8
BLACK
6
CONTINUOUS
10
75.0125519999999995
20
-152.5214479999999924
11
75.021765000000002
21
-152.5352359999999976
0
LINE
8
BLACK
6
CONTINUOUS
10
75.021765000000002
20
-152.5352359999999976
11
75.0249999999999915
21
-152.5515000000000043
0
LINE
8
BLACK
6
CONTINUOUS
10
75.0249999999999915
20
-152.5515000000000043
11
75.0249999999999915
21
-152.8464999999999918
0
LINE
8
BLACK
6
CONTINUOUS
10
75.0249999999999915
20
-152.8464999999999918
11
75.021765000000002
21
-152.8627639999999985
0
LINE
8
BLACK
6
CONTINUOUS
10
75.021765000000002
20
-152.8627639999999985
11
75.0125519999999995
21
-152.8765520000000038
0
LINE
8
BLACK
6
CONTINUOUS
10
75.0125519999999995
20
-152.8765520000000038
11
74.9987639999999942
21
-152.8857649999999921
0
LINE
8
BLACK
6
CONTINUOUS
10
74.9987639999999942
20
-152.8857649999999921
11
74.9825000000000017
21
-152.8889999999999816
0
LINE
8
BLACK
6
CONTINUOUS
10
74.9825000000000017
20
-152.8889999999999816
11
74.8974999999999937
21
-152.8889999999999816
0
LINE
8
BLACK
6
CONTINUOUS
10
74.8974999999999937
20
-152.8889999999999816
11
74.8812360000000012
21
-152.8857649999999921
0
LINE
8
BLACK
6
CONTINUOUS
10
74.8812360000000012
20
-152.8857649999999921
11
74.867447999999996
21
-152.8765520000000038
0
LINE
8
BLACK
6
CONTINUOUS
10
74.867447999999996
20
-152.8765520000000038
11
74.8582349999999934
21
-152.8627639999999985
0
LINE
8
BLACK
6
CONTINUOUS
10
74.8582349999999934
20
-152.8627639999999985
11
74.8549999999999898
21
-152.8464999999999918
0
LINE
8
BLACK
6
CONTINUOUS
10
74.8549999999999898
20
-152.8464999999999918
11
74.8549999999999898
21
-152.5515000000000043
0
LINE
8
BLACK
6
CONTINUOUS
10
74.8549999999999898
20
-152.5515000000000043
11
74.8582349999999934
21
-152.5352359999999976
0
LINE
8
BLACK
6
CONTINUOUS
10
74.8582349999999934
20
-152.5352359999999976
11
74.867447999999996
21
-152.5214479999999924
0
LINE
8
BLACK
6
CONTINUOUS
10
74.867447999999996
20
-152.5214479999999924
11
74.8812360000000012
21
-152.512235000000004
0
LINE
8
BLACK
6
CONTINUOUS
10
74.8812360000000012
20
-152.512235000000004
11
74.8974999999999937
21
-152.5089999999999861
0
LINE
8
BLACK
6
CONTINUOUS
10
74.8974999999999937
20
-152.5089999999999861
11
74.9825000000000017
21
-152.5089999999999861
0
LINE
8
BLACK
6
CONTINUOUS
10
74.9825000000000017
20
-152.5089999999999861
11
74.9987639999999942
21
-152.512235000000004
0
LINE
8
BLACK
6
CONTINUOUS
10
75.4987639999999942
20
-152.512235000000004
11
75.5125519999999995
21
-152.5214479999999924
0
LINE
8
BLACK
6
CONTINUOUS
10
75.5125519999999995
20
-152.5214479999999924
11
75.521765000000002
21
-152.5352359999999976
0
LINE
8
BLACK
6
CONTINUOUS
10
75.521765000000002
20
-152.5352359999999976
11
75.5249999999999915
21
-152.5515000000000043
0
LINE
8
BLACK
6
CONTINUOUS
10
75.5249999999999915
20
-152.5515000000000043
11
75.5249999999999915
21
-152.8464999999999918
0
LINE
8
BLACK
6
CONTINUOUS
10
75.5249999999999915
20
-152.8464999999999918
11
75.521765000000002
21
-152.8627639999999985
0
LINE
8
BLACK
6
CONTINUOUS
10
75.521765000000002
20
-152.8627639999999985
11
75.5125519999999995
21
-152.8765520000000038
0
LINE
8
BLACK
6
CONTINUOUS
10
75.5125519999999995
20
-152.8765520000000038
11
75.4987639999999942
21
-152.8857649999999921
0
LINE
8
BLACK
6
CONTINUOUS
10
75.4987639999999942
20
-152.8857649999999921
11
75.4825000000000017
21
-152.8889999999999816
0
LINE
8
BLACK
6
CONTINUOUS
10
75.4825000000000017
20
-152.8889999999999816
11
75.3974999999999937
21
-152.8889999999999816
0
LINE
8
BLACK
6
CONTINUOUS
10
75.3974999999999937
20
-152.8889999999999816
11
75.3812360000000012
21
-152.8857649999999921
0
LINE
8
BLACK
6
CONTINUOUS
10
75.3812360000000012
20
-152.8857649999999921
11
75.367447999999996
21
-152.8765520000000038
0
LINE
8
BLACK
6
CONTINUOUS
10
75.367447999999996
20
-152.8765520000000038
11
75.3582349999999934
21
-152.8627639999999985
0
LINE
8
BLACK
6
CONTINUOUS
10
75.3582349999999934
20
-152.8627639999999985
11
75.3549999999999898
21
-152.8464999999999918
0
LINE
8
BLACK
6
CONTINUOUS
10
75.3549999999999898
20
-152.8464999999999918
11
75.3549999999999898
21
-152.5515000000000043
0
LINE
8
BLACK
6
CONTINUOUS
10
75.3549999999999898
20
-152.5515000000000043
11
75.3582349999999934
21
-152.5352359999999976
0
LINE
8
BLACK
6
CONTINUOUS
10
75.3582349999999934
20
-152.5352359999999976
11
75.367447999999996
21
-152.5214479999999924
0
LINE
8
BLACK
6
CONTINUOUS
10
75.367447999999996
20
-152.5214479999999924
11
75.3812360000000012
21
-152.512235000000004
0
LINE
8
BLACK
6
CONTINUOUS
10
75.3812360000000012
20
-152.512235000000004
11
75.3974999999999937
21
-152.5089999999999861
0
LINE
8
BLACK
6
CONTINUOUS
10
75.3974999999999937
20
-152.5089999999999861
11
75.4825000000000017
21
-152.5089999999999861
0
LINE
8
BLACK
6
CONTINUOUS
10
75.4825000000000017
20
-152.5089999999999861
11
75.4987639999999942
21
-152.512235000000004
0
LINE
8
BLACK
6
CONTINUOUS
10
65.2920000000000016
20
-152.5360000000000014
11
64.828000000000003
21
-152.5360000000000014
0
LINE
8
BLACK
6
CONTINUOUS
10
64.828000000000003
20
-152.5360000000000014
11
64.828000000000003
21
-151.2740000000000009
0
LINE
8
BLACK
6
CONTINUOUS
10
64.828000000000003
20
-151.2740000000000009
11
65.2920000000000016
21
-151.2740000000000009
0
LINE
8
BLACK
6
CONTINUOUS
10
65.2920000000000016
20
-151.2740000000000009
11
65.2920000000000016
21
-152.5360000000000014
0
LINE
8
BLACK
6
CONTINUOUS
10
66.2920000000000016
20
-152.5360000000000014
11
65.828000000000003
21
-152.5360000000000014
0
LINE
8
BLACK
6
CONTINUOUS
10
65.828000000000003
20
-152.5360000000000014
11
65.828000000000003
21
-151.2740000000000009
0
LINE
8
BLACK
6
CONTINUOUS
10
65.828000000000003
20
-151.2740000000000009
11
66.2920000000000016
21
-151.2740000000000009
0
LINE
8
BLACK
6
CONTINUOUS
10
66.2920000000000016
20
-151.2740000000000009
11
66.2920000000000016
21
-152.5360000000000014
0
LINE
8
BLACK
6
CONTINUOUS
10
67.2920000000000016
20
-152.5360000000000014
11
66.828000000000003
21
-152.5360000000000014
0
LINE
8
BLACK
6
CONTINUOUS
10
66.828000000000003
20
-152.5360000000000014
11
66.828000000000003
21
-151.2740000000000009
0
LINE
8
BLACK
6
CONTINUOUS
10
66.828000000000003
20
-151.2740000000000009
11
67.2920000000000016
21
-151.2740000000000009
0
LINE
8
BLACK
6
CONTINUOUS
10
67.2920000000000016
20
-151.2740000000000009
11
67.2920000000000016
21
-152.5360000000000014
0
LINE
8
BLACK
6
CONTINUOUS
10
68.2920000000000016
20
-152.5360000000000014
11
67.828000000000003
21
-152.5360000000000014
0
LINE
8
BLACK
6
CONTINUOUS
10
67.828000000000003
20
-152.5360000000000014
11
67.828000000000003
21
-151.2740000000000009
0
LINE
8
BLACK
6
CONTINUOUS
10
67.828000000000003
20
-151.2740000000000009
11
68.2920000000000016
21
-151.2740000000000009
0
LINE
8
BLACK
6
CONTINUOUS
10
68.2920000000000016
20
-151.2740000000000009
11
68.2920000000000016
21
-152.5360000000000014
0
LINE
8
BLACK
6
CONTINUOUS
10
69.2920000000000016
20
-152.5360000000000014
11
68.828000000000003
21
-152.5360000000000014
0
LINE
8
BLACK
6
CONTINUOUS
10
68.828000000000003
20
-152.5360000000000014
11
68.828000000000003
21
-151.2740000000000009
0
LINE
8
BLACK
6
CONTINUOUS
10
68.828000000000003
20
-151.2740000000000009
11
69.2920000000000016
21
-151.2740000000000009
0
LINE
8
BLACK
6
CONTINUOUS
10
69.2920000000000016
20
-151.2740000000000009
11
69.2920000000000016
21
-152.5360000000000014
0
LINE
8
BLACK
6
CONTINUOUS
10
70.2920000000000016
20
-152.5360000000000014
11
69.828000000000003
21
-152.5360000000000014
0
LINE
8
BLACK
6
CONTINUOUS
10
69.828000000000003
20
-152.5360000000000014
11
69.828000000000003
21
-151.2740000000000009
0
LINE
8
BLACK
6
CONTINUOUS
10
69.828000000000003
20
-151.2740000000000009
11
70.2920000000000016
21
-151.2740000000000009
0
LINE
8
BLACK
6
CONTINUOUS
10
70.2920000000000016
20
-151.2740000000000009
11
70.2920000000000016
21
-152.5360000000000014
0
LINE
8
BLACK
6
CONTINUOUS
10
72.2920000000000016
20
-152.5360000000000014
11
71.828000000000003
21
-152.5360000000000014
0
LINE
8
BLACK
6
CONTINUOUS
10
71.828000000000003
20
-152.5360000000000014
11
71.828000000000003
21
-151.2740000000000009
0
LINE
8
BLACK
6
CONTINUOUS
10
71.828000000000003
20
-151.2740000000000009
11
72.2920000000000016
21
-151.2740000000000009
0
LINE
8
BLACK
6
CONTINUOUS
10
72.2920000000000016
20
-151.2740000000000009
11
72.2920000000000016
21
-152.5360000000000014
0
LINE
8
BLACK
6
CONTINUOUS
10
75.8239769999999993
20
-151.8729909999999848
11
75.8588850000000008
21
-151.8963149999999871
0
LINE
8
BLACK
6
CONTINUOUS
10
75.8588850000000008
20
-151.8963149999999871
11
75.8822090000000031
21
-151.9312229999999886
0
LINE
8
BLACK
6
CONTINUOUS
10
75.8822090000000031
20
-151.9312229999999886
11
75.8903999999999996
21
-151.9723999999999933
0
LINE
8
BLACK
6
CONTINUOUS
10
75.8903999999999996
20
-151.9723999999999933
11
75.8903999999999996
21
-152.1876000000000033
0
LINE
8
BLACK
6
CONTINUOUS
10
75.8903999999999996
20
-152.1876000000000033
11
75.8822090000000031
21
-152.2287769999999796
0
LINE
8
BLACK
6
CONTINUOUS
10
75.8822090000000031
20
-152.2287769999999796
11
75.8588850000000008
21
-152.2636849999999811
0
LINE
8
BLACK
6
CONTINUOUS
10
75.8588850000000008
20
-152.2636849999999811
11
75.8239769999999993
21
-152.2870089999999834
0
LINE
8
BLACK
6
CONTINUOUS
10
75.8239769999999993
20
-152.2870089999999834
11
75.7827999999999946
21
-152.2951999999999941
0
LINE
8
BLACK
6
CONTINUOUS
10
75.7827999999999946
20
-152.2951999999999941
11
75.5172000000000025
21
-152.2951999999999941
0
LINE
8
BLACK
6
CONTINUOUS
10
75.5172000000000025
20
-152.2951999999999941
11
75.4760229999999979
21
-152.2870089999999834
0
LINE
8
BLACK
6
CONTINUOUS
10
75.4760229999999979
20
-152.2870089999999834
11
75.4411149999999964
21
-152.2636849999999811
0
LINE
8
BLACK
6
CONTINUOUS
10
75.4411149999999964
20
-152.2636849999999811
11
75.417790999999994
21
-152.2287769999999796
0
LINE
8
BLACK
6
CONTINUOUS
10
75.417790999999994
20
-152.2287769999999796
11
75.4095999999999975
21
-152.1876000000000033
0
LINE
8
BLACK
6
CONTINUOUS
10
75.4095999999999975
20
-152.1876000000000033
11
75.4095999999999975
21
-151.9723999999999933
0
LINE
8
BLACK
6
CONTINUOUS
10
75.4095999999999975
20
-151.9723999999999933
11
75.417790999999994
21
-151.9312229999999886
0
LINE
8
BLACK
6
CONTINUOUS
10
75.417790999999994
20
-151.9312229999999886
11
75.4411149999999964
21
-151.8963149999999871
0
LINE
8
BLACK
6
CONTINUOUS
10
75.4411149999999964
20
-151.8963149999999871
11
75.4760229999999979
21
-151.8729909999999848
0
LINE
8
BLACK
6
CONTINUOUS
10
75.4760229999999979
20
-151.8729909999999848
11
75.5172000000000025
21
-151.8648000000000025
0
LINE
8
BLACK
6
CONTINUOUS
10
75.5172000000000025
20
-151.8648000000000025
11
75.7827999999999946
21
-151.8648000000000025
0
LINE
8
BLACK
6
CONTINUOUS
10
75.7827999999999946
20
-151.8648000000000025
11
75.8239769999999993
21
-151.8729909999999848
0
LINE
8
BLACK
6
CONTINUOUS
10
74.0329689999999943
20
-151.7590710000000058
11
74.0665149999999954
21
-151.7814850000000035
0
LINE
8
BLACK
6
CONTINUOUS
10
74.0665149999999954
20
-151.7814850000000035
11
74.0889289999999932
21
-151.8150310000000047
0
LINE
8
BLACK
6
CONTINUOUS
10
74.0889289999999932
20
-151.8150310000000047
11
74.0968000000000018
21
-151.8546000000000049
0
LINE
8
BLACK
6
CONTINUOUS
10
74.0968000000000018
20
-151.8546000000000049
11
74.0968000000000018
21
-152.1453999999999951
0
LINE
8
BLACK
6
CONTINUOUS
10
74.0968000000000018
20
-152.1453999999999951
11
74.0889289999999932
21
-152.1849689999999953
0
LINE
8
BLACK
6
CONTINUOUS
10
74.0889289999999932
20
-152.1849689999999953
11
74.0665149999999954
21
-152.2185149999999965
0
LINE
8
BLACK
6
CONTINUOUS
10
74.0665149999999954
20
-152.2185149999999965
11
74.0329689999999943
21
-152.2409289999999942
0
LINE
8
BLACK
6
CONTINUOUS
10
74.0329689999999943
20
-152.2409289999999942
11
73.9933999999999941
21
-152.2487999999999886
0
LINE
8
BLACK
6
CONTINUOUS
10
73.9933999999999941
20
-152.2487999999999886
11
73.7865999999999929
21
-152.2487999999999886
0
LINE
8
BLACK
6
CONTINUOUS
10
73.7865999999999929
20
-152.2487999999999886
11
73.7470309999999927
21
-152.2409289999999942
0
LINE
8
BLACK
6
CONTINUOUS
10
73.7470309999999927
20
-152.2409289999999942
11
73.7134849999999915
21
-152.2185149999999965
0
LINE
8
BLACK
6
CONTINUOUS
10
73.7134849999999915
20
-152.2185149999999965
11
73.6910709999999938
21
-152.1849689999999953
0
LINE
8
BLACK
6
CONTINUOUS
10
73.6910709999999938
20
-152.1849689999999953
11
73.6831999999999994
21
-152.1453999999999951
0
LINE
8
BLACK
6
CONTINUOUS
10
73.6831999999999994
20
-152.1453999999999951
11
73.6831999999999994
21
-151.8546000000000049
0
LINE
8
BLACK
6
CONTINUOUS
10
73.6831999999999994
20
-151.8546000000000049
11
73.6910709999999938
21
-151.8150310000000047
0
LINE
8
BLACK
6
CONTINUOUS
10
73.6910709999999938
20
-151.8150310000000047
11
73.7134849999999915
21
-151.7814850000000035
0
LINE
8
BLACK
6
CONTINUOUS
10
73.7134849999999915
20
-151.7814850000000035
11
73.7470309999999927
21
-151.7590710000000058
0
LINE
8
BLACK
6
CONTINUOUS
10
73.7470309999999927
20
-151.7590710000000058
11
73.7865999999999929
21
-151.751199999999983
0
LINE
8
BLACK
6
CONTINUOUS
10
73.7865999999999929
20
-151.751199999999983
11
73.9933999999999941
21
-151.751199999999983
0
LINE
8
BLACK
6
CONTINUOUS
10
73.9933999999999941
20
-151.751199999999983
11
74.0329689999999943
21
-151.7590710000000058
0
LINE
8
BLACK
6
CONTINUOUS
10
75.0529689999999903
20
-151.7590710000000058
11
75.0865149999999915
21
-151.7814850000000035
0
LINE
8
BLACK
6
CONTINUOUS
10
75.0865149999999915
20
-151.7814850000000035
11
75.1089290000000034
21
-151.8150310000000047
0
LINE
8
BLACK
6
CONTINUOUS
10
75.1089290000000034
20
-151.8150310000000047
11
75.1167999999999978
21
-151.8546000000000049
0
LINE
8
BLACK
6
CONTINUOUS
10
75.1167999999999978
20
-151.8546000000000049
11
75.1167999999999978
21
-152.1453999999999951
0
LINE
8
BLACK
6
CONTINUOUS
10
75.1167999999999978
20
-152.1453999999999951
11
75.1089290000000034
21
-152.1849689999999953
0
LINE
8
BLACK
6
CONTINUOUS
10
75.1089290000000034
20
-152.1849689999999953
11
75.0865149999999915
21
-152.2185149999999965
0
LINE
8
BLACK
6
CONTINUOUS
10
75.0865149999999915
20
-152.2185149999999965
11
75.0529689999999903
21
-152.2409289999999942
0
LINE
8
BLACK
6
CONTINUOUS
10
75.0529689999999903
20
-152.2409289999999942
11
75.0133999999999901
21
-152.2487999999999886
0
LINE
8
BLACK
6
CONTINUOUS
10
75.0133999999999901
20
-152.2487999999999886
11
74.8066000000000031
21
-152.2487999999999886
0
LINE
8
BLACK
6
CONTINUOUS
10
74.8066000000000031
20
-152.2487999999999886
11
74.7670310000000029
21
-152.2409289999999942
0
LINE
8
BLACK
6
CONTINUOUS
10
74.7670310000000029
20
-152.2409289999999942
11
74.7334850000000017
21
-152.2185149999999965
0
LINE
8
BLACK
6
CONTINUOUS
10
74.7334850000000017
20
-152.2185149999999965
11
74.7110709999999898
21
-152.1849689999999953
0
LINE
8
BLACK
6
CONTINUOUS
10
74.7110709999999898
20
-152.1849689999999953
11
74.7031999999999954
21
-152.1453999999999951
0
LINE
8
BLACK
6
CONTINUOUS
10
74.7031999999999954
20
-152.1453999999999951
11
74.7031999999999954
21
-151.8546000000000049
0
LINE
8
BLACK
6
CONTINUOUS
10
74.7031999999999954
20
-151.8546000000000049
11
74.7110709999999898
21
-151.8150310000000047
0
LINE
8
BLACK
6
CONTINUOUS
10
74.7110709999999898
20
-151.8150310000000047
11
74.7334850000000017
21
-151.7814850000000035
0
LINE
8
BLACK
6
CONTINUOUS
10
74.7334850000000017
20
-151.7814850000000035
11
74.7670310000000029
21
-151.7590710000000058
0
LINE
8
BLACK
6
CONTINUOUS
10
74.7670310000000029
20
-151.7590710000000058
11
74.8066000000000031
21
-151.751199999999983
0
LINE
8
BLACK
6
CONTINUOUS
10
74.8066000000000031
20
-151.751199999999983
11
75.0133999999999901
21
-151.751199999999983
0
LINE
8
BLACK
6
CONTINUOUS
10
75.0133999999999901
20
-151.751199999999983
11
75.0529689999999903
21
-151.7590710000000058
0
LINE
8
BLACK
6
CONTINUOUS
10
82.2309729999999917
20
-151.6390629999999931
11
82.4609889999999979
21
-151.7718629999999962
0
LINE
8
BLACK
6
CONTINUOUS
10
82.4609889999999979
20
-151.7718629999999962
11
82.4925539999999984
21
-151.7995449999999948
0
LINE
8
BLACK
6
CONTINUOUS
10
82.4925539999999984
20
-151.7995449999999948
11
82.5111229999999978
21
-151.8371989999999983
0
LINE
8
BLACK
6
CONTINUOUS
10
82.5111229999999978
20
-151.8371989999999983
11
82.5138680000000022
21
-151.8790919999999858
0
LINE
8
BLACK
6
CONTINUOUS
10
82.5138680000000022
20
-151.8790919999999858
11
82.5003739999999937
21
-151.918847999999997
0
LINE
8
BLACK
6
CONTINUOUS
10
82.5003739999999937
20
-151.918847999999997
11
82.3927740000000028
21
-152.1052159999999844
0
LINE
8
BLACK
6
CONTINUOUS
10
82.3927740000000028
20
-152.1052159999999844
11
82.3650909999999925
21
-152.1367809999999849
0
LINE
8
BLACK
6
CONTINUOUS
10
82.3650909999999925
20
-152.1367809999999849
11
82.3274380000000008
21
-152.1553499999999985
0
LINE
8
BLACK
6
CONTINUOUS
10
82.3274380000000008
20
-152.1553499999999985
11
82.285544999999999
21
-152.1580960000000005
0
LINE
8
BLACK
6
CONTINUOUS
10
82.285544999999999
20
-152.1580960000000005
11
82.245789000000002
21
-152.1446009999999944
0
LINE
8
BLACK
6
CONTINUOUS
10
82.245789000000002
20
-152.1446009999999944
11
82.0157729999999958
21
-152.0118009999999913
0
LINE
8
BLACK
6
CONTINUOUS
10
82.0157729999999958
20
-152.0118009999999913
11
81.9842079999999953
21
-151.9841189999999926
0
LINE
8
BLACK
6
CONTINUOUS
10
81.9842079999999953
20
-151.9841189999999926
11
81.9656389999999959
21
-151.9464649999999892
0
LINE
8
BLACK
6
CONTINUOUS
10
81.9656389999999959
20
-151.9464649999999892
11
81.9628939999999915
21
-151.9045720000000017
0
LINE
8
BLACK
6
CONTINUOUS
10
81.9628939999999915
20
-151.9045720000000017
11
81.976388
21
-151.8648159999999905
0
LINE
8
BLACK
6
CONTINUOUS
10
81.976388
20
-151.8648159999999905
11
82.0839879999999908
21
-151.678448000000003
0
LINE
8
BLACK
6
CONTINUOUS
10
82.0839879999999908
20
-151.678448000000003
11
82.1116710000000012
21
-151.6468830000000025
0
LINE
8
BLACK
6
CONTINUOUS
10
82.1116710000000012
20
-151.6468830000000025
11
82.1493239999999929
21
-151.6283139999999889
0
LINE
8
BLACK
6
CONTINUOUS
10
82.1493239999999929
20
-151.6283139999999889
11
82.1912169999999946
21
-151.625567999999987
0
LINE
8
BLACK
6
CONTINUOUS
10
82.1912169999999946
20
-151.625567999999987
11
82.2309729999999917
21
-151.6390629999999931
0
LINE
8
BLACK
6
CONTINUOUS
10
47.130195999999998
20
-151.5181330000000059
11
47.1605239999999952
21
-151.5471650000000068
0
LINE
8
BLACK
6
CONTINUOUS
10
47.1605239999999952
20
-151.5471650000000068
11
47.2839579999999984
21
-151.7234469999999931
0
LINE
8
BLACK
6
CONTINUOUS
10
47.2839579999999984
20
-151.7234469999999931
11
47.3008659999999992
21
-151.7618750000000034
0
LINE
8
BLACK
6
CONTINUOUS
10
47.3008659999999992
20
-151.7618750000000034
11
47.3017830000000004
21
-151.8038479999999879
0
LINE
8
BLACK
6
CONTINUOUS
10
47.3017830000000004
20
-151.8038479999999879
11
47.2865660000000005
21
-151.8429769999999905
0
LINE
8
BLACK
6
CONTINUOUS
10
47.2865660000000005
20
-151.8429769999999905
11
47.2575339999999997
21
-151.8733049999999878
0
LINE
8
BLACK
6
CONTINUOUS
10
47.2575339999999997
20
-151.8733049999999878
11
47.0399669999999972
21
-152.0256459999999947
0
LINE
8
BLACK
6
CONTINUOUS
10
47.0399669999999972
20
-152.0256459999999947
11
47.0015390000000011
21
-152.042554999999993
0
LINE
8
BLACK
6
CONTINUOUS
10
47.0015390000000011
20
-152.042554999999993
11
46.9595659999999953
21
-152.0434709999999825
0
LINE
8
BLACK
6
CONTINUOUS
10
46.9595659999999953
20
-152.0434709999999825
11
46.9204379999999972
21
-152.0282550000000015
0
LINE
8
BLACK
6
CONTINUOUS
10
46.9204379999999972
20
-152.0282550000000015
11
46.89011
21
-151.9992230000000006
0
LINE
8
BLACK
6
CONTINUOUS
10
46.89011
20
-151.9992230000000006
11
46.7666759999999968
21
-151.8229409999999859
0
LINE
8
BLACK
6
CONTINUOUS
10
46.7666759999999968
20
-151.8229409999999859
11
46.749767999999996
21
-151.784513000000004
0
LINE
8
BLACK
6
CONTINUOUS
10
46.749767999999996
20
-151.784513000000004
11
46.7488509999999948
21
-151.7425399999999911
0
LINE
8
BLACK
6
CONTINUOUS
10
46.7488509999999948
20
-151.7425399999999911
11
46.7640679999999946
21
-151.7034109999999885
0
LINE
8
BLACK
6
CONTINUOUS
10
46.7640679999999946
20
-151.7034109999999885
11
46.7930999999999955
21
-151.6730829999999912
0
LINE
8
BLACK
6
CONTINUOUS
10
46.7930999999999955
20
-151.6730829999999912
11
47.010666999999998
21
-151.5207419999999843
0
LINE
8
BLACK
6
CONTINUOUS
10
47.010666999999998
20
-151.5207419999999843
11
47.0490950000000012
21
-151.503832999999986
0
LINE
8
BLACK
6
CONTINUOUS
10
47.0490950000000012
20
-151.503832999999986
11
47.0910679999999999
21
-151.5029169999999965
0
LINE
8
BLACK
6
CONTINUOUS
10
47.0910679999999999
20
-151.5029169999999965
11
47.130195999999998
21
-151.5181330000000059
0
LINE
8
BLACK
6
CONTINUOUS
10
56.5876219999999961
20
-151.5206959999999867
11
56.6682259999999971
21
-151.5540829999999914
0
LINE
8
BLACK
6
CONTINUOUS
10
56.6682259999999971
20
-151.5540829999999914
11
56.7299170000000004
21
-151.6157739999999876
0
LINE
8
BLACK
6
CONTINUOUS
10
56.7299170000000004
20
-151.6157739999999876
11
56.763303999999998
21
-151.6963779999999815
0
LINE
8
BLACK
6
CONTINUOUS
10
56.763303999999998
20
-151.6963779999999815
11
56.763303999999998
21
-151.7836219999999798
0
LINE
8
BLACK
6
CONTINUOUS
10
56.763303999999998
20
-151.7836219999999798
11
56.7299170000000004
21
-151.8642260000000022
0
LINE
8
BLACK
6
CONTINUOUS
10
56.7299170000000004
20
-151.8642260000000022
11
56.6682259999999971
21
-151.9259169999999983
0
LINE
8
BLACK
6
CONTINUOUS
10
56.6682259999999971
20
-151.9259169999999983
11
56.5876219999999961
21
-151.959304000000003
0
LINE
8
BLACK
6
CONTINUOUS
10
56.5876219999999961
20
-151.959304000000003
11
56.5439999999999969
21
-151.9635999999999854
0
LINE
8
BLACK
6
CONTINUOUS
10
56.5439999999999969
20
-151.9635999999999854
11
55.955999999999996
21
-151.9635999999999854
0
LINE
8
BLACK
6
CONTINUOUS
10
55.955999999999996
20
-151.9635999999999854
11
55.9123779999999968
21
-151.959304000000003
0
LINE
8
BLACK
6
CONTINUOUS
10
55.9123779999999968
20
-151.959304000000003
11
55.8317739999999958
21
-151.9259169999999983
0
LINE
8
BLACK
6
CONTINUOUS
10
55.8317739999999958
20
-151.9259169999999983
11
55.7700829999999996
21
-151.8642260000000022
0
LINE
8
BLACK
6
CONTINUOUS
10
55.7700829999999996
20
-151.8642260000000022
11
55.7366959999999949
21
-151.7836219999999798
0
LINE
8
BLACK
6
CONTINUOUS
10
55.7366959999999949
20
-151.7836219999999798
11
55.7366959999999949
21
-151.6963779999999815
0
LINE
8
BLACK
6
CONTINUOUS
10
55.7366959999999949
20
-151.6963779999999815
11
55.7700829999999996
21
-151.6157739999999876
0
LINE
8
BLACK
6
CONTINUOUS
10
55.7700829999999996
20
-151.6157739999999876
11
55.8317739999999958
21
-151.5540829999999914
0
LINE
8
BLACK
6
CONTINUOUS
10
55.8317739999999958
20
-151.5540829999999914
11
55.9123779999999968
21
-151.5206959999999867
0
LINE
8
BLACK
6
CONTINUOUS
10
55.9123779999999968
20
-151.5206959999999867
11
55.955999999999996
21
-151.5164000000000044
0
LINE
8
BLACK
6
CONTINUOUS
10
55.955999999999996
20
-151.5164000000000044
11
56.5439999999999969
21
-151.5164000000000044
0
LINE
8
BLACK
6
CONTINUOUS
10
56.5439999999999969
20
-151.5164000000000044
11
56.5876219999999961
21
-151.5206959999999867
0
LINE
8
BLACK
6
CONTINUOUS
10
62.6076219999999992
20
-151.5206959999999867
11
62.6882260000000002
21
-151.5540829999999914
0
LINE
8
BLACK
6
CONTINUOUS
10
62.6882260000000002
20
-151.5540829999999914
11
62.7499169999999964
21
-151.6157739999999876
0
LINE
8
BLACK
6
CONTINUOUS
10
62.7499169999999964
20
-151.6157739999999876
11
62.783303999999994
21
-151.6963779999999815
0
LINE
8
BLACK
6
CONTINUOUS
10
62.783303999999994
20
-151.6963779999999815
11
62.783303999999994
21
-151.7836219999999798
0
LINE
8
BLACK
6
CONTINUOUS
10
62.783303999999994
20
-151.7836219999999798
11
62.7499169999999964
21
-151.8642260000000022
0
LINE
8
BLACK
6
CONTINUOUS
10
62.7499169999999964
20
-151.8642260000000022
11
62.6882260000000002
21
-151.9259169999999983
0
LINE
8
BLACK
6
CONTINUOUS
10
62.6882260000000002
20
-151.9259169999999983
11
62.6076219999999992
21
-151.959304000000003
0
LINE
8
BLACK
6
CONTINUOUS
10
62.6076219999999992
20
-151.959304000000003
11
62.5640000000000001
21
-151.9635999999999854
0
LINE
8
BLACK
6
CONTINUOUS
10
62.5640000000000001
20
-151.9635999999999854
11
61.9759999999999991
21
-151.9635999999999854
0
LINE
8
BLACK
6
CONTINUOUS
10
61.9759999999999991
20
-151.9635999999999854
11
61.9323779999999999
21
-151.959304000000003
0
LINE
8
BLACK
6
CONTINUOUS
10
61.9323779999999999
20
-151.959304000000003
11
61.8517739999999989
21
-151.9259169999999983
0
LINE
8
BLACK
6
CONTINUOUS
10
61.8517739999999989
20
-151.9259169999999983
11
61.7900829999999956
21
-151.8642260000000022
0
LINE
8
BLACK
6
CONTINUOUS
10
61.7900829999999956
20
-151.8642260000000022
11
61.756695999999998
21
-151.7836219999999798
0
LINE
8
BLACK
6
CONTINUOUS
10
61.756695999999998
20
-151.7836219999999798
11
61.756695999999998
21
-151.6963779999999815
0
LINE
8
BLACK
6
CONTINUOUS
10
61.756695999999998
20
-151.6963779999999815
11
61.7900829999999956
21
-151.6157739999999876
0
LINE
8
BLACK
6
CONTINUOUS
10
61.7900829999999956
20
-151.6157739999999876
11
61.8517739999999989
21
-151.5540829999999914
0
LINE
8
BLACK
6
CONTINUOUS
10
61.8517739999999989
20
-151.5540829999999914
11
61.9323779999999999
21
-151.5206959999999867
0
LINE
8
BLACK
6
CONTINUOUS
10
61.9323779999999999
20
-151.5206959999999867
11
61.9759999999999991
21
-151.5164000000000044
0
LINE
8
BLACK
6
CONTINUOUS
10
61.9759999999999991
20
-151.5164000000000044
11
62.5640000000000001
21
-151.5164000000000044
0
LINE
8
BLACK
6
CONTINUOUS
10
62.5640000000000001
20
-151.5164000000000044
11
62.6076219999999992
21
-151.5206959999999867
0
LINE
8
BLACK
6
CONTINUOUS
10
74.0329689999999943
20
-150.9590709999999945
11
74.0665149999999954
21
-150.9814849999999922
0
LINE
8
BLACK
6
CONTINUOUS
10
74.0665149999999954
20
-150.9814849999999922
11
74.0889289999999932
21
-151.0150309999999934
0
LINE
8
BLACK
6
CONTINUOUS
10
74.0889289999999932
20
-151.0150309999999934
11
74.0968000000000018
21
-151.0545999999999935
0
LINE
8
BLACK
6
CONTINUOUS
10
74.0968000000000018
20
-151.0545999999999935
11
74.0968000000000018
21
-151.3453999999999837
0
LINE
8
BLACK
6
CONTINUOUS
10
74.0968000000000018
20
-151.3453999999999837
11
74.0889289999999932
21
-151.3849689999999839
0
LINE
8
BLACK
6
CONTINUOUS
10
74.0889289999999932
20
-151.3849689999999839
11
74.0665149999999954
21
-151.4185149999999851
0
LINE
8
BLACK
6
CONTINUOUS
10
74.0665149999999954
20
-151.4185149999999851
11
74.0329689999999943
21
-151.4409289999999828
0
LINE
8
BLACK
6
CONTINUOUS
10
74.0329689999999943
20
-151.4409289999999828
11
73.9933999999999941
21
-151.4488000000000056
0
LINE
8
BLACK
6
CONTINUOUS
10
73.9933999999999941
20
-151.4488000000000056
11
73.7865999999999929
21
-151.4488000000000056
0
LINE
8
BLACK
6
CONTINUOUS
10
73.7865999999999929
20
-151.4488000000000056
11
73.7470309999999927
21
-151.4409289999999828
0
LINE
8
BLACK
6
CONTINUOUS
10
73.7470309999999927
20
-151.4409289999999828
11
73.7134849999999915
21
-151.4185149999999851
0
LINE
8
BLACK
6
CONTINUOUS
10
73.7134849999999915
20
-151.4185149999999851
11
73.6910709999999938
21
-151.3849689999999839
0
LINE
8
BLACK
6
CONTINUOUS
10
73.6910709999999938
20
-151.3849689999999839
11
73.6831999999999994
21
-151.3453999999999837
0
LINE
8
BLACK
6
CONTINUOUS
10
73.6831999999999994
20
-151.3453999999999837
11
73.6831999999999994
21
-151.0545999999999935
0
LINE
8
BLACK
6
CONTINUOUS
10
73.6831999999999994
20
-151.0545999999999935
11
73.6910709999999938
21
-151.0150309999999934
0
LINE
8
BLACK
6
CONTINUOUS
10
73.6910709999999938
20
-151.0150309999999934
11
73.7134849999999915
21
-150.9814849999999922
0
LINE
8
BLACK
6
CONTINUOUS
10
73.7134849999999915
20
-150.9814849999999922
11
73.7470309999999927
21
-150.9590709999999945
0
LINE
8
BLACK
6
CONTINUOUS
10
73.7470309999999927
20
-150.9590709999999945
11
73.7865999999999929
21
-150.9512
0
LINE
8
BLACK
6
CONTINUOUS
10
73.7865999999999929
20
-150.9512
11
73.9933999999999941
21
-150.9512
0
LINE
8
BLACK
6
CONTINUOUS
10
73.9933999999999941
20
-150.9512
11
74.0329689999999943
21
-150.9590709999999945
0
LINE
8
BLACK
6
CONTINUOUS
10
75.0529689999999903
20
-150.9590709999999945
11
75.0865149999999915
21
-150.9814849999999922
0
LINE
8
BLACK
6
CONTINUOUS
10
75.0865149999999915
20
-150.9814849999999922
11
75.1089290000000034
21
-151.0150309999999934
0
LINE
8
BLACK
6
CONTINUOUS
10
75.1089290000000034
20
-151.0150309999999934
11
75.1167999999999978
21
-151.0545999999999935
0
LINE
8
BLACK
6
CONTINUOUS
10
75.1167999999999978
20
-151.0545999999999935
11
75.1167999999999978
21
-151.3453999999999837
0
LINE
8
BLACK
6
CONTINUOUS
10
75.1167999999999978
20
-151.3453999999999837
11
75.1089290000000034
21
-151.3849689999999839
0
LINE
8
BLACK
6
CONTINUOUS
10
75.1089290000000034
20
-151.3849689999999839
11
75.0865149999999915
21
-151.4185149999999851
0
LINE
8
BLACK
6
CONTINUOUS
10
75.0865149999999915
20
-151.4185149999999851
11
75.0529689999999903
21
-151.4409289999999828
0
LINE
8
BLACK
6
CONTINUOUS
10
75.0529689999999903
20
-151.4409289999999828
11
75.0133999999999901
21
-151.4488000000000056
0
LINE
8
BLACK
6
CONTINUOUS
10
75.0133999999999901
20
-151.4488000000000056
11
74.8066000000000031
21
-151.4488000000000056
0
LINE
8
BLACK
6
CONTINUOUS
10
74.8066000000000031
20
-151.4488000000000056
11
74.7670310000000029
21
-151.4409289999999828
0
LINE
8
BLACK
6
CONTINUOUS
10
74.7670310000000029
20
-151.4409289999999828
11
74.7334850000000017
21
-151.4185149999999851
0
LINE
8
BLACK
6
CONTINUOUS
10
74.7334850000000017
20
-151.4185149999999851
11
74.7110709999999898
21
-151.3849689999999839
0
LINE
8
BLACK
6
CONTINUOUS
10
74.7110709999999898
20
-151.3849689999999839
11
74.7031999999999954
21
-151.3453999999999837
0
LINE
8
BLACK
6
CONTINUOUS
10
74.7031999999999954
20
-151.3453999999999837
11
74.7031999999999954
21
-151.0545999999999935
0
LINE
8
BLACK
6
CONTINUOUS
10
74.7031999999999954
20
-151.0545999999999935
11
74.7110709999999898
21
-151.0150309999999934
0
LINE
8
BLACK
6
CONTINUOUS
10
74.7110709999999898
20
-151.0150309999999934
11
74.7334850000000017
21
-150.9814849999999922
0
LINE
8
BLACK
6
CONTINUOUS
10
74.7334850000000017
20
-150.9814849999999922
11
74.7670310000000029
21
-150.9590709999999945
0
LINE
8
BLACK
6
CONTINUOUS
10
74.7670310000000029
20
-150.9590709999999945
11
74.8066000000000031
21
-150.9512
0
LINE
8
BLACK
6
CONTINUOUS
10
74.8066000000000031
20
-150.9512
11
75.0133999999999901
21
-150.9512
0
LINE
8
BLACK
6
CONTINUOUS
10
75.0133999999999901
20
-150.9512
11
75.0529689999999903
21
-150.9590709999999945
0
LINE
8
BLACK
6
CONTINUOUS
10
75.8239769999999993
20
-150.9129910000000052
11
75.8588850000000008
21
-150.9363149999999791
0
LINE
8
BLACK
6
CONTINUOUS
10
75.8588850000000008
20
-150.9363149999999791
11
75.8822090000000031
21
-150.9712229999999806
0
LINE
8
BLACK
6
CONTINUOUS
10
75.8822090000000031
20
-150.9712229999999806
11
75.8903999999999996
21
-151.0123999999999853
0
LINE
8
BLACK
6
CONTINUOUS
10
75.8903999999999996
20
-151.0123999999999853
11
75.8903999999999996
21
-151.2275999999999954
0
LINE
8
BLACK
6
CONTINUOUS
10
75.8903999999999996
20
-151.2275999999999954
11
75.8822090000000031
21
-151.268777
0
LINE
8
BLACK
6
CONTINUOUS
10
75.8822090000000031
20
-151.268777
11
75.8588850000000008
21
-151.3036850000000015
0
LINE
8
BLACK
6
CONTINUOUS
10
75.8588850000000008
20
-151.3036850000000015
11
75.8239769999999993
21
-151.3270090000000039
0
LINE
8
BLACK
6
CONTINUOUS
10
75.8239769999999993
20
-151.3270090000000039
11
75.7827999999999946
21
-151.3351999999999862
0
LINE
8
BLACK
6
CONTINUOUS
10
75.7827999999999946
20
-151.3351999999999862
11
75.5172000000000025
21
-151.3351999999999862
0
LINE
8
BLACK
6
CONTINUOUS
10
75.5172000000000025
20
-151.3351999999999862
11
75.4760229999999979
21
-151.3270090000000039
0
LINE
8
BLACK
6
CONTINUOUS
10
75.4760229999999979
20
-151.3270090000000039
11
75.4411149999999964
21
-151.3036850000000015
0
LINE
8
BLACK
6
CONTINUOUS
10
75.4411149999999964
20
-151.3036850000000015
11
75.417790999999994
21
-151.268777
0
LINE
8
BLACK
6
CONTINUOUS
10
75.417790999999994
20
-151.268777
11
75.4095999999999975
21
-151.2275999999999954
0
LINE
8
BLACK
6
CONTINUOUS
10
75.4095999999999975
20
-151.2275999999999954
11
75.4095999999999975
21
-151.0123999999999853
0
LINE
8
BLACK
6
CONTINUOUS
10
75.4095999999999975
20
-151.0123999999999853
11
75.417790999999994
21
-150.9712229999999806
0
LINE
8
BLACK
6
CONTINUOUS
10
75.417790999999994
20
-150.9712229999999806
11
75.4411149999999964
21
-150.9363149999999791
0
LINE
8
BLACK
6
CONTINUOUS
10
75.4411149999999964
20
-150.9363149999999791
11
75.4760229999999979
21
-150.9129910000000052
0
LINE
8
BLACK
6
CONTINUOUS
10
75.4760229999999979
20
-150.9129910000000052
11
75.5172000000000025
21
-150.9047999999999945
0
LINE
8
BLACK
6
CONTINUOUS
10
75.5172000000000025
20
-150.9047999999999945
11
75.7827999999999946
21
-150.9047999999999945
0
LINE
8
BLACK
6
CONTINUOUS
10
75.7827999999999946
20
-150.9047999999999945
11
75.8239769999999993
21
-150.9129910000000052
0
LINE
8
BLACK
6
CONTINUOUS
10
82.7109729999999956
20
-150.8076790000000074
11
82.9409890000000019
21
-150.9404789999999821
0
LINE
8
BLACK
6
CONTINUOUS
10
82.9409890000000019
20
-150.9404789999999821
11
82.9725540000000024
21
-150.9681609999999807
0
LINE
8
BLACK
6
CONTINUOUS
10
82.9725540000000024
20
-150.9681609999999807
11
82.9911230000000018
21
-151.0058149999999841
0
LINE
8
BLACK
6
CONTINUOUS
10
82.9911230000000018
20
-151.0058149999999841
11
82.993867999999992
21
-151.0477080000000001
0
LINE
8
BLACK
6
CONTINUOUS
10
82.993867999999992
20
-151.0477080000000001
11
82.9803739999999976
21
-151.0874639999999829
0
LINE
8
BLACK
6
CONTINUOUS
10
82.9803739999999976
20
-151.0874639999999829
11
82.8727739999999926
21
-151.2738319999999987
0
LINE
8
BLACK
6
CONTINUOUS
10
82.8727739999999926
20
-151.2738319999999987
11
82.8450909999999965
21
-151.3053969999999993
0
LINE
8
BLACK
6
CONTINUOUS
10
82.8450909999999965
20
-151.3053969999999993
11
82.8074379999999906
21
-151.3239659999999844
0
LINE
8
BLACK
6
CONTINUOUS
10
82.8074379999999906
20
-151.3239659999999844
11
82.765545000000003
21
-151.3267119999999863
0
LINE
8
BLACK
6
CONTINUOUS
10
82.765545000000003
20
-151.3267119999999863
11
82.7257889999999918
21
-151.3132169999999803
0
LINE
8
BLACK
6
CONTINUOUS
10
82.7257889999999918
20
-151.3132169999999803
11
82.4957729999999998
21
-151.1804170000000056
0
LINE
8
BLACK
6
CONTINUOUS
10
82.4957729999999998
20
-151.1804170000000056
11
82.4642079999999993
21
-151.1527350000000069
0
LINE
8
BLACK
6
CONTINUOUS
10
82.4642079999999993
20
-151.1527350000000069
11
82.4456389999999999
21
-151.1150810000000035
0
LINE
8
BLACK
6
CONTINUOUS
10
82.4456389999999999
20
-151.1150810000000035
11
82.4428939999999955
21
-151.0731879999999876
0
LINE
8
BLACK
6
CONTINUOUS
10
82.4428939999999955
20
-151.0731879999999876
11
82.4563879999999898
21
-151.0334320000000048
0
LINE
8
BLACK
6
CONTINUOUS
10
82.4563879999999898
20
-151.0334320000000048
11
82.5639879999999948
21
-150.8470639999999889
0
LINE
8
BLACK
6
CONTINUOUS
10
82.5639879999999948
20
-150.8470639999999889
11
82.591670999999991
21
-150.8154989999999884
0
LINE
8
BLACK
6
CONTINUOUS
10
82.591670999999991
20
-150.8154989999999884
11
82.6293239999999969
21
-150.7969300000000032
0
LINE
8
BLACK
6
CONTINUOUS
10
82.6293239999999969
20
-150.7969300000000032
11
82.6712169999999986
21
-150.7941840000000013
0
LINE
8
BLACK
6
CONTINUOUS
10
82.6712169999999986
20
-150.7941840000000013
11
82.7109729999999956
21
-150.8076790000000074
0
LINE
8
BLACK
6
CONTINUOUS
10
46.5795619999999957
20
-150.7317449999999894
11
46.60989
21
-150.7607769999999903
0
LINE
8
BLACK
6
CONTINUOUS
10
46.60989
20
-150.7607769999999903
11
46.7333239999999961
21
-150.937059000000005
0
LINE
8
BLACK
6
CONTINUOUS
10
46.7333239999999961
20
-150.937059000000005
11
46.7502319999999969
21
-150.9754869999999869
0
LINE
8
BLACK
6
CONTINUOUS
10
46.7502319999999969
20
-150.9754869999999869
11
46.7511489999999981
21
-151.0174599999999998
0
LINE
8
BLACK
6
CONTINUOUS
10
46.7511489999999981
20
-151.0174599999999998
11
46.7359319999999983
21
-151.0565890000000024
0
LINE
8
BLACK
6
CONTINUOUS
10
46.7359319999999983
20
-151.0565890000000024
11
46.7068999999999974
21
-151.0869169999999997
0
LINE
8
BLACK
6
CONTINUOUS
10
46.7068999999999974
20
-151.0869169999999997
11
46.4893329999999949
21
-151.2392580000000066
0
LINE
8
BLACK
6
CONTINUOUS
10
46.4893329999999949
20
-151.2392580000000066
11
46.4509049999999988
21
-151.2561670000000049
0
LINE
8
BLACK
6
CONTINUOUS
10
46.4509049999999988
20
-151.2561670000000049
11
46.4089320000000001
21
-151.2570829999999944
0
LINE
8
BLACK
6
CONTINUOUS
10
46.4089320000000001
20
-151.2570829999999944
11
46.3698039999999949
21
-151.241866999999985
0
LINE
8
BLACK
6
CONTINUOUS
10
46.3698039999999949
20
-151.241866999999985
11
46.3394759999999977
21
-151.2128349999999841
0
LINE
8
BLACK
6
CONTINUOUS
10
46.3394759999999977
20
-151.2128349999999841
11
46.2160419999999945
21
-151.0365529999999978
0
LINE
8
BLACK
6
CONTINUOUS
10
46.2160419999999945
20
-151.0365529999999978
11
46.1991340000000008
21
-150.9981249999999875
0
LINE
8
BLACK
6
CONTINUOUS
10
46.1991340000000008
20
-150.9981249999999875
11
46.1982169999999996
21
-150.956152000000003
0
LINE
8
BLACK
6
CONTINUOUS
10
46.1982169999999996
20
-150.956152000000003
11
46.2134339999999995
21
-150.9170230000000004
0
LINE
8
BLACK
6
CONTINUOUS
10
46.2134339999999995
20
-150.9170230000000004
11
46.2424660000000003
21
-150.8866950000000031
0
LINE
8
BLACK
6
CONTINUOUS
10
46.2424660000000003
20
-150.8866950000000031
11
46.4600329999999957
21
-150.7343539999999962
0
LINE
8
BLACK
6
CONTINUOUS
10
46.4600329999999957
20
-150.7343539999999962
11
46.4984609999999989
21
-150.7174449999999979
0
LINE
8
BLACK
6
CONTINUOUS
10
46.4984609999999989
20
-150.7174449999999979
11
46.5404339999999976
21
-150.71652899999998
0
LINE
8
BLACK
6
CONTINUOUS
10
46.5404339999999976
20
-150.71652899999998
11
46.5795619999999957
21
-150.7317449999999894
0
LINE
8
BLACK
6
CONTINUOUS
10
74.6387769999999904
20
-150.1177909999999827
11
74.6736849999999919
21
-150.141114999999985
0
LINE
8
BLACK
6
CONTINUOUS
10
74.6736849999999919
20
-150.141114999999985
11
74.6970089999999942
21
-150.1760229999999865
0
LINE
8
BLACK
6
CONTINUOUS
10
74.6970089999999942
20
-150.1760229999999865
11
74.7051999999999907
21
-150.2171999999999912
0
LINE
8
BLACK
6
CONTINUOUS
10
74.7051999999999907
20
-150.2171999999999912
11
74.7051999999999907
21
-150.4827999999999975
0
LINE
8
BLACK
6
CONTINUOUS
10
74.7051999999999907
20
-150.4827999999999975
11
74.6970089999999942
21
-150.5239770000000021
0
LINE
8
BLACK
6
CONTINUOUS
10
74.6970089999999942
20
-150.5239770000000021
11
74.6736849999999919
21
-150.5588850000000036
0
LINE
8
BLACK
6
CONTINUOUS
10
74.6736849999999919
20
-150.5588850000000036
11
74.6387769999999904
21
-150.582209000000006
0
LINE
8
BLACK
6
CONTINUOUS
10
74.6387769999999904
20
-150.582209000000006
11
74.5975999999999999
21
-150.5903999999999883
0
LINE
8
BLACK
6
CONTINUOUS
10
74.5975999999999999
20
-150.5903999999999883
11
74.3823999999999899
21
-150.5903999999999883
0
LINE
8
BLACK
6
CONTINUOUS
10
74.3823999999999899
20
-150.5903999999999883
11
74.3412229999999994
21
-150.582209000000006
0
LINE
8
BLACK
6
CONTINUOUS
10
74.3412229999999994
20
-150.582209000000006
11
74.3063149999999979
21
-150.5588850000000036
0
LINE
8
BLACK
6
CONTINUOUS
10
74.3063149999999979
20
-150.5588850000000036
11
74.2829909999999956
21
-150.5239770000000021
0
LINE
8
BLACK
6
CONTINUOUS
10
74.2829909999999956
20
-150.5239770000000021
11
74.274799999999999
21
-150.4827999999999975
0
LINE
8
BLACK
6
CONTINUOUS
10
74.274799999999999
20
-150.4827999999999975
11
74.274799999999999
21
-150.2171999999999912
0
LINE
8
BLACK
6
CONTINUOUS
10
74.274799999999999
20
-150.2171999999999912
11
74.2829909999999956
21
-150.1760229999999865
0
LINE
8
BLACK
6
CONTINUOUS
10
74.2829909999999956
20
-150.1760229999999865
11
74.3063149999999979
21
-150.141114999999985
0
LINE
8
BLACK
6
CONTINUOUS
10
74.3063149999999979
20
-150.141114999999985
11
74.3412229999999994
21
-150.1177909999999827
0
LINE
8
BLACK
6
CONTINUOUS
10
74.3412229999999994
20
-150.1177909999999827
11
74.3823999999999899
21
-150.1096000000000004
0
LINE
8
BLACK
6
CONTINUOUS
10
74.3823999999999899
20
-150.1096000000000004
11
74.5975999999999999
21
-150.1096000000000004
0
LINE
8
BLACK
6
CONTINUOUS
10
74.5975999999999999
20
-150.1096000000000004
11
74.6387769999999904
21
-150.1177909999999827
0
LINE
8
BLACK
6
CONTINUOUS
10
75.5987769999999983
20
-150.1177909999999827
11
75.6336849999999998
21
-150.141114999999985
0
LINE
8
BLACK
6
CONTINUOUS
10
75.6336849999999998
20
-150.141114999999985
11
75.6570090000000022
21
-150.1760229999999865
0
LINE
8
BLACK
6
CONTINUOUS
10
75.6570090000000022
20
-150.1760229999999865
11
75.6651999999999987
21
-150.2171999999999912
0
LINE
8
BLACK
6
CONTINUOUS
10
75.6651999999999987
20
-150.2171999999999912
11
75.6651999999999987
21
-150.4827999999999975
0
LINE
8
BLACK
6
CONTINUOUS
10
75.6651999999999987
20
-150.4827999999999975
11
75.6570090000000022
21
-150.5239770000000021
0
LINE
8
BLACK
6
CONTINUOUS
10
75.6570090000000022
20
-150.5239770000000021
11
75.6336849999999998
21
-150.5588850000000036
0
LINE
8
BLACK
6
CONTINUOUS
10
75.6336849999999998
20
-150.5588850000000036
11
75.5987769999999983
21
-150.582209000000006
0
LINE
8
BLACK
6
CONTINUOUS
10
75.5987769999999983
20
-150.582209000000006
11
75.5575999999999937
21
-150.5903999999999883
0
LINE
8
BLACK
6
CONTINUOUS
10
75.5575999999999937
20
-150.5903999999999883
11
75.3423999999999978
21
-150.5903999999999883
0
LINE
8
BLACK
6
CONTINUOUS
10
75.3423999999999978
20
-150.5903999999999883
11
75.3012229999999931
21
-150.582209000000006
0
LINE
8
BLACK
6
CONTINUOUS
10
75.3012229999999931
20
-150.582209000000006
11
75.2663149999999916
21
-150.5588850000000036
0
LINE
8
BLACK
6
CONTINUOUS
10
75.2663149999999916
20
-150.5588850000000036
11
75.2429910000000035
21
-150.5239770000000021
0
LINE
8
BLACK
6
CONTINUOUS
10
75.2429910000000035
20
-150.5239770000000021
11
75.2347999999999928
21
-150.4827999999999975
0
LINE
8
BLACK
6
CONTINUOUS
10
75.2347999999999928
20
-150.4827999999999975
11
75.2347999999999928
21
-150.2171999999999912
0
LINE
8
BLACK
6
CONTINUOUS
10
75.2347999999999928
20
-150.2171999999999912
11
75.2429910000000035
21
-150.1760229999999865
0
LINE
8
BLACK
6
CONTINUOUS
10
75.2429910000000035
20
-150.1760229999999865
11
75.2663149999999916
21
-150.141114999999985
0
LINE
8
BLACK
6
CONTINUOUS
10
75.2663149999999916
20
-150.141114999999985
11
75.3012229999999931
21
-150.1177909999999827
0
LINE
8
BLACK
6
CONTINUOUS
10
75.3012229999999931
20
-150.1177909999999827
11
75.3423999999999978
21
-150.1096000000000004
0
LINE
8
BLACK
6
CONTINUOUS
10
75.3423999999999978
20
-150.1096000000000004
11
75.5575999999999937
21
-150.1096000000000004
0
LINE
8
BLACK
6
CONTINUOUS
10
75.5575999999999937
20
-150.1096000000000004
11
75.5987769999999983
21
-150.1177909999999827
0
LINE
8
BLACK
6
CONTINUOUS
10
82.4779690000000016
20
-150.1791819999999973
11
82.1716359999999924
21
-150.3220269999999914
0
LINE
8
BLACK
6
CONTINUOUS
10
82.1716359999999924
20
-150.3220269999999914
11
82.0287909999999982
21
-150.0156939999999963
0
LINE
8
BLACK
6
CONTINUOUS
10
82.0287909999999982
20
-150.0156939999999963
11
82.3351239999999933
21
-149.8728490000000022
0
LINE
8
BLACK
6
CONTINUOUS
10
82.3351239999999933
20
-149.8728490000000022
11
82.4779690000000016
21
-150.1791819999999973
0
LINE
8
BLACK
6
CONTINUOUS
10
46.3295899999999961
20
-149.7595539999999801
11
46.1867449999999948
21
-150.0658870000000036
0
LINE
8
BLACK
6
CONTINUOUS
10
46.1867449999999948
20
-150.0658870000000036
11
45.8804119999999998
21
-149.923041999999981
0
LINE
8
BLACK
6
CONTINUOUS
10
45.8804119999999998
20
-149.923041999999981
11
46.023257000000001
21
-149.616708999999986
0
LINE
8
BLACK
6
CONTINUOUS
10
46.023257000000001
20
-149.616708999999986
11
46.3295899999999961
21
-149.7595539999999801
0
LINE
8
BLACK
6
CONTINUOUS
10
83.2392679999999956
20
-149.824183000000005
11
82.9329350000000005
21
-149.9670279999999991
0
LINE
8
BLACK
6
CONTINUOUS
10
82.9329350000000005
20
-149.9670279999999991
11
82.7900899999999922
21
-149.660695000000004
0
LINE
8
BLACK
6
CONTINUOUS
10
82.7900899999999922
20
-149.660695000000004
11
83.0964230000000015
21
-149.5178499999999815
0
LINE
8
BLACK
6
CONTINUOUS
10
83.0964230000000015
20
-149.5178499999999815
11
83.2392679999999956
21
-149.824183000000005
0
LINE
8
BLACK
6
CONTINUOUS
10
47.4458879999999965
20
-149.3532559999999876
11
47.3030429999999953
21
-149.6595889999999827
0
LINE
8
BLACK
6
CONTINUOUS
10
47.3030429999999953
20
-149.6595889999999827
11
46.9967100000000002
21
-149.5167439999999885
0
LINE
8
BLACK
6
CONTINUOUS
10
46.9967100000000002
20
-149.5167439999999885
11
47.1395549999999943
21
-149.2104109999999935
0
LINE
8
BLACK
6
CONTINUOUS
10
47.1395549999999943
20
-149.2104109999999935
11
47.4458879999999965
21
-149.3532559999999876
0
LINE
8
BLACK
6
CONTINUOUS
10
75.0829689999999914
20
-149.1090710000000001
11
75.1165149999999926
21
-149.1314849999999979
0
LINE
8
BLACK
6
CONTINUOUS
10
75.1165149999999926
20
-149.1314849999999979
11
75.1389289999999903
21
-149.165030999999999
0
LINE
8
BLACK
6
CONTINUOUS
10
75.1389289999999903
20
-149.165030999999999
11
75.1467999999999989
21
-149.2045999999999992
0
LINE
8
BLACK
6
CONTINUOUS
10
75.1467999999999989
20
-149.2045999999999992
11
75.1467999999999989
21
-149.4953999999999894
0
LINE
8
BLACK
6
CONTINUOUS
10
75.1467999999999989
20
-149.4953999999999894
11
75.1389289999999903
21
-149.5349689999999896
0
LINE
8
BLACK
6
CONTINUOUS
10
75.1389289999999903
20
-149.5349689999999896
11
75.1165149999999926
21
-149.5685149999999908
0
LINE
8
BLACK
6
CONTINUOUS
10
75.1165149999999926
20
-149.5685149999999908
11
75.0829689999999914
21
-149.5909289999999885
0
LINE
8
BLACK
6
CONTINUOUS
10
75.0829689999999914
20
-149.5909289999999885
11
75.0433999999999912
21
-149.5987999999999829
0
LINE
8
BLACK
6
CONTINUOUS
10
75.0433999999999912
20
-149.5987999999999829
11
74.83659999999999
21
-149.5987999999999829
0
LINE
8
BLACK
6
CONTINUOUS
10
74.83659999999999
20
-149.5987999999999829
11
74.7970309999999898
21
-149.5909289999999885
0
LINE
8
BLACK
6
CONTINUOUS
10
74.7970309999999898
20
-149.5909289999999885
11
74.7634850000000029
21
-149.5685149999999908
0
LINE
8
BLACK
6
CONTINUOUS
10
74.7634850000000029
20
-149.5685149999999908
11
74.7410709999999909
21
-149.5349689999999896
0
LINE
8
BLACK
6
CONTINUOUS
10
74.7410709999999909
20
-149.5349689999999896
11
74.7331999999999965
21
-149.4953999999999894
0
LINE
8
BLACK
6
CONTINUOUS
10
74.7331999999999965
20
-149.4953999999999894
11
74.7331999999999965
21
-149.2045999999999992
0
LINE
8
BLACK
6
CONTINUOUS
10
74.7331999999999965
20
-149.2045999999999992
11
74.7410709999999909
21
-149.165030999999999
0
LINE
8
BLACK
6
CONTINUOUS
10
74.7410709999999909
20
-149.165030999999999
11
74.7634850000000029
21
-149.1314849999999979
0
LINE
8
BLACK
6
CONTINUOUS
10
74.7634850000000029
20
-149.1314849999999979
11
74.7970309999999898
21
-149.1090710000000001
0
LINE
8
BLACK
6
CONTINUOUS
10
74.7970309999999898
20
-149.1090710000000001
11
74.83659999999999
21
-149.1012000000000057
0
LINE
8
BLACK
6
CONTINUOUS
10
74.83659999999999
20
-149.1012000000000057
11
75.0433999999999912
21
-149.1012000000000057
0
LINE
8
BLACK
6
CONTINUOUS
10
75.0433999999999912
20
-149.1012000000000057
11
75.0829689999999914
21
-149.1090710000000001
0
LINE
8
BLACK
6
CONTINUOUS
10
76.1029690000000016
20
-149.1090710000000001
11
76.1365150000000028
21
-149.1314849999999979
0
LINE
8
BLACK
6
CONTINUOUS
10
76.1365150000000028
20
-149.1314849999999979
11
76.1589290000000005
21
-149.165030999999999
0
LINE
8
BLACK
6
CONTINUOUS
10
76.1589290000000005
20
-149.165030999999999
11
76.166799999999995
21
-149.2045999999999992
0
LINE
8
BLACK
6
CONTINUOUS
10
76.166799999999995
20
-149.2045999999999992
11
76.166799999999995
21
-149.4953999999999894
0
LINE
8
BLACK
6
CONTINUOUS
10
76.166799999999995
20
-149.4953999999999894
11
76.1589290000000005
21
-149.5349689999999896
0
LINE
8
BLACK
6
CONTINUOUS
10
76.1589290000000005
20
-149.5349689999999896
11
76.1365150000000028
21
-149.5685149999999908
0
LINE
8
BLACK
6
CONTINUOUS
10
76.1365150000000028
20
-149.5685149999999908
11
76.1029690000000016
21
-149.5909289999999885
0
LINE
8
BLACK
6
CONTINUOUS
10
76.1029690000000016
20
-149.5909289999999885
11
76.0634000000000015
21
-149.5987999999999829
0
LINE
8
BLACK
6
CONTINUOUS
10
76.0634000000000015
20
-149.5987999999999829
11
75.8566000000000003
21
-149.5987999999999829
0
LINE
8
BLACK
6
CONTINUOUS
10
75.8566000000000003
20
-149.5987999999999829
11
75.8170310000000001
21
-149.5909289999999885
0
LINE
8
BLACK
6
CONTINUOUS
10
75.8170310000000001
20
-149.5909289999999885
11
75.7834849999999989
21
-149.5685149999999908
0
LINE
8
BLACK
6
CONTINUOUS
10
75.7834849999999989
20
-149.5685149999999908
11
75.7610710000000012
21
-149.5349689999999896
0
LINE
8
BLACK
6
CONTINUOUS
10
75.7610710000000012
20
-149.5349689999999896
11
75.7531999999999925
21
-149.4953999999999894
0
LINE
8
BLACK
6
CONTINUOUS
10
75.7531999999999925
20
-149.4953999999999894
11
75.7531999999999925
21
-149.2045999999999992
0
LINE
8
BLACK
6
CONTINUOUS
10
75.7531999999999925
20
-149.2045999999999992
11
75.7610710000000012
21
-149.165030999999999
0
LINE
8
BLACK
6
CONTINUOUS
10
75.7610710000000012
20
-149.165030999999999
11
75.7834849999999989
21
-149.1314849999999979
0
LINE
8
BLACK
6
CONTINUOUS
10
75.7834849999999989
20
-149.1314849999999979
11
75.8170310000000001
21
-149.1090710000000001
0
LINE
8
BLACK
6
CONTINUOUS
10
75.8170310000000001
20
-149.1090710000000001
11
75.8566000000000003
21
-149.1012000000000057
0
LINE
8
BLACK
6
CONTINUOUS
10
75.8566000000000003
20
-149.1012000000000057
11
76.0634000000000015
21
-149.1012000000000057
0
LINE
8
BLACK
6
CONTINUOUS
10
76.0634000000000015
20
-149.1012000000000057
11
76.1029690000000016
21
-149.1090710000000001
0
LINE
8
BLACK
6
CONTINUOUS
10
46.68459
20
-148.9982559999999978
11
46.5417449999999988
21
-149.3045889999999929
0
LINE
8
BLACK
6
CONTINUOUS
10
46.5417449999999988
20
-149.3045889999999929
11
46.2354119999999966
21
-149.1617439999999988
0
LINE
8
BLACK
6
CONTINUOUS
10
46.2354119999999966
20
-149.1617439999999988
11
46.3782569999999978
21
-148.8554110000000037
0
LINE
8
BLACK
6
CONTINUOUS
10
46.3782569999999978
20
-148.8554110000000037
11
46.68459
21
-148.9982559999999978
0
LINE
8
BLACK
6
CONTINUOUS
10
82.8842690000000033
20
-149.0628839999999968
11
82.577935999999994
21
-149.2057289999999909
0
LINE
8
BLACK
6
CONTINUOUS
10
82.577935999999994
20
-149.2057289999999909
11
82.4350909999999999
21
-148.8993959999999959
0
LINE
8
BLACK
6
CONTINUOUS
10
82.4350909999999999
20
-148.8993959999999959
11
82.741423999999995
21
-148.7565510000000017
0
LINE
8
BLACK
6
CONTINUOUS
10
82.741423999999995
20
-148.7565510000000017
11
82.8842690000000033
21
-149.0628839999999968
0
LINE
8
BLACK
6
CONTINUOUS
10
64.3699999999999903
20
-148.8449999999999989
11
63.1499999999999986
21
-148.8449999999999989
0
LINE
8
BLACK
6
CONTINUOUS
10
63.1499999999999986
20
-148.8449999999999989
11
63.1499999999999986
21
-147.2049999999999841
0
LINE
8
BLACK
6
CONTINUOUS
10
63.1499999999999986
20
-147.2049999999999841
11
64.3699999999999903
21
-147.2049999999999841
0
LINE
8
BLACK
6
CONTINUOUS
10
64.3699999999999903
20
-147.2049999999999841
11
64.3699999999999903
21
-148.8449999999999989
0
LINE
8
BLACK
6
CONTINUOUS
10
73.9699999999999989
20
-148.8449999999999989
11
72.75
21
-148.8449999999999989
0
LINE
8
BLACK
6
CONTINUOUS
10
72.75
20
-148.8449999999999989
11
72.75
21
-147.2049999999999841
0
LINE
8
BLACK
6
CONTINUOUS
10
72.75
20
-147.2049999999999841
11
73.9699999999999989
21
-147.2049999999999841
0
LINE
8
BLACK
6
CONTINUOUS
10
73.9699999999999989
20
-147.2049999999999841
11
73.9699999999999989
21
-148.8449999999999989
0
LINE
8
BLACK
6
CONTINUOUS
10
51.4945120000000003
20
-147.6697680000000048
11
51.5329399999999964
21
-147.6866760000000056
0
LINE
8
BLACK
6
CONTINUOUS
10
51.5329399999999964
20
-147.6866760000000056
11
51.7092219999999969
21
-147.8101099999999803
0
LINE
8
BLACK
6
CONTINUOUS
10
51.7092219999999969
20
-147.8101099999999803
11
51.7382539999999977
21
-147.840438000000006
0
LINE
8
BLACK
6
CONTINUOUS
10
51.7382539999999977
20
-147.840438000000006
11
51.7534700000000001
21
-147.8795659999999828
0
LINE
8
BLACK
6
CONTINUOUS
10
51.7534700000000001
20
-147.8795659999999828
11
51.7525539999999964
21
-147.9215389999999957
0
LINE
8
BLACK
6
CONTINUOUS
10
51.7525539999999964
20
-147.9215389999999957
11
51.7356449999999981
21
-147.959967000000006
0
LINE
8
BLACK
6
CONTINUOUS
10
51.7356449999999981
20
-147.959967000000006
11
51.5833039999999983
21
-148.1775339999999801
0
LINE
8
BLACK
6
CONTINUOUS
10
51.5833039999999983
20
-148.1775339999999801
11
51.552976000000001
21
-148.2065659999999809
0
LINE
8
BLACK
6
CONTINUOUS
10
51.552976000000001
20
-148.2065659999999809
11
51.5138469999999984
21
-148.2217829999999879
0
LINE
8
BLACK
6
CONTINUOUS
10
51.5138469999999984
20
-148.2217829999999879
11
51.4718739999999997
21
-148.2208660000000009
0
LINE
8
BLACK
6
CONTINUOUS
10
51.4718739999999997
20
-148.2208660000000009
11
51.4334459999999964
21
-148.2039580000000001
0
LINE
8
BLACK
6
CONTINUOUS
10
51.4334459999999964
20
-148.2039580000000001
11
51.257163999999996
21
-148.0805239999999969
0
LINE
8
BLACK
6
CONTINUOUS
10
51.257163999999996
20
-148.0805239999999969
11
51.2281319999999951
21
-148.0501959999999997
0
LINE
8
BLACK
6
CONTINUOUS
10
51.2281319999999951
20
-148.0501959999999997
11
51.2129159999999999
21
-148.0110679999999945
0
LINE
8
BLACK
6
CONTINUOUS
10
51.2129159999999999
20
-148.0110679999999945
11
51.2138319999999965
21
-147.9690949999999816
0
LINE
8
BLACK
6
CONTINUOUS
10
51.2138319999999965
20
-147.9690949999999816
11
51.2307409999999948
21
-147.9306669999999997
0
LINE
8
BLACK
6
CONTINUOUS
10
51.2307409999999948
20
-147.9306669999999997
11
51.3830819999999946
21
-147.7130999999999972
0
LINE
8
BLACK
6
CONTINUOUS
10
51.3830819999999946
20
-147.7130999999999972
11
51.4134099999999989
21
-147.6840679999999963
0
LINE
8
BLACK
6
CONTINUOUS
10
51.4134099999999989
20
-147.6840679999999963
11
51.4525389999999945
21
-147.6688509999999894
0
LINE
8
BLACK
6
CONTINUOUS
10
51.4525389999999945
20
-147.6688509999999894
11
51.4945120000000003
21
-147.6697680000000048
0
LINE
8
BLACK
6
CONTINUOUS
10
49.0182909999999978
20
-148.0154449999999997
11
48.7119579999999956
21
-148.1582899999999938
0
LINE
8
BLACK
6
CONTINUOUS
10
48.7119579999999956
20
-148.1582899999999938
11
48.5691129999999944
21
-147.8519569999999987
0
LINE
8
BLACK
6
CONTINUOUS
10
48.5691129999999944
20
-147.8519569999999987
11
48.8754459999999966
21
-147.7091120000000046
0
LINE
8
BLACK
6
CONTINUOUS
10
48.8754459999999966
20
-147.7091120000000046
11
49.0182909999999978
21
-148.0154449999999997
0
LINE
8
BLACK
6
CONTINUOUS
10
77.6749709999999993
20
-147.6102080000000001
11
77.7052989999999966
21
-147.6392400000000009
0
LINE
8
BLACK
6
CONTINUOUS
10
77.7052989999999966
20
-147.6392400000000009
11
77.8576400000000035
21
-147.8568070000000034
0
LINE
8
BLACK
6
CONTINUOUS
10
77.8576400000000035
20
-147.8568070000000034
11
77.8745490000000018
21
-147.8952349999999853
0
LINE
8
BLACK
6
CONTINUOUS
10
77.8745490000000018
20
-147.8952349999999853
11
77.8754649999999913
21
-147.9372079999999983
0
LINE
8
BLACK
6
CONTINUOUS
10
77.8754649999999913
20
-147.9372079999999983
11
77.860248999999996
21
-147.9763360000000034
0
LINE
8
BLACK
6
CONTINUOUS
10
77.860248999999996
20
-147.9763360000000034
11
77.8312169999999952
21
-148.0066640000000007
0
LINE
8
BLACK
6
CONTINUOUS
10
77.8312169999999952
20
-148.0066640000000007
11
77.6549349999999947
21
-148.1300980000000038
0
LINE
8
BLACK
6
CONTINUOUS
10
77.6549349999999947
20
-148.1300980000000038
11
77.6165069999999986
21
-148.1470060000000046
0
LINE
8
BLACK
6
CONTINUOUS
10
77.6165069999999986
20
-148.1470060000000046
11
77.5745339999999999
21
-148.1479229999999916
0
LINE
8
BLACK
6
CONTINUOUS
10
77.5745339999999999
20
-148.1479229999999916
11
77.5354049999999972
21
-148.1327059999999847
0
LINE
8
BLACK
6
CONTINUOUS
10
77.5354049999999972
20
-148.1327059999999847
11
77.505077
21
-148.1036739999999838
0
LINE
8
BLACK
6
CONTINUOUS
10
77.505077
20
-148.1036739999999838
11
77.3527359999999931
21
-147.8861069999999813
0
LINE
8
BLACK
6
CONTINUOUS
10
77.3527359999999931
20
-147.8861069999999813
11
77.3358269999999948
21
-147.8476789999999994
0
LINE
8
BLACK
6
CONTINUOUS
10
77.3358269999999948
20
-147.8476789999999994
11
77.3349109999999911
21
-147.8057059999999865
0
LINE
8
BLACK
6
CONTINUOUS
10
77.3349109999999911
20
-147.8057059999999865
11
77.3501270000000005
21
-147.7665779999999813
0
LINE
8
BLACK
6
CONTINUOUS
10
77.3501270000000005
20
-147.7665779999999813
11
77.3791590000000014
21
-147.7362499999999841
0
LINE
8
BLACK
6
CONTINUOUS
10
77.3791590000000014
20
-147.7362499999999841
11
77.5554410000000018
21
-147.6128159999999809
0
LINE
8
BLACK
6
CONTINUOUS
10
77.5554410000000018
20
-147.6128159999999809
11
77.593868999999998
21
-147.5959079999999801
0
LINE
8
BLACK
6
CONTINUOUS
10
77.593868999999998
20
-147.5959079999999801
11
77.6358419999999967
21
-147.5949909999999932
0
LINE
8
BLACK
6
CONTINUOUS
10
77.6358419999999967
20
-147.5949909999999932
11
77.6749709999999993
21
-147.6102080000000001
0
LINE
8
BLACK
6
CONTINUOUS
10
80.5577380000000005
20
-147.6764049999999884
11
80.4148929999999922
21
-147.9827379999999835
0
LINE
8
BLACK
6
CONTINUOUS
10
80.4148929999999922
20
-147.9827379999999835
11
80.1085599999999971
21
-147.8398929999999893
0
LINE
8
BLACK
6
CONTINUOUS
10
80.1085599999999971
20
-147.8398929999999893
11
80.2514049999999912
21
-147.5335599999999943
0
LINE
8
BLACK
6
CONTINUOUS
10
80.2514049999999912
20
-147.5335599999999943
11
80.5577380000000005
21
-147.6764049999999884
0
LINE
8
BLACK
6
CONTINUOUS
10
50.708126
20
-147.1191340000000025
11
50.7465539999999962
21
-147.1360420000000033
0
LINE
8
BLACK
6
CONTINUOUS
10
50.7465539999999962
20
-147.1360420000000033
11
50.9228359999999967
21
-147.2594760000000065
0
LINE
8
BLACK
6
CONTINUOUS
10
50.9228359999999967
20
-147.2594760000000065
11
50.9518679999999975
21
-147.2898040000000037
0
LINE
8
BLACK
6
CONTINUOUS
10
50.9518679999999975
20
-147.2898040000000037
11
50.9670839999999998
21
-147.3289319999999805
0
LINE
8
BLACK
6
CONTINUOUS
10
50.9670839999999998
20
-147.3289319999999805
11
50.9661679999999961
21
-147.3709049999999934
0
LINE
8
BLACK
6
CONTINUOUS
10
50.9661679999999961
20
-147.3709049999999934
11
50.9492589999999979
21
-147.4093330000000037
0
LINE
8
BLACK
6
CONTINUOUS
10
50.9492589999999979
20
-147.4093330000000037
11
50.796917999999998
21
-147.6269000000000062
0
LINE
8
BLACK
6
CONTINUOUS
10
50.796917999999998
20
-147.6269000000000062
11
50.7665900000000008
21
-147.6559320000000071
0
LINE
8
BLACK
6
CONTINUOUS
10
50.7665900000000008
20
-147.6559320000000071
11
50.7274609999999981
21
-147.6711489999999856
0
LINE
8
BLACK
6
CONTINUOUS
10
50.7274609999999981
20
-147.6711489999999856
11
50.6854879999999994
21
-147.6702319999999986
0
LINE
8
BLACK
6
CONTINUOUS
10
50.6854879999999994
20
-147.6702319999999986
11
50.6470599999999962
21
-147.6533239999999978
0
LINE
8
BLACK
6
CONTINUOUS
10
50.6470599999999962
20
-147.6533239999999978
11
50.4707779999999957
21
-147.5298899999999946
0
LINE
8
BLACK
6
CONTINUOUS
10
50.4707779999999957
20
-147.5298899999999946
11
50.4417459999999949
21
-147.4995619999999974
0
LINE
8
BLACK
6
CONTINUOUS
10
50.4417459999999949
20
-147.4995619999999974
11
50.4265299999999996
21
-147.4604339999999922
0
LINE
8
BLACK
6
CONTINUOUS
10
50.4265299999999996
20
-147.4604339999999922
11
50.4274459999999962
21
-147.4184609999999793
0
LINE
8
BLACK
6
CONTINUOUS
10
50.4274459999999962
20
-147.4184609999999793
11
50.4443549999999945
21
-147.3800329999999974
0
LINE
8
BLACK
6
CONTINUOUS
10
50.4443549999999945
20
-147.3800329999999974
11
50.5966959999999943
21
-147.1624659999999949
0
LINE
8
BLACK
6
CONTINUOUS
10
50.5966959999999943
20
-147.1624659999999949
11
50.6270239999999987
21
-147.1334339999999941
0
LINE
8
BLACK
6
CONTINUOUS
10
50.6270239999999987
20
-147.1334339999999941
11
50.6661529999999942
21
-147.1182169999999871
0
LINE
8
BLACK
6
CONTINUOUS
10
50.6661529999999942
20
-147.1182169999999871
11
50.708126
21
-147.1191340000000025
0
LINE
8
BLACK
6
CONTINUOUS
10
79.7964399999999898
20
-147.3214049999999986
11
79.6535949999999957
21
-147.6277379999999937
0
LINE
8
BLACK
6
CONTINUOUS
10
79.6535949999999957
20
-147.6277379999999937
11
79.3472620000000006
21
-147.4848929999999996
0
LINE
8
BLACK
6
CONTINUOUS
10
79.3472620000000006
20
-147.4848929999999996
11
79.4901069999999947
21
-147.1785600000000045
0
LINE
8
BLACK
6
CONTINUOUS
10
79.4901069999999947
20
-147.1785600000000045
11
79.7964399999999898
21
-147.3214049999999986
0
LINE
8
BLACK
6
CONTINUOUS
10
78.4613569999999925
20
-147.0595739999999978
11
78.4916849999999897
21
-147.0886059999999986
0
LINE
8
BLACK
6
CONTINUOUS
10
78.4916849999999897
20
-147.0886059999999986
11
78.6440259999999967
21
-147.3061730000000011
0
LINE
8
BLACK
6
CONTINUOUS
10
78.6440259999999967
20
-147.3061730000000011
11
78.6609349999999949
21
-147.3446009999999831
0
LINE
8
BLACK
6
CONTINUOUS
10
78.6609349999999949
20
-147.3446009999999831
11
78.6618509999999986
21
-147.386573999999996
0
LINE
8
BLACK
6
CONTINUOUS
10
78.6618509999999986
20
-147.386573999999996
11
78.6466350000000034
21
-147.4257020000000011
0
LINE
8
BLACK
6
CONTINUOUS
10
78.6466350000000034
20
-147.4257020000000011
11
78.6176030000000026
21
-147.4560299999999984
0
LINE
8
BLACK
6
CONTINUOUS
10
78.6176030000000026
20
-147.4560299999999984
11
78.4413210000000021
21
-147.5794640000000015
0
LINE
8
BLACK
6
CONTINUOUS
10
78.4413210000000021
20
-147.5794640000000015
11
78.4028929999999917
21
-147.5963720000000023
0
LINE
8
BLACK
6
CONTINUOUS
10
78.4028929999999917
20
-147.5963720000000023
11
78.360919999999993
21
-147.5972889999999893
0
LINE
8
BLACK
6
CONTINUOUS
10
78.360919999999993
20
-147.5972889999999893
11
78.3217909999999904
21
-147.5820719999999824
0
LINE
8
BLACK
6
CONTINUOUS
10
78.3217909999999904
20
-147.5820719999999824
11
78.2914629999999931
21
-147.5530399999999815
0
LINE
8
BLACK
6
CONTINUOUS
10
78.2914629999999931
20
-147.5530399999999815
11
78.1391220000000004
21
-147.3354730000000075
0
LINE
8
BLACK
6
CONTINUOUS
10
78.1391220000000004
20
-147.3354730000000075
11
78.1222130000000021
21
-147.2970449999999971
0
LINE
8
BLACK
6
CONTINUOUS
10
78.1222130000000021
20
-147.2970449999999971
11
78.1212969999999984
21
-147.2550719999999842
0
LINE
8
BLACK
6
CONTINUOUS
10
78.1212969999999984
20
-147.2550719999999842
11
78.1365129999999937
21
-147.2159440000000075
0
LINE
8
BLACK
6
CONTINUOUS
10
78.1365129999999937
20
-147.2159440000000075
11
78.1655449999999945
21
-147.1856159999999818
0
LINE
8
BLACK
6
CONTINUOUS
10
78.1655449999999945
20
-147.1856159999999818
11
78.341826999999995
21
-147.0621820000000071
0
LINE
8
BLACK
6
CONTINUOUS
10
78.341826999999995
20
-147.0621820000000071
11
78.3802549999999911
21
-147.0452740000000063
0
LINE
8
BLACK
6
CONTINUOUS
10
78.3802549999999911
20
-147.0452740000000063
11
78.4222279999999898
21
-147.0443569999999909
0
LINE
8
BLACK
6
CONTINUOUS
10
78.4222279999999898
20
-147.0443569999999909
11
78.4613569999999925
21
-147.0595739999999978
0
LINE
8
BLACK
6
CONTINUOUS
10
48.6632919999999984
20
-147.2541459999999915
11
48.3569589999999963
21
-147.3969909999999857
0
LINE
8
BLACK
6
CONTINUOUS
10
48.3569589999999963
20
-147.3969909999999857
11
48.214113999999995
21
-147.0906579999999906
0
LINE
8
BLACK
6
CONTINUOUS
10
48.214113999999995
20
-147.0906579999999906
11
48.5204469999999972
21
-146.9478129999999965
0
LINE
8
BLACK
6
CONTINUOUS
10
48.5204469999999972
20
-146.9478129999999965
11
48.6632919999999984
21
-147.2541459999999915
0
LINE
8
BLACK
6
CONTINUOUS
10
80.9127379999999903
20
-146.9151070000000061
11
80.7698929999999962
21
-147.2214400000000012
0
LINE
8
BLACK
6
CONTINUOUS
10
80.7698929999999962
20
-147.2214400000000012
11
80.4635600000000011
21
-147.0785950000000071
0
LINE
8
BLACK
6
CONTINUOUS
10
80.4635600000000011
20
-147.0785950000000071
11
80.6064049999999952
21
-146.7722619999999836
0
LINE
8
BLACK
6
CONTINUOUS
10
80.6064049999999952
20
-146.7722619999999836
11
80.9127379999999903
21
-146.9151070000000061
0
LINE
8
BLACK
6
CONTINUOUS
10
49.4245909999999995
20
-146.8991469999999993
11
49.1182579999999973
21
-147.0419919999999934
0
LINE
8
BLACK
6
CONTINUOUS
10
49.1182579999999973
20
-147.0419919999999934
11
48.9754129999999961
21
-146.7356589999999983
0
LINE
8
BLACK
6
CONTINUOUS
10
48.9754129999999961
20
-146.7356589999999983
11
49.2817459999999983
21
-146.5928140000000042
0
LINE
8
BLACK
6
CONTINUOUS
10
49.2817459999999983
20
-146.5928140000000042
11
49.4245909999999995
21
-146.8991469999999993
  0
ENDSEC
  0
EOF
